# audit_status: compromised — ch2 clipped 27.2% (>= 25.0%); ch3 clipped 36.9% (>= 25.0%)
# profile: max-debug
# arm: right
# session: 2026-08-12_2028
# probe: waving arm around gently, pretending to use band as a cursor
# started: 2026-08-12T20:33:24
# duration_s: 29.829
# sample_rate_hz: 840
# sample_rate_source: measured
# placement: right forearm; 235mm from elbow; rotated 0 deg
# placement_distance_mm: 235
# placement_rotation_deg: 0
# placement_convention_version: 1
# anatomy_source: MEASURED
# filters: none
# kind: distractor
# profile_type: debug
# n_samples: 25056
# channels: ch1=ulnar, ch2=median, ch3=radial
# value_range: -1..+1 (raw SNC as delivered by the Mudra host)
# timestamp: milliseconds since the start of this probe
# recorded_utc: 2026-08-13T03:33:24.989Z
# extra.protocol: distractor
# extra.extra_measured_rate_hz: 846.5
# schema: armband/probe/2
timestamp,ch1,ch2,ch3
0,0.07199,0.51300,0.62238
1,0.00058,0.44370,0.52014
2,-0.06699,0.34833,0.35785
3,-0.12766,0.25229,0.21747
4,-0.16980,0.19867,0.16226
5,-0.18088,0.21072,0.20975
7,-0.16467,0.27295,0.32184
8,-0.14618,0.34836,0.41748
9,-0.15402,0.41254,0.41312
10,-0.19351,0.46942,0.27490
11,-0.23599,0.53680,0.04532
13,-0.23782,0.61896,-0.18539
14,-0.17593,0.69412,-0.34787
15,-0.07037,0.72595,-0.44669
16,0.02658,0.68500,-0.54880
17,0.06735,0.56183,-0.71561
19,0.04230,0.36740,-0.94135
20,-0.01715,0.12973,-1.00000
21,-0.06662,-0.10867,-1.00000
22,-0.08264,-0.30106,-1.00000
23,-0.07477,-0.42200,-1.00000
25,-0.06931,-0.49414,-1.00000
26,-0.08304,-0.58279,-1.00000
27,-0.11111,-0.74100,-1.00000
28,-0.13596,-0.93979,-1.00000
29,-0.14478,-1.00000,-0.90976
30,-0.13873,-0.94824,-0.63599
32,-0.12805,-0.60052,-0.46301
33,-0.12216,-0.16873,-0.38132
34,-0.12454,0.09641,-0.28021
35,-0.13458,0.02979,-0.04822
36,-0.15033,-0.32239,0.31653
38,-0.16742,-0.74286,0.68756
39,-0.17596,-1.00000,0.90295
40,-0.16150,-1.00000,0.89035
41,-0.11368,-1.00000,0.72113
42,-0.03769,-1.00000,0.55695
44,0.04160,-1.00000,0.53821
45,0.09085,-1.00000,0.69638
46,0.09048,-1.00000,0.94092
47,0.05164,-0.95551,0.99997
48,0.01102,-0.69897,0.99997
50,0.00375,-0.42181,0.91034
51,0.03418,-0.21170,0.65036
52,0.07065,-0.14102,0.50925
53,0.07074,-0.23410,0.57736
54,0.01721,-0.42755,0.76160
55,-0.06631,-0.57462,0.83405
57,-0.13254,-0.53702,0.60883
58,-0.14642,-0.31805,0.10611
59,-0.11041,-0.11224,-0.44556
60,-0.06046,-0.18842,-0.78085
61,-0.03833,-0.67496,-0.79361
63,-0.06177,-1.00000,-0.58585
64,-0.11319,-1.00000,-0.34137
65,-0.15421,-1.00000,-0.15997
66,-0.15576,-1.00000,-0.00851
67,-0.12234,-1.00000,0.18790
69,-0.09079,-1.00000,0.43210
70,-0.10080,-1.00000,0.63953
71,-0.15927,-1.00000,0.72440
72,-0.22964,-0.90686,0.68326
73,-0.25949,-0.71222,0.58951
75,-0.22519,-0.57153,0.51614
76,-0.15372,-0.41971,0.47559
77,-0.09976,-0.12433,0.43277
78,-0.09805,0.39084,0.36060
79,-0.13474,0.99997,0.26895
80,-0.16339,0.99997,0.18127
82,-0.14868,0.99997,0.09952
83,-0.09595,0.99997,0.00677
84,-0.04257,0.99997,-0.09592
85,-0.02362,0.88446,-0.16873
86,-0.04437,0.71698,-0.16226
88,-0.07928,0.68710,-0.07117
89,-0.09009,0.68176,0.04715
90,-0.04666,0.62085,0.11368
91,0.05783,0.51453,0.09119
92,0.19803,0.42676,0.01004
94,0.31897,0.39597,-0.06506
95,0.35950,0.38959,-0.09076
96,0.29208,0.32877,-0.07123
97,0.15149,0.15738,-0.03891
98,0.02094,-0.10498,-0.01843
100,-0.02313,-0.37024,-0.00940
101,0.03323,-0.54303,0.00275
102,0.13318,-0.58536,0.02722
103,0.19611,-0.53403,0.05991
104,0.17877,-0.46024,0.09018
105,0.09927,-0.41083,0.11069
107,0.01007,-0.38031,0.12167
108,-0.04755,-0.33252,0.12891
109,-0.06610,-0.24493,0.13947
110,-0.06097,-0.13516,0.15704
111,-0.04681,-0.04935,0.17828
113,-0.02747,-0.02588,0.19247
114,-0.00308,-0.06485,0.18768
115,0.02106,-0.12534,0.16000
116,0.03613,-0.15146,0.11801
117,0.03784,-0.10898,0.07733
119,0.03046,-0.00647,0.04822
120,0.02176,0.11389,0.02795
121,0.01550,0.20908,0.00549
122,0.00897,0.26450,-0.02451
123,-0.00290,0.29645,-0.05185
125,-0.02182,0.32758,-0.05585
126,-0.04346,0.36124,-0.02295
127,-0.05872,0.38007,0.03809
128,-0.05777,0.36737,0.09851
129,-0.03519,0.32697,0.12952
130,0.00586,0.28021,0.12354
132,0.05280,0.24551,0.09784
133,0.08786,0.22278,0.07736
134,0.09579,0.19836,0.07257
135,0.07071,0.16214,0.07361
136,0.01904,0.11679,0.06516
138,-0.04236,0.07257,0.04575
139,-0.09299,0.03638,0.03101
140,-0.11707,0.00873,0.03790
141,-0.11084,-0.01154,0.06686
142,-0.08371,-0.02380,0.10156
144,-0.05090,-0.02850,0.12515
145,-0.02271,-0.03049,0.13452
146,0.00079,-0.03549,0.13760
147,0.02484,-0.04312,0.13922
148,0.04968,-0.04538,0.13419
150,0.06656,-0.03555,0.11722
151,0.06546,-0.01819,0.09650
152,0.04767,-0.00800,0.09189
153,0.02853,-0.01669,0.11618
154,0.02609,-0.04004,0.15866
155,0.04398,-0.05838,0.19089
157,0.06610,-0.05139,0.19070
158,0.06924,-0.01480,0.16159
159,0.04382,0.03491,0.12860
160,0.00369,0.07108,0.11676
161,-0.02469,0.07486,0.13284
163,-0.02490,0.04843,0.16452
164,-0.00470,0.01443,0.19229
165,0.01135,0.00183,0.20111
166,0.00400,0.02655,0.18460
167,-0.02435,0.07980,0.14529
169,-0.05417,0.13312,0.09341
170,-0.06934,0.15714,0.04291
171,-0.07236,0.14041,0.00323
172,-0.07892,0.09442,-0.02661
173,-0.09653,0.04205,-0.05405
175,-0.11111,0.00125,-0.08020
176,-0.09680,-0.02353,-0.09341
177,-0.04266,-0.03741,-0.08005
178,0.02945,-0.04660,-0.04587
179,0.07581,-0.05438,-0.02332
180,0.06378,-0.06296,-0.04919
182,-0.00015,-0.07605,-0.12683
183,-0.07227,-0.09750,-0.20972
184,-0.10281,-0.12671,-0.23077
185,-0.07181,-0.15561,-0.15884
186,-0.00150,-0.17114,-0.03137
188,0.06244,-0.16156,0.07245
189,0.08420,-0.12289,0.10013
190,0.05945,-0.06192,0.07382
191,0.01147,0.00653,0.07251
192,-0.03137,0.06662,0.16293
194,-0.05621,0.10822,0.34247
195,-0.06903,0.12848,0.54175
196,-0.08237,0.12790,0.67664
197,-0.10077,0.10587,0.69858
198,-0.11844,0.06247,0.60895
200,-0.12909,0.00528,0.44678
201,-0.13641,-0.04688,0.27560
202,-0.15186,-0.07156,0.17035
203,-0.18097,-0.05798,0.18613
204,-0.21100,-0.01678,0.31137
205,-0.21539,0.02582,0.44876
207,-0.17468,0.04614,0.46497
208,-0.09622,0.03772,0.28799
209,-0.01349,0.01038,-0.02817
210,0.03812,-0.02249,-0.33585
211,0.04965,-0.05530,-0.50171
213,0.04584,-0.08939,-0.49802
214,0.06232,-0.12329,-0.40335
215,0.11133,-0.14746,-0.32391
216,0.16599,-0.15009,-0.31308
217,0.17950,-0.12909,-0.35144
219,0.12497,-0.09628,-0.38580
220,0.02216,-0.06741,-0.37943
221,-0.07339,-0.04654,-0.33356
222,-0.11118,-0.02151,-0.27625
223,-0.08289,0.02176,-0.23523
225,-0.02493,0.07773,-0.21512
226,0.01404,0.11441,-0.19376
227,0.01123,0.09393,-0.14685
228,-0.01791,0.00616,-0.08972
229,-0.03979,-0.11337,-0.09866
230,-0.03333,-0.20169,-0.27460
232,-0.00421,-0.21118,-0.66083
233,0.02478,-0.14337,-1.00000
234,0.03494,-0.04575,-1.00000
235,0.02438,0.02600,-1.00000
236,0.00531,0.04852,-1.00000
238,-0.00839,0.04144,-1.00000
239,-0.01138,0.04224,-1.00000
240,-0.00815,0.06897,-1.00000
241,-0.00595,0.10416,-1.00000
242,-0.00531,0.11255,-1.00000
244,0.00302,0.07617,-0.44446
245,0.03061,0.01407,0.31931
246,0.07742,-0.03119,0.68393
247,0.12485,-0.02905,0.56625
248,0.14520,0.01282,0.13632
250,0.12369,0.05502,-0.31842
251,0.07394,0.05899,-0.58398
252,0.03143,0.01721,-0.62094
253,0.02704,-0.04373,-0.52521
254,0.06314,-0.08655,-0.41498
255,0.11365,-0.09018,-0.34479
257,0.14743,-0.05878,-0.29672
258,0.15396,-0.01031,-0.22824
259,0.14774,0.03928,-0.12250
260,0.14951,0.08218,-0.00552
261,0.16351,0.11340,0.07297
263,0.17252,0.12451,0.07410
264,0.15521,0.10641,-0.00351
265,0.10797,0.05933,-0.12158
266,0.05081,0.00046,-0.22375
267,0.01193,-0.04068,-0.26666
269,0.00500,-0.04031,-0.23990
270,0.01892,0.00113,-0.16431
271,0.02808,0.05539,-0.07599
272,0.01288,0.08478,-0.00980
273,-0.02606,0.07050,0.01035
275,-0.06958,0.02747,-0.02008
276,-0.09424,-0.00793,-0.07822
277,-0.08792,-0.00833,-0.11874
278,-0.05731,0.02374,-0.10352
279,-0.02368,0.06277,-0.04041
280,-0.00986,0.08749,0.01184
282,-0.02585,0.10025,-0.00381
283,-0.06232,0.11926,-0.07214
284,-0.09720,0.15323,-0.09909
285,-0.11246,0.18625,-0.00415
286,-0.10733,0.18973,0.16489
288,-0.09653,0.14938,0.22739
289,-0.09409,0.08044,0.02100
290,-0.09814,0.01608,-0.41302
291,-0.09250,-0.01889,-0.80316
292,-0.06488,-0.02469,-0.84280
294,-0.02383,-0.02124,-0.45068
295,0.00449,-0.02911,0.14490
296,-0.00067,-0.05438,0.58563
297,-0.03268,-0.08707,0.66504
298,-0.05872,-0.11050,0.45871
300,-0.04599,-0.11353,0.20639
301,0.00931,-0.09784,0.08466
302,0.07581,-0.07590,0.09067
303,0.11057,-0.05991,0.11545
304,0.09235,-0.04999,0.09280
305,0.03735,-0.03436,0.06079
307,-0.01532,-0.00491,0.09360
308,-0.03476,0.02716,0.20123
309,-0.01950,0.03677,0.31018
310,0.00751,0.01419,0.33530
311,0.02200,-0.00983,0.25922
313,0.01755,0.02298,0.14279
314,0.00455,0.14801,0.06778
315,-0.00604,0.33353,0.07550
316,-0.01544,0.48935,0.15094
317,-0.03348,0.53024,0.24927
319,-0.06375,0.44052,0.32880
320,-0.09506,0.28336,0.36539
321,-0.10941,0.14819,0.35269
322,-0.09851,0.08524,0.30157
323,-0.07224,0.08203,0.24002
325,-0.04929,0.09286,0.20328
326,-0.04019,0.08398,0.21210
327,-0.03912,0.05396,0.25391
328,-0.03162,0.02090,0.28622
329,-0.00928,0.00052,0.26453
330,0.02417,-0.00299,0.17499
332,0.05960,0.00821,0.04691
333,0.09219,0.03073,-0.06335
334,0.12231,0.05740,-0.10327
335,0.14810,0.07391,-0.05072
336,0.16077,0.06451,0.07471
338,0.15112,0.02435,0.21680
339,0.12207,-0.03256,0.30396
340,0.09158,-0.08041,0.28610
341,0.07968,-0.09885,0.17401
342,0.08972,-0.08752,0.05154
344,0.10217,-0.06659,0.03568
345,0.08932,-0.06326,0.19632
346,0.03854,-0.09390,0.49222
347,-0.03711,-0.15405,0.78268
348,-0.11087,-0.22189,0.91873
350,-0.16541,-0.27222,0.84702
351,-0.20413,-0.29099,0.64081
352,-0.23956,-0.28030,0.43225
353,-0.27112,-0.25140,0.30533
354,-0.27600,-0.21286,0.24258
355,-0.22614,-0.16519,0.16544
357,-0.11746,-0.10629,0.02258
358,0.01663,-0.04077,-0.15781
359,0.12323,0.01721,-0.29486
360,0.16614,0.05209,-0.32733
361,0.14966,0.05862,-0.26193
363,0.11035,0.04602,-0.15918
364,0.08469,0.03168,-0.07944
365,0.08188,0.03012,-0.04254
366,0.08340,0.04538,-0.03116
367,0.06586,0.06970,-0.02301
369,0.02374,0.08728,-0.01575
370,-0.02676,0.08163,-0.02533
371,-0.06375,0.04605,-0.06787
372,-0.07663,-0.00839,-0.14542
373,-0.07031,-0.05521,-0.24365
375,-0.05573,-0.06964,-0.33597
376,-0.04050,-0.04913,-0.38818
377,-0.02893,-0.01801,-0.36792
378,-0.02774,-0.00806,-0.26147
379,-0.04651,-0.02988,-0.08878
380,-0.08823,-0.06226,0.09982
382,-0.14005,-0.07251,0.25034
383,-0.17688,-0.05038,0.33713
384,-0.17859,-0.02206,0.37500
385,-0.14493,-0.02789,0.40103
386,-0.09445,-0.08264,0.44327
388,-0.04782,-0.15588,0.50238
389,-0.01288,-0.19351,0.55774
390,0.01410,-0.16269,0.58719
391,0.03513,-0.08066,0.58118
392,0.04102,-0.00116,0.54248
394,0.01822,0.02875,0.47827
395,-0.03476,0.00427,0.39557
396,-0.09747,-0.03860,0.30276
397,-0.13562,-0.05713,0.21158
398,-0.12192,-0.03635,0.13306
400,-0.05515,0.00504,0.07013
401,0.03705,0.03754,0.01453
402,0.11316,0.04868,-0.04565
403,0.14209,0.04996,-0.11328
404,0.12125,0.06082,-0.17581
405,0.07559,0.08786,-0.21313
407,0.03809,0.12079,-0.21301
408,0.02567,0.14691,-0.18115
409,0.03110,0.16794,-0.13641
410,0.03638,0.20053,-0.09576
411,0.03412,0.25928,-0.06192
413,0.03323,0.33780,-0.02280
414,0.04340,0.40659,0.03754
415,0.05643,0.43121,0.12363
416,0.04898,0.39627,0.21725
417,0.00806,0.31604,0.28015
419,-0.04846,0.22421,0.27637
420,-0.08099,0.15189,0.20673
421,-0.06342,0.11099,0.12711
422,-0.00818,0.09271,0.12119
423,0.04456,0.07785,0.23404
425,0.06381,0.05029,0.41891
426,0.05283,0.00775,0.55762
427,0.03818,-0.03223,0.55322
428,0.03827,-0.03384,0.41467
429,0.04697,0.04095,0.24530
430,0.04883,0.20236,0.13760
432,0.04456,0.40659,0.08328
433,0.05493,0.56287,0.00708
434,0.09509,0.58463,-0.09726
435,0.14874,0.45499,-0.07977
436,0.17380,0.25018,0.27313
438,0.13998,0.08926,0.99997
439,0.06284,0.04358,0.99997
440,-0.00223,0.08365,0.99997
441,-0.00525,0.11316,0.99997
442,0.05380,0.05930,0.99997
444,0.12378,-0.06528,0.52176
445,0.14740,-0.18201,-0.29465
446,0.11084,-0.21909,-0.65460
447,0.05103,-0.16220,-0.63910
448,0.01474,-0.04742,-0.50296
450,0.01096,0.07309,-0.44080
451,0.00476,0.14877,-0.47293
452,-0.04123,0.13504,-0.50751
453,-0.12177,0.01944,-0.47321
454,-0.18811,-0.13773,-0.38577
455,-0.19360,-0.21530,-0.31042
457,-0.14062,-0.13287,-0.28787
458,-0.08093,0.03705,-0.30609
459,-0.06940,0.09305,-0.33151
460,-0.11566,-0.09277,-0.35056
461,-0.17776,-0.35843,-0.37335
463,-0.19928,-0.26523,-0.40433
464,-0.15167,0.59479,-0.41983
465,-0.04599,0.99997,-0.38135
466,0.08771,0.99997,-0.27051
467,0.22607,0.99997,-0.10931
469,0.35757,0.99997,0.05386
470,0.46945,0.99997,0.17737
471,0.53693,0.99997,0.24677
472,0.53186,0.99997,0.26889
473,0.44543,0.25851,0.25516
475,0.30392,-1.00000,0.21725
476,0.16046,-1.00000,0.17609
477,0.06473,-1.00000,0.16214
478,0.03259,-1.00000,0.19141
479,0.03857,-1.00000,0.23703
480,0.03851,-1.00000,0.23807
482,0.00464,-1.00000,0.15671
483,-0.05466,-1.00000,0.03256
484,-0.10556,-1.00000,-0.03717
485,-0.12036,-1.00000,0.00281
486,-0.10089,-1.00000,0.08221
488,-0.07458,-0.87439,0.04996
489,-0.06815,-0.36057,-0.15665
490,-0.08444,-0.35800,-0.37604
491,-0.10312,-0.60571,-0.29230
492,-0.10199,-0.79724,0.29709
494,-0.07816,-0.81168,0.99997
495,-0.04938,-0.73401,0.99997
496,-0.03754,-0.69846,0.99997
497,-0.05127,-0.73633,0.99997
498,-0.08249,-0.76755,0.99997
500,-0.11600,-0.71252,0.47678
501,-0.13953,-0.58957,0.23816
502,-0.14639,-0.49713,0.30795
503,-0.13388,-0.50702,0.39032
504,-0.10461,-0.58188,0.28104
505,-0.06976,-0.60159,0.01617
507,-0.04562,-0.47626,-0.21933
508,-0.04080,-0.24039,-0.29126
509,-0.04498,-0.03836,-0.22479
510,-0.03510,-0.00916,-0.14691
511,0.00232,-0.16830,-0.15274
513,0.05316,-0.39124,-0.23300
514,0.08417,-0.51447,-0.31256
515,0.07349,-0.46738,-0.33771
516,0.03415,-0.32123,-0.32016
517,0.00458,-0.21515,-0.30685
519,0.01266,-0.23001,-0.32172
520,0.04822,-0.32596,-0.34290
521,0.07227,-0.39673,-0.33221
522,0.05469,-0.37988,-0.27747
523,0.00327,-0.30731,-0.20071
525,-0.04321,-0.24515,-0.12781
526,-0.05002,-0.19409,-0.05820
527,-0.01544,-0.07440,0.02814
528,0.03149,0.16885,0.13406
529,0.05814,0.45374,0.22330
530,0.05267,0.59622,0.24365
532,0.02664,0.49863,0.17664
533,-0.00052,0.29810,0.06171
534,-0.01675,0.26352,-0.03287
535,-0.02090,0.47833,-0.06693
536,-0.01791,0.63089,-0.05734
538,-0.01407,0.21573,-0.05246
539,-0.01532,-0.94226,-0.07913
540,-0.02499,-1.00000,-0.11627
541,-0.03992,-1.00000,-0.11877
542,-0.05002,-1.00000,-0.06577
544,-0.04526,-1.00000,0.01630
545,-0.02499,0.22513,0.07715
546,-0.00034,0.33725,0.08881
547,0.01559,-0.63138,0.06760
548,0.01993,-1.00000,0.05148
550,0.02271,-1.00000,0.05630
551,0.03555,-0.40131,0.05643
552,0.05869,0.99997,0.01227
553,0.07941,0.99997,-0.08163
554,0.08478,0.99997,-0.17871
555,0.07471,0.99997,-0.21805
557,0.06232,0.99997,-0.18512
558,0.06140,0.99997,-0.13266
559,0.07468,0.99997,-0.13159
560,0.09351,0.99997,-0.19208
561,0.10751,0.99997,-0.23380
563,0.11160,0.99997,-0.14572
564,0.10400,0.99997,0.11075
565,0.08078,0.99997,0.44907
566,0.03735,0.99997,0.70831
567,-0.02133,0.91080,0.76550
569,-0.07428,0.72055,0.61328
570,-0.09268,0.47937,0.34506
571,-0.06107,0.26886,0.07642
572,0.00742,0.14053,-0.12088
573,0.07635,0.09549,-0.22806
575,0.11038,0.10345,-0.25305
576,0.09930,0.12720,-0.21091
577,0.06219,0.13699,-0.12341
578,0.02951,0.11664,-0.01727
579,0.01923,0.06528,0.08780
580,0.02582,-0.00531,0.18192
582,0.02927,-0.07645,0.24655
583,0.01407,-0.12808,0.24374
584,-0.01746,-0.14392,0.15045
585,-0.04831,-0.12051,0.02173
586,-0.06189,-0.07538,0.00543
588,-0.05588,-0.03946,0.25635
589,-0.04291,-0.02927,0.80234
590,-0.03714,-0.02075,0.99997
591,-0.03876,0.03836,0.99997
592,-0.03122,0.17200,0.99997
594,0.00488,0.32242,0.99997
595,0.07245,0.36539,0.99997
596,0.15002,0.20157,0.12943
597,0.20322,-0.15118,-1.00000
598,0.20660,-0.55927,-1.00000
600,0.15903,-0.88068,-1.00000
601,0.08218,-1.00000,-1.00000
602,0.00623,-1.00000,-1.00000
603,-0.04645,-1.00000,-1.00000
604,-0.06949,-1.00000,-1.00000
605,-0.07166,-1.00000,-1.00000
607,-0.07007,-1.00000,-1.00000
608,-0.07996,-1.00000,-1.00000
609,-0.10522,-1.00000,-1.00000
610,-0.13458,-1.00000,-0.22720
611,-0.14832,-1.00000,0.44336
613,-0.13300,-1.00000,0.65201
614,-0.09296,-1.00000,0.38840
615,-0.04871,-0.45435,-0.10403
616,-0.02252,0.21994,-0.51816
617,-0.02289,0.36295,-0.67288
619,-0.04025,-0.02570,-0.58044
620,-0.05585,-0.65170,-0.37650
621,-0.05475,-1.00000,-0.19604
622,-0.03397,-1.00000,-0.09668
623,-0.00229,-1.00000,-0.06577
625,0.02512,-1.00000,-0.06766
626,0.03497,-1.00000,-0.06995
627,0.02377,-1.00000,-0.03909
628,0.00165,-1.00000,0.05499
629,-0.01288,-1.00000,0.20511
630,-0.00613,-1.00000,0.34241
632,0.01920,-0.17154,0.37564
633,0.04474,0.67099,0.28360
634,0.05060,0.99997,0.17261
635,0.03143,0.87909,0.22284
636,0.00003,0.30414,0.54736
638,-0.02374,-0.26016,0.99997
639,-0.02878,-0.44855,0.99997
640,-0.01953,-0.13794,0.99997
641,-0.00952,0.50528,0.99997
642,-0.00897,0.99997,0.99997
644,-0.01709,0.99997,0.99997
645,-0.02481,0.99997,0.60153
646,-0.02420,0.99997,0.26044
647,-0.01703,0.99997,-0.00671
648,-0.01505,0.99997,-0.23901
650,-0.03101,0.99997,-0.46713
651,-0.06702,0.99997,-0.70770
652,-0.10880,0.90952,-0.96265
653,-0.13229,0.34378,-1.00000
654,-0.11938,-0.16135,-1.00000
655,-0.07153,-0.39487,-1.00000
657,-0.01108,-0.33282,-1.00000
658,0.03207,-0.13354,-0.67599
659,0.03842,0.00357,-0.29153
660,0.00952,-0.01843,-0.11569
661,-0.03555,-0.15985,-0.22372
663,-0.07327,-0.31494,-0.53024
664,-0.08859,-0.40082,-0.85117
665,-0.07925,-0.39133,-1.00000
666,-0.05206,-0.29645,-0.98965
667,-0.01642,-0.13419,-0.80661
669,0.02002,0.07217,-0.58707
670,0.05200,0.27805,-0.42999
671,0.07611,0.41138,-0.36423
672,0.09036,0.39810,-0.32745
673,0.09406,0.21411,-0.20105
675,0.08667,-0.06900,0.09818
676,0.06699,-0.28848,0.52328
677,0.03448,-0.26730,0.88947
678,-0.00681,0.07150,0.98746
679,-0.04605,0.63382,0.73959
680,-0.06949,0.99997,0.26154
682,-0.06967,0.99997,-0.22653
683,-0.05331,0.99997,-0.55093
684,-0.03894,0.99997,-0.65701
685,-0.04324,0.41174,-0.56143
686,-0.06641,-0.34271,-0.28088
688,-0.08871,-1.00000,0.15628
689,-0.08383,-1.00000,0.63757
690,-0.03809,-1.00000,0.96136
691,0.03934,-1.00000,0.96609
692,0.12247,-1.00000,0.68765
694,0.18546,-1.00000,0.36118
695,0.21573,-1.00000,0.22131
696,0.21530,-1.00000,0.27957
697,0.19199,-1.00000,0.31885
698,0.15088,-1.00000,0.14636
700,0.09302,-1.00000,-0.13150
701,0.02203,-1.00000,-0.10980
702,-0.04968,-0.69498,0.58328
703,-0.10260,-0.08035,0.99997
704,-0.12201,0.30188,0.99997
705,-0.11115,0.30200,0.99997
707,-0.09280,-0.05933,0.99997
708,-0.09424,-0.60339,0.99997
709,-0.12448,-1.00000,0.91385
710,-0.16446,-1.00000,-0.20407
711,-0.18069,-1.00000,-0.73251
713,-0.15359,-1.00000,-0.83066
714,-0.09576,-1.00000,-0.79486
715,-0.04276,-1.00000,-0.79376
716,-0.02386,-0.72427,-0.80350
717,-0.03857,-0.11771,-0.73602
719,-0.05899,0.43600,-0.58914
720,-0.05527,0.70276,-0.46973
721,-0.02020,0.57867,-0.49316
722,0.02780,0.15842,-0.67883
723,0.06357,-0.34369,-0.94302
725,0.07629,-0.73550,-1.00000
726,0.07428,-0.92972,-1.00000
727,0.07080,-0.93207,-1.00000
728,0.06702,-0.79868,-1.00000
729,0.04987,-0.62024,-1.00000
730,0.00784,-0.50940,-1.00000
732,-0.05035,-0.53867,-1.00000
733,-0.09378,-0.65714,-0.76041
734,-0.08923,-0.69611,-0.49585
735,-0.02829,-0.51819,-0.39578
736,0.06177,-0.19354,-0.46735
738,0.13370,-0.00067,-0.60880
739,0.15146,-0.19089,-0.67667
740,0.11285,-0.71207,-0.58685
741,0.04742,-1.00000,-0.37735
742,-0.00632,-1.00000,-0.18875
744,-0.02573,-0.57693,-0.17432
745,-0.01367,0.25882,-0.39941
746,0.01013,0.84839,-0.79532
747,0.02612,0.92737,-1.00000
748,0.02679,0.62408,-1.00000
750,0.01605,0.28537,-1.00000
751,-0.00052,0.16342,-1.00000
752,-0.02359,0.25171,-1.00000
753,-0.05789,0.37207,-1.00000
754,-0.10120,0.37366,-1.00000
755,-0.13718,0.24460,-0.80270
757,-0.14310,0.07248,-0.25626
758,-0.10892,-0.05844,0.30203
759,-0.04980,-0.12207,0.59756
760,0.00256,-0.13315,0.50125
761,0.02451,-0.11093,0.16147
763,0.01782,-0.06879,-0.09744
764,0.00275,-0.02200,-0.02847
765,-0.00540,0.01404,0.36102
766,-0.01089,0.03687,0.86221
767,-0.02853,0.05804,0.99997
769,-0.06186,0.08414,0.99997
770,-0.09348,0.10153,0.99997
771,-0.09875,0.09219,0.99997
772,-0.06842,0.06714,0.99997
773,-0.01782,0.07294,0.99997
775,0.02548,0.14935,0.99997
776,0.04251,0.27594,0.59454
777,0.03439,0.37247,-0.37024
778,0.01773,0.37057,-1.00000
779,0.01077,0.29208,-1.00000
780,0.02051,0.24628,-0.89850
782,0.03812,0.33069,-0.39603
783,0.04462,0.52429,0.04761
784,0.02527,0.68271,0.33194
785,-0.01682,0.65387,0.53207
786,-0.05884,0.41019,0.74545
788,-0.07465,0.07101,0.93063
789,-0.05713,-0.20795,0.90494
790,-0.02625,-0.37106,0.50769
791,-0.01303,-0.49411,-0.23233
792,-0.03159,-0.68549,-1.00000
794,-0.06595,-0.96167,-1.00000
795,-0.08453,-1.00000,-1.00000
796,-0.06970,-1.00000,-1.00000
797,-0.03485,-1.00000,-1.00000
798,-0.01398,-1.00000,-0.31168
800,-0.03397,-1.00000,0.32584
801,-0.09329,-1.00000,0.51697
802,-0.16321,-1.00000,0.20782
803,-0.20789,-1.00000,-0.33850
804,-0.20612,-1.00000,-0.70160
805,-0.16052,-0.80038,-0.62411
807,-0.09146,-0.09482,-0.21915
808,-0.02301,0.43079,0.13763
809,0.02792,0.69897,0.14145
810,0.05466,0.76102,-0.18866
811,0.05743,0.71298,-0.55792
813,0.03922,0.61856,-0.67297
814,0.00485,0.49762,-0.47659
815,-0.03690,0.36523,-0.14954
816,-0.07318,0.26062,0.07202
817,-0.09100,0.23068,0.07217
819,-0.08420,0.28912,-0.10379
820,-0.05878,0.39853,-0.31998
821,-0.03156,0.49619,-0.44000
822,-0.02167,0.53857,-0.38641
823,-0.03873,0.52417,-0.17490
825,-0.07437,0.48154,0.07864
826,-0.10471,0.44162,0.20682
827,-0.10480,0.41965,0.09598
828,-0.06665,0.41306,-0.22079
829,-0.00623,0.40500,-0.57224
830,0.05075,0.36917,-0.77121
832,0.09537,0.28232,-0.75272
833,0.15097,0.14539,-0.60760
834,0.25693,-0.00192,-0.48419
835,0.42972,-0.09555,-0.45139
836,0.63544,-0.08926,-0.44690
838,0.80640,0.00775,-0.35101
839,0.89297,0.13324,-0.11288
840,0.90295,0.21738,0.18408
841,0.88373,0.23364,0.37527
842,0.85870,0.21045,0.34348
844,0.78287,0.19424,0.11960
845,0.57449,0.20074,-0.12964
846,0.20737,0.20001,-0.22543
847,-0.22345,0.14825,-0.11642
848,-0.53815,0.03442,0.08493
850,-0.59549,-0.10373,0.21051
851,-0.40060,-0.20862,0.20041
852,-0.10120,-0.24918,0.16913
853,0.12531,-0.24033,0.30014
854,0.19485,-0.21939,0.65842
855,0.14905,-0.20419,0.99997
857,0.08487,-0.17490,0.99997
858,0.06021,-0.09723,0.99997
859,0.06125,0.03574,0.99997
860,0.04529,0.18472,0.79498
861,0.00000,0.28799,0.52237
863,-0.04471,0.30710,0.29749
864,-0.05835,0.25452,0.07880
865,-0.05374,0.17947,-0.09140
866,-0.08163,0.12729,-0.09491
867,-0.17871,0.10779,0.11734
869,-0.31949,0.09833,0.40384
870,-0.42343,0.07407,0.49072
871,-0.41562,0.03549,0.18484
872,-0.28943,0.00900,-0.44437
873,-0.11508,0.02164,-1.00000
875,0.01263,0.07361,-1.00000
876,0.04218,0.13397,-1.00000
877,-0.00769,0.16330,-0.63870
878,-0.07736,0.14490,-0.04272
879,-0.11877,0.09769,0.31366
880,-0.12543,0.05997,0.32892
882,-0.12219,0.05811,0.10620
883,-0.13516,0.08633,-0.15576
884,-0.17154,0.11462,-0.31091
885,-0.22101,0.11554,-0.34387
886,-0.26736,0.08588,-0.32904
888,-0.29697,0.04529,-0.32092
889,-0.30115,0.01724,-0.28522
890,-0.27823,0.01208,-0.13818
891,-0.23712,0.02582,0.14563
892,-0.19678,0.05048,0.46994
894,-0.17612,0.08066,0.66965
895,-0.17932,0.11041,0.63733
896,-0.18909,0.12790,0.40692
897,-0.17606,0.11920,0.12003
898,-0.12170,0.08063,-0.08829
900,-0.03735,0.02518,-0.17856
901,0.03619,-0.02554,-0.20279
902,0.05298,-0.05771,-0.23108
903,-0.00647,-0.07251,-0.28836
904,-0.12186,-0.07443,-0.35141
905,-0.25134,-0.05347,-0.38974
907,-0.36725,0.01776,-0.39920
908,-0.47476,0.16083,-0.39886
909,-0.59271,0.35846,-0.40579
910,-0.71201,0.54156,-0.41870
911,-0.77710,0.61560,-0.42477
913,-0.71829,0.51505,-0.41635
914,-0.51456,0.25104,-0.39795
915,-0.22861,-0.08340,-0.37827
916,0.02420,-0.35767,-0.35788
917,0.15298,-0.47192,-0.32709
919,0.15018,-0.40662,-0.27557
920,0.08459,-0.22406,-0.20612
921,0.04044,-0.02390,-0.13943
922,0.05646,0.11523,-0.10382
923,0.11090,0.17093,-0.11560
925,0.15268,0.17133,-0.16473
926,0.14551,0.16061,-0.21884
927,0.09335,0.16647,-0.24609
928,0.03506,0.19156,-0.23929
929,0.01669,0.22754,-0.22000
930,0.05801,0.26959,-0.21686
932,0.13324,0.31445,-0.23639
933,0.18066,0.34659,-0.25513
934,0.13828,0.33459,-0.24149
935,-0.01733,0.25180,-0.18842
936,-0.25125,0.10629,-0.12521
938,-0.47598,-0.05066,-0.09555
939,-0.57742,-0.15384,-0.12112
940,-0.46268,-0.17029,-0.18350
941,-0.12759,-0.12213,-0.23914
942,0.29672,-0.06470,-0.25375
944,0.58939,-0.04071,-0.22580
945,0.59750,-0.05243,-0.18210
946,0.39368,-0.07404,-0.15192
947,0.24976,-0.08395,-0.14340
948,0.37155,-0.08145,-0.14093
950,0.60324,-0.07404,-0.12399
951,0.43332,-0.05887,-0.08908
952,-0.59149,-0.02673,-0.05426
953,-1.00000,0.01398,-0.04120
954,-1.00000,0.02701,-0.05203
955,-1.00000,-0.02289,-0.06519
957,-1.00000,-0.12167,-0.05750
958,-1.00000,-0.19131,-0.03247
959,0.13528,-0.13882,-0.02472
960,0.99997,0.06253,-0.07120
961,0.99997,0.33316,-0.17438
963,0.99997,0.53290,-0.29291
964,0.52615,0.56055,-0.37000
965,-0.13422,0.42328,-0.37399
966,-0.61456,0.21707,-0.31583
967,-0.85538,0.04218,-0.23340
969,-0.78259,-0.06558,-0.16373
970,-0.36850,-0.12799,-0.12762
971,0.27802,-0.16257,-0.13086
972,0.92383,-0.14178,-0.16730
973,0.99997,-0.02338,-0.21692
975,0.99997,0.17825,-0.24899
976,0.99997,0.36023,-0.23981
977,0.62747,0.38757,-0.19321
978,0.14609,0.19781,-0.14008
979,-0.20105,-0.13742,-0.10965
980,-0.32849,-0.45474,-0.09982
982,-0.23398,-0.61343,-0.08063
983,-0.00110,-0.58865,-0.03339
984,0.23032,-0.47018,0.01477
985,0.32916,-0.37524,0.00299
986,0.24734,-0.35400,-0.10812
988,0.05634,-0.36386,-0.28894
989,-0.08945,-0.32343,-0.45035
990,-0.05161,-0.19119,-0.50748
991,0.19653,0.00079,-0.44373
992,0.54883,0.18130,-0.32056
994,0.83954,0.30289,-0.22711
995,0.95456,0.37292,-0.21350
996,0.89441,0.42642,-0.25934
997,0.74838,0.47256,-0.29706
998,0.61423,0.47229,-0.26755
1000,0.53525,0.37332,-0.16693
1001,0.49768,0.17041,-0.05222
1002,0.47064,-0.06943,-0.00122
1003,0.44189,-0.24634,-0.05185
1004,0.42026,-0.29999,-0.16641
1005,0.41510,-0.25128,-0.25452
1007,0.42053,-0.17795,-0.24597
1008,0.41864,-0.14917,-0.15662
1009,0.39343,-0.17996,-0.08478
1010,0.34015,-0.24002,-0.13034
1011,0.26639,-0.29785,-0.30319
1013,0.19046,-0.34763,-0.50656
1014,0.13947,-0.39264,-0.61761
1015,0.14133,-0.41144,-0.59296
1016,0.20593,-0.35568,-0.49893
1017,0.30676,-0.19553,-0.43637
1019,0.38495,0.02930,-0.43454
1020,0.38409,0.21219,-0.42105
1021,0.29382,0.24936,-0.30008
1022,0.16379,0.12180,-0.06284
1023,0.06906,-0.08466,0.17993
1025,0.05316,-0.24298,0.27975
1026,0.09860,-0.27802,0.17471
1027,0.15054,-0.20956,-0.05524
1028,0.17010,-0.11572,-0.25058
1029,0.16406,-0.05884,-0.29608
1030,0.16541,-0.04309,-0.20120
1032,0.18918,-0.03250,-0.07462
1033,0.21317,0.00214,-0.02502
1034,0.20435,0.05765,-0.07794
1035,0.16083,0.11255,-0.17578
1036,0.12262,0.15549,-0.24707
1038,0.13577,0.19327,-0.26965
1039,0.20499,0.23331,-0.26813
1040,0.28271,0.26556,-0.25812
1041,0.30774,0.26733,-0.20926
1042,0.25745,0.22629,-0.07635
1044,0.16620,0.15570,0.13083
1045,0.09470,0.08453,0.32172
1046,0.07990,0.03314,0.38654
1047,0.11023,0.00000,0.29584
1048,0.14401,-0.02722,0.13770
1050,0.14954,-0.05014,0.04764
1051,0.12985,-0.05270,0.09207
1052,0.11270,-0.01761,0.21497
1053,0.11923,0.05017,0.29678
1054,0.14246,0.11853,0.26556
1055,0.15469,0.14990,0.15659
1057,0.13593,0.13208,0.07300
1058,0.09506,0.08966,0.09531
1059,0.06436,0.06451,0.22391
1060,0.07089,0.08051,0.39389
1061,0.11118,0.12241,0.53168
1063,0.15195,0.14835,0.59879
1064,0.15720,0.12521,0.59744
1065,0.11780,0.05740,0.55301
1066,0.05902,-0.01654,0.49606
1067,0.02014,-0.05554,0.45178
1069,0.02438,-0.04828,0.43073
1070,0.06277,-0.01801,0.42261
1071,0.10358,0.00214,0.40314
1072,0.11713,-0.00162,0.35556
1073,0.09695,-0.01666,0.28995
1075,0.06198,-0.02277,0.23825
1076,0.03918,-0.01526,0.22620
1077,0.04044,-0.00919,0.24765
1078,0.05200,-0.02219,0.26898
1079,0.04620,-0.05493,0.25931
1080,0.00809,-0.08917,0.21512
1082,-0.04584,-0.10428,0.15381
1083,-0.07526,-0.09467,0.08655
1084,-0.04822,-0.07245,0.00565
1085,0.02838,-0.05432,-0.09546
1086,0.10834,-0.04758,-0.19269
1088,0.14041,-0.04861,-0.23273
1089,0.11008,-0.05270,-0.17496
1090,0.05151,-0.06262,-0.03564
1091,0.01794,-0.08548,0.11377
1092,0.03528,-0.12125,0.20062
1094,0.08038,-0.15631,0.20856
1095,0.10413,-0.17300,0.18381
1096,0.07742,-0.16675,0.18539
1097,0.01807,-0.15308,0.22922
1098,-0.02728,-0.15192,0.27936
1100,-0.02783,-0.16275,0.29111
1101,0.00208,-0.15891,0.25702
1102,0.01740,-0.11542,0.20944
1103,-0.01398,-0.04681,0.17938
1104,-0.08020,-0.00992,0.15933
1105,-0.13574,-0.05276,0.10974
1107,-0.14182,-0.14890,0.00342
1108,-0.09839,-0.18738,-0.13898
1109,-0.04031,-0.04846,-0.25983
1110,-0.00507,0.28644,-0.31201
1111,-0.00397,0.68951,-0.29755
1113,-0.02005,0.95740,-0.26221
1114,-0.02817,0.94946,-0.25348
1115,-0.01581,0.68246,-0.28214
1116,0.01187,0.30753,-0.31903
1117,0.04108,-0.00266,-0.32410
1119,0.06064,-0.16205,-0.27859
1120,0.06689,-0.19833,-0.19577
1121,0.06339,-0.19992,-0.10834
1122,0.05786,-0.24005,-0.04758
1123,0.05869,-0.33295,-0.02740
1125,0.06985,-0.43771,-0.03842
1126,0.08725,-0.49332,-0.05237
1127,0.09949,-0.45959,-0.03683
1128,0.09500,-0.34390,0.02438
1129,0.07080,-0.19830,0.11624
1130,0.03613,-0.08722,0.19669
1132,0.00690,-0.04495,0.22217
1133,-0.00555,-0.05652,0.17886
1134,-0.00250,-0.07819,0.09488
1135,0.00400,-0.07803,0.02155
1136,0.00195,-0.05911,-0.00458
1138,-0.01016,-0.04526,0.01010
1139,-0.02274,-0.04861,0.02115
1140,-0.02527,-0.05618,-0.01895
1141,-0.01767,-0.04755,-0.12317
1142,-0.01050,-0.02237,-0.25952
1144,-0.01315,-0.00439,-0.37427
1145,-0.02155,-0.01733,-0.42624
1146,-0.01990,-0.05850,-0.40509
1147,0.00253,-0.09839,-0.32364
1148,0.03558,-0.10632,-0.20041
1150,0.05200,-0.07565,-0.05231
1151,0.03152,-0.02472,0.10104
1152,-0.01669,0.02350,0.23593
1153,-0.05750,0.05984,0.33691
1154,-0.06012,0.08893,0.41153
1155,-0.02817,0.11499,0.48666
1157,0.00150,0.13257,0.58203
1158,-0.00665,0.13144,0.68350
1159,-0.05084,0.10828,0.74500
1160,-0.08997,0.07083,0.72168
1161,-0.07916,0.03128,0.60526
1163,-0.01013,-0.00134,0.42896
1164,0.08163,-0.02075,0.24008
1165,0.14734,-0.01840,0.06943
1166,0.16220,0.01425,-0.07297
1167,0.13629,0.07394,-0.17932
1169,0.09491,0.13589,-0.23059
1170,0.05396,0.16232,-0.20874
1171,0.01532,0.12769,-0.12122
1172,-0.01987,0.04041,-0.00671
1173,-0.04099,-0.05991,0.08963
1175,-0.03503,-0.12924,0.14896
1176,-0.00168,-0.14801,0.18484
1177,0.04239,-0.12912,0.21725
1178,0.07608,-0.10162,0.24301
1179,0.08997,-0.08752,0.23627
1180,0.08908,-0.08981,0.17929
1182,0.08224,-0.09720,0.09079
1183,0.07184,-0.09656,0.01987
1184,0.05542,-0.08209,0.00784
1185,0.03473,-0.05701,0.05228
1186,0.01938,-0.02991,0.10590
1188,0.01913,-0.01025,0.11224
1189,0.03339,-0.00461,0.04932
1190,0.04904,-0.01450,-0.05219
1191,0.04984,-0.03592,-0.12943
1192,0.02734,-0.06082,-0.13086
1194,-0.01523,-0.07996,-0.05231
1195,-0.06723,-0.08704,0.06094
1196,-0.11536,-0.08179,0.14719
1197,-0.14468,-0.06961,0.17337
1198,-0.13977,-0.05695,0.15686
1200,-0.09027,-0.04568,0.14630
1201,-0.00116,-0.03308,0.17776
1202,0.10239,-0.01788,0.24332
1203,0.18304,-0.00687,0.29837
1204,0.21042,-0.01248,0.30008
1205,0.17886,-0.04120,0.24103
1207,0.11118,-0.08344,0.15091
1208,0.04428,-0.11636,0.06891
1209,0.00754,-0.12061,0.01541
1210,0.00754,-0.09561,-0.01416
1211,0.02884,-0.05984,-0.03409
1213,0.04773,-0.03525,-0.05051
1214,0.04822,-0.03064,-0.05743
1215,0.02979,-0.03851,-0.04651
1216,0.00336,-0.04465,-0.01834
1217,-0.01889,-0.04037,0.01480
1219,-0.03094,-0.02631,0.03693
1220,-0.03348,-0.00830,0.03986
1221,-0.02914,0.00760,0.02902
1222,-0.01923,0.01685,0.01859
1223,-0.00464,0.01682,0.01904
1225,0.01077,0.00870,0.02832
1226,0.02075,-0.00110,0.03403
1227,0.02161,-0.00357,0.02451
1228,0.01697,0.00555,-0.00247
1229,0.01559,0.02097,-0.04114
1230,0.02246,0.03116,-0.08453
1232,0.03101,0.02847,-0.12576
1233,0.02621,0.01639,-0.15286
1234,-0.00168,0.00632,-0.14807
1235,-0.04419,0.00644,-0.10123
1236,-0.07556,0.01334,-0.02658
1238,-0.07068,0.01468,0.03769
1239,-0.02679,0.00043,0.05597
1240,0.03000,-0.02795,0.02631
1241,0.06192,-0.05832,-0.01614
1242,0.04904,-0.07672,-0.03049
1244,0.00653,-0.07574,-0.00696
1245,-0.02628,-0.05646,0.02859
1246,-0.01831,-0.02530,0.04611
1247,0.02646,0.00839,0.04211
1248,0.07153,0.03366,0.03351
1250,0.07922,0.04126,0.02179
1251,0.04303,0.03003,-0.02524
1252,-0.00763,0.01068,-0.14136
1253,-0.03430,0.00012,-0.30466
1254,-0.02313,0.00787,-0.41980
1255,0.00577,0.02652,-0.37564
1257,0.02039,0.03714,-0.13818
1258,0.00827,0.02661,0.20636
1259,-0.01245,0.00006,0.50415
1260,-0.01114,-0.02478,0.64114
1261,0.02570,-0.03735,0.61304
1263,0.08057,-0.04807,0.50342
1264,0.11746,-0.08011,0.40140
1265,0.10947,-0.14468,0.33856
1266,0.05856,-0.22253,0.29324
1267,-0.00711,-0.27106,0.23846
1269,-0.05444,-0.25546,0.17667
1270,-0.06778,-0.17850,0.13190
1271,-0.05511,-0.08344,0.12100
1272,-0.03564,-0.02499,0.13864
1273,-0.02112,-0.02942,0.16629
1275,-0.00934,-0.07556,0.18567
1276,0.00549,-0.11292,0.18146
1277,0.01785,-0.10260,0.13974
1278,0.01016,-0.04776,0.05566
1279,-0.03064,0.01248,-0.05435
1280,-0.09534,0.03937,-0.15454
1282,-0.15350,0.02829,-0.21283
1283,-0.17477,0.00977,-0.22452
1284,-0.15146,0.01718,-0.21179
1285,-0.10214,0.05283,-0.19904
1286,-0.05511,0.08478,-0.19125
1288,-0.02994,0.07767,-0.17853
1289,-0.03201,0.02747,-0.15738
1290,-0.05814,-0.03180,-0.14001
1291,-0.10019,-0.05521,-0.13971
1292,-0.14157,-0.02164,-0.15149
1294,-0.15656,0.05316,-0.15448
1295,-0.12268,0.13190,-0.13602
1296,-0.04187,0.18124,-0.10861
1297,0.05096,0.18616,-0.09863
1298,0.10544,0.14850,-0.11862
1300,0.09079,0.08011,-0.15503
1301,0.01971,-0.00085,-0.18411
1302,-0.06042,-0.07211,-0.19485
1303,-0.10394,-0.11444,-0.19046
1304,-0.09909,-0.12222,-0.17087
1305,-0.07040,-0.10703,-0.12555
1307,-0.05029,-0.08820,-0.05219
1308,-0.04843,-0.07739,0.02316
1309,-0.04761,-0.07138,0.06421
1310,-0.02838,-0.06039,0.08032
1311,0.00375,-0.04254,0.16373
1313,0.01874,-0.02957,0.44794
1314,-0.00833,-0.03781,0.99619
1315,-0.06705,-0.07349,0.99997
1316,-0.11328,-0.12531,0.99997
1317,-0.10550,-0.17007,0.99997
1319,-0.04367,-0.18515,0.99997
1320,0.02591,-0.15976,0.99997
1321,0.04605,-0.10092,0.76312
1322,-0.00534,-0.03336,0.05078
1323,-0.09854,0.00854,-0.36176
1325,-0.17627,-0.00208,-0.46613
1326,-0.19632,-0.06583,-0.37167
1327,-0.15741,-0.15076,-0.21591
1328,-0.09158,-0.20926,-0.09372
1329,-0.03519,-0.20938,-0.03720
1330,-0.00497,-0.15585,-0.03601
1332,0.00519,-0.08249,-0.06516
1333,0.01022,-0.02274,-0.10135
1334,0.01883,0.01465,-0.13095
1335,0.02997,0.04324,-0.15753
1336,0.03998,0.07639,-0.20239
1338,0.04947,0.11102,-0.28290
1339,0.06241,0.13541,-0.37595
1340,0.07941,0.15005,-0.40485
1341,0.09537,0.17453,-0.28378
1342,0.10504,0.22784,0.00162
1344,0.11087,0.30075,0.35004
1345,0.12183,0.35159,0.59421
1346,0.14261,0.33646,0.61752
1347,0.16525,0.24899,0.43979
1348,0.17499,0.13168,0.19348
1350,0.16714,0.04568,0.01224
1351,0.15656,0.02371,-0.06607
1352,0.16635,0.04819,-0.09888
1353,0.20306,0.07187,-0.15665
1354,0.24246,0.06015,-0.24850
1355,0.24185,0.01602,-0.32529
1357,0.17191,-0.03146,-0.34280
1358,0.04169,-0.05905,-0.31094
1359,-0.10327,-0.06876,-0.27945
1360,-0.20770,-0.07913,-0.28326
1361,-0.23788,-0.10223,-0.30911
1363,-0.19644,-0.13092,-0.31595
1364,-0.11478,-0.14755,-0.28171
1365,-0.03259,-0.14133,-0.22556
1366,0.02090,-0.11649,-0.18567
1367,0.03552,-0.08612,-0.17963
1369,0.01828,-0.06241,-0.18915
1370,-0.01349,-0.05450,-0.17972
1371,-0.04001,-0.07147,-0.13159
1372,-0.04642,-0.12094,-0.05197
1373,-0.02924,-0.19910,0.03735
1375,0.00125,-0.28198,0.11771
1376,0.02570,-0.33136,0.17966
1377,0.02716,-0.31561,0.21854
1378,0.00195,-0.23160,0.23291
1379,-0.03833,-0.10904,0.22983
1380,-0.07581,0.00623,0.22720
1382,-0.09845,0.07825,0.24179
1383,-0.10529,0.09756,0.26947
1384,-0.10175,0.08011,0.28015
1385,-0.09155,0.05130,0.24124
1386,-0.07397,0.02634,0.15387
1388,-0.04895,-0.00229,0.06464
1389,-0.02359,-0.06238,0.03027
1390,-0.01120,-0.18375,0.06097
1391,-0.02170,-0.37115,0.10178
1392,-0.05078,-0.58682,0.08408
1394,-0.07928,-0.75745,0.00497
1395,-0.08542,-0.80643,-0.05460
1396,-0.06192,-0.69034,-0.01257
1397,-0.02304,-0.41559,0.10812
1398,0.00577,-0.02905,0.18027
1400,0.00824,0.40100,0.11636
1401,-0.00961,0.79587,0.02075
1402,-0.02567,0.99997,0.15826
1403,-0.02179,0.99997,0.70865
1404,0.00046,0.99997,0.99997
1405,0.02267,0.75540,0.99997
1407,0.02820,0.47647,0.99997
1408,0.01813,0.34235,0.99997
1409,0.00961,0.42603,0.27563
1410,0.01779,0.67792,-0.51196
1411,0.03900,0.95789,-0.73724
1413,0.05231,0.99997,-0.52582
1414,0.03906,0.99997,-0.23715
1415,0.00278,0.90744,-0.13504
1416,-0.02988,0.63437,-0.22070
1417,-0.03046,0.35815,-0.32629
1419,0.00543,0.12537,-0.31873
1420,0.05084,-0.05325,-0.20743
1421,0.06723,-0.18732,-0.09329
1422,0.03561,-0.29404,-0.05429
1423,-0.02667,-0.39093,-0.08658
1425,-0.07822,-0.48721,-0.13177
1426,-0.08542,-0.57239,-0.13773
1427,-0.04788,-0.61487,-0.09628
1428,0.00229,-0.57990,-0.04138
1429,0.02567,-0.45956,-0.02228
1430,0.00513,-0.28824,-0.06989
1432,-0.04260,-0.12671,-0.17340
1433,-0.08032,-0.02448,-0.28302
1434,-0.07712,0.00806,-0.34186
1435,-0.02902,-0.00537,-0.32562
1436,0.04004,-0.03613,-0.25699
1438,0.09528,-0.07379,-0.18329
1439,0.11273,-0.12283,-0.14062
1440,0.09073,-0.18295,-0.13623
1441,0.04462,-0.23901,-0.15570
1442,-0.00827,-0.27356,-0.17575
1444,-0.05969,-0.28586,-0.16803
1445,-0.10828,-0.29355,-0.10562
1446,-0.14862,-0.31268,0.01343
1447,-0.16602,-0.33835,0.14047
1448,-0.14590,-0.34869,0.18826
1450,-0.09222,-0.32932,0.09576
1451,-0.03470,-0.29135,-0.09875
1452,-0.01230,-0.26260,-0.25195
1453,-0.04257,-0.26035,-0.20395
1454,-0.10413,-0.27478,0.09805
1455,-0.15103,-0.28156,0.54379
1457,-0.14923,-0.26865,0.92404
1458,-0.10266,-0.24847,0.99997
1459,-0.04535,-0.24155,0.94281
1460,-0.00885,-0.25073,0.66156
1461,0.00204,-0.25568,0.38290
1463,0.00314,-0.23560,0.20892
1464,0.00467,-0.19702,0.13593
1465,-0.00342,-0.17422,0.08441
1466,-0.03775,-0.19763,-0.02454
1467,-0.09528,-0.25858,-0.20218
1469,-0.14517,-0.30649,-0.37906
1470,-0.15131,-0.28592,-0.45340
1471,-0.10425,-0.18390,-0.36777
1472,-0.03189,-0.04587,-0.15717
1473,0.02222,0.05542,0.06989
1475,0.03278,0.07288,0.20435
1476,0.00928,0.01718,0.20654
1477,-0.01672,-0.05695,0.12024
1478,-0.01959,-0.09564,0.02643
1479,0.00189,-0.08295,-0.01794
1480,0.02750,-0.04172,-0.00729
1482,0.03464,-0.00391,0.03006
1483,0.01642,0.01770,0.06534
1484,-0.01413,0.03058,0.08719
1485,-0.03537,0.04080,0.09769
1486,-0.03372,0.03723,0.10153
1488,-0.01364,0.00208,0.10126
1489,0.00653,-0.06180,0.09738
1490,0.00873,-0.11877,0.08685
1491,-0.01135,-0.12286,0.06229
1492,-0.04099,-0.05890,0.01730
1494,-0.05939,0.03696,-0.04193
1495,-0.05197,0.10034,-0.09229
1496,-0.02115,0.08813,-0.10550
1497,0.01370,0.01111,-0.07059
1498,0.02771,-0.07806,-0.00674
1500,0.00845,-0.12769,0.04803
1501,-0.03217,-0.12094,0.06592
1502,-0.06314,-0.07547,0.05118
1503,-0.05737,-0.01807,0.03381
1504,-0.01593,0.03506,0.03885
1505,0.02908,0.07605,0.05981
1507,0.04037,0.09372,0.06451
1508,0.00986,0.07404,0.03094
1509,-0.03116,0.01627,-0.02222
1510,-0.03879,-0.05420,-0.04819
1511,0.00171,-0.09634,-0.02213
1513,0.05911,-0.08279,0.02307
1514,0.08142,-0.02072,0.02496
1515,0.04144,0.05652,-0.02994
1516,-0.03885,0.11942,-0.05624
1517,-0.10645,0.16492,0.08173
1519,-0.12009,0.20947,0.44400
1520,-0.08047,0.26199,0.92200
1521,-0.02481,0.30701,0.99997
1522,0.00565,0.31738,0.99997
1523,-0.00299,0.28357,0.99997
1525,-0.02954,0.22781,0.52698
1526,-0.03644,0.18594,0.12479
1527,0.00018,0.17477,-0.06540
1528,0.07050,0.17990,-0.07462
1529,0.13550,0.17648,-0.03439
1530,0.15411,0.15869,-0.05255
1532,0.11392,0.14206,-0.14059
1533,0.04132,0.13290,-0.23465
1534,-0.01852,0.09906,-0.26907
1535,-0.03726,-0.01810,-0.23120
1536,-0.02411,-0.25107,-0.16025
1538,-0.01382,-0.55911,-0.10605
1539,-0.03290,-0.83496,-0.08960
1540,-0.07431,-0.96777,-0.09509
1541,-0.10379,-0.91235,-0.09262
1542,-0.09131,-0.71030,-0.06772
1544,-0.03928,-0.45148,-0.03250
1545,0.01657,-0.21338,-0.01080
1546,0.03397,-0.02667,-0.01315
1547,-0.00427,0.11691,-0.02618
1548,-0.07806,0.23611,-0.02603
1550,-0.14502,0.34058,-0.00296
1551,-0.16891,0.42975,0.02835
1552,-0.14072,0.49805,0.04263
1553,-0.07983,0.53595,0.02853
1554,-0.01849,0.53009,-0.00113
1555,0.01813,0.47186,-0.02249
1557,0.02319,0.37128,-0.02274
1558,0.00684,0.25989,-0.00977
1559,-0.01370,0.17276,-0.00137
1560,-0.02426,0.12231,-0.00793
1561,-0.01852,0.09109,-0.02499
1563,0.00311,0.05392,-0.04056
1564,0.03683,0.00873,-0.04633
1565,0.07617,-0.01740,-0.04141
1566,0.11032,0.00287,-0.02811
1567,0.12411,0.06192,-0.00842
1569,0.10437,0.11441,0.01364
1570,0.05118,0.11551,0.02902
1571,-0.01468,0.06467,0.02747
1572,-0.05847,0.01022,0.00964
1573,-0.05237,0.00659,-0.00531
1575,0.00327,0.06281,0.00980
1576,0.07556,0.13184,0.06363
1577,0.11899,0.15125,0.12640
1578,0.10654,0.09738,0.14359
1579,0.04834,0.00336,0.08292
1580,-0.01685,-0.07324,-0.02353
1582,-0.05139,-0.09906,-0.09122
1583,-0.04572,-0.08514,-0.05560
1584,-0.02118,-0.06464,0.05090
1585,-0.00842,-0.05582,0.09708
1586,-0.02048,-0.04843,-0.05188
1588,-0.04385,-0.02383,-0.41232
1589,-0.05371,0.01724,-0.84204
1590,-0.03796,0.05038,-1.00000
1591,-0.00797,0.05161,-1.00000
1592,0.01270,0.02469,-0.87631
1594,0.00967,0.00211,-0.50858
1595,-0.01035,0.01764,-0.17691
1596,-0.02643,0.07541,0.05243
1597,-0.02115,0.14410,0.19324
1598,0.00653,0.18076,0.27774
1600,0.04227,0.16266,0.31219
1601,0.06702,0.10162,0.28705
1602,0.06842,0.03180,0.21347
1603,0.04581,-0.01538,0.13492
1604,0.00803,-0.02914,0.09851
1605,-0.03281,-0.01929,0.11694
1607,-0.06744,-0.00366,0.16071
1608,-0.09174,0.00555,0.18591
1609,-0.10437,0.00763,0.17081
1610,-0.10327,0.00958,0.12796
1611,-0.08618,0.01794,0.08722
1613,-0.05603,0.03247,0.06836
1614,-0.02475,0.04602,0.06778
1615,-0.00854,0.05051,0.06720
1616,-0.01617,0.04419,0.05209
1617,-0.04059,0.03336,0.02286
1619,-0.06287,0.02661,-0.00919
1620,-0.06689,0.02637,-0.03412
1621,-0.05118,0.02597,-0.05075
1622,-0.02869,0.01587,-0.06320
1623,-0.01501,-0.00641,-0.07202
1625,-0.01657,-0.03204,-0.07065
1626,-0.02682,-0.04712,-0.05099
1627,-0.03238,-0.04376,-0.01263
1628,-0.02338,-0.02673,0.03320
1629,-0.00165,-0.00919,0.06790
1630,0.01874,-0.00171,0.07465
1632,0.02118,-0.00409,0.04688
1633,0.00085,-0.00623,-0.00760
1634,-0.02805,0.00211,-0.06830
1635,-0.04184,0.02151,-0.11041
1636,-0.02866,0.04111,-0.11725
1638,-0.00278,0.04630,-0.09070
1639,0.00516,0.02994,-0.05042
1640,-0.02350,-0.00232,-0.02106
1641,-0.07513,-0.03650,-0.01541
1642,-0.11267,-0.06027,-0.02753
1644,-0.10791,-0.06952,-0.04028
1645,-0.06668,-0.06696,-0.04062
1646,-0.02216,-0.05606,-0.02872
1647,-0.00327,-0.03796,-0.01501
1648,-0.00897,-0.01456,-0.00912
1650,-0.01328,0.00708,-0.01077
1651,0.00616,0.01682,-0.01013
1652,0.04504,0.01013,0.00381
1653,0.07681,-0.00497,0.03311
1654,0.07831,-0.01169,0.06671
1655,0.05005,0.00122,0.08585
1657,0.01239,0.02768,0.07666
1658,-0.01505,0.04688,0.04089
1659,-0.02896,0.04022,-0.00427
1660,-0.03796,0.00793,-0.03763
1661,-0.04681,-0.03012,-0.04825
1663,-0.04913,-0.05112,-0.04077
1664,-0.03629,-0.04788,-0.02832
1665,-0.01141,-0.03253,-0.02118
1666,0.00977,-0.02185,-0.02127
1667,0.01346,-0.01938,-0.02563
1669,0.00125,-0.01266,-0.03195
1670,-0.01300,0.01181,-0.04004
1671,-0.01932,0.05151,-0.04868
1672,-0.02090,0.08734,-0.05334
1673,-0.02548,0.10074,-0.04785
1675,-0.03018,0.09137,-0.02838
1676,-0.02097,0.07629,0.00351
1677,0.00974,0.07126,0.03943
1678,0.04843,0.07297,0.06503
1679,0.06900,0.06210,0.06531
1680,0.05817,0.02411,0.03409
1682,0.02948,-0.03317,-0.01776
1683,0.00848,-0.08365,-0.06580
1684,0.00500,-0.10538,-0.08771
1685,0.00421,-0.09872,-0.07947
1686,-0.01208,-0.08295,-0.05551
1688,-0.03940,-0.07553,-0.03268
1689,-0.05124,-0.07629,-0.01474
1690,-0.02725,-0.07089,0.00558
1691,0.02246,-0.04846,0.03012
1692,0.06537,-0.01538,0.04575
1694,0.07788,0.00864,0.03580
1695,0.06540,0.00668,0.00085
1696,0.05051,-0.02194,-0.03592
1697,0.04605,-0.06122,-0.04755
1698,0.04510,-0.08942,-0.02841
1700,0.03745,-0.09222,0.00125
1701,0.02911,-0.07010,0.01590
1702,0.03809,-0.03705,0.00873
1703,0.06995,-0.01215,-0.00540
1704,0.10312,-0.00748,-0.00848
1705,0.10428,-0.02014,0.00223
1707,0.06079,-0.03397,0.01453
1708,-0.00369,-0.03244,0.01715
1709,-0.04794,-0.01254,0.01178
1710,-0.04822,0.01291,0.00958
1711,-0.01602,0.02713,0.01825
1713,0.01584,0.02466,0.03506
1714,0.02237,0.01443,0.05170
1715,0.00311,0.00720,0.06329
1716,-0.02502,0.00131,0.07098
1717,-0.04587,-0.01715,0.07742
1719,-0.05405,-0.05807,0.08228
1720,-0.05164,-0.11166,0.08328
1721,-0.04034,-0.15033,0.07953
1722,-0.02017,-0.14893,0.07159
1723,0.00583,-0.10513,0.05838
1725,0.02939,-0.04245,0.03751
1726,0.04187,0.00745,0.01102
1727,0.04160,0.02585,-0.01001
1728,0.03418,0.01566,-0.01120
1729,0.02460,-0.00708,0.01105
1730,0.00955,-0.02774,0.04083
1732,-0.01947,-0.04056,0.05267
1733,-0.06293,-0.04553,0.03372
1734,-0.10309,-0.04218,-0.00314
1735,-0.11005,-0.02914,-0.03043
1736,-0.06363,-0.00992,-0.03232
1738,0.02686,0.00415,-0.02017
1739,0.12311,0.00049,-0.01968
1740,0.18137,-0.02206,-0.04263
1741,0.18045,-0.04752,-0.07254
1742,0.13275,-0.05270,-0.08008
1744,0.07037,-0.02673,-0.05301
1745,0.02039,0.01773,-0.00970
1746,-0.00989,0.05252,0.01700
1747,-0.02878,0.05612,0.00928
1748,-0.04547,0.03021,-0.02203
1750,-0.06027,-0.00339,-0.05060
1751,-0.06705,-0.02133,-0.05804
1752,-0.06241,-0.01617,-0.04492
1753,-0.05084,0.00110,-0.02313
1754,-0.04102,0.01276,-0.00299
1755,-0.03723,0.00751,0.01160
1757,-0.03503,-0.01401,0.01971
1758,-0.02448,-0.04227,0.02112
1759,0.00134,-0.06406,0.01794
1760,0.03998,-0.06686,0.01474
1761,0.08008,-0.04340,0.01340
1763,0.10806,0.00214,0.00943
1764,0.11542,0.05087,-0.00238
1765,0.10284,0.07590,-0.01801
1766,0.07919,0.05893,-0.02344
1767,0.05725,0.00580,-0.00815
1769,0.04779,-0.05463,0.02139
1770,0.05432,-0.08969,0.04489
1771,0.07108,-0.08591,0.04562
1772,0.08661,-0.05453,0.02231
1773,0.09216,-0.01624,-0.01709
1775,0.08813,0.01828,-0.06494
1776,0.08191,0.05154,-0.10684
1777,0.07800,0.08548,-0.10315
1778,0.07025,0.10959,0.00662
1779,0.04602,0.10709,0.25726
1780,0.00095,0.07309,0.60138
1782,-0.05017,0.02325,0.90463
1783,-0.07938,-0.01807,0.99997
1784,-0.06619,-0.03775,0.88077
1785,-0.01523,-0.03989,0.55856
1786,0.04611,-0.03400,0.19763
1788,0.08813,-0.02194,-0.07608
1789,0.09973,0.00034,-0.21887
1790,0.09158,0.02969,-0.25754
1791,0.08084,0.04953,-0.23633
1792,0.07327,0.04016,-0.18170
1794,0.05945,-0.00375,-0.10629
1795,0.02731,-0.06653,-0.02682
1796,-0.02167,-0.12106,0.03400
1797,-0.06934,-0.14484,0.06244
1798,-0.09421,-0.13037,0.06223
1800,-0.09000,-0.08707,0.04688
1801,-0.07098,-0.03699,0.02853
1802,-0.05853,-0.00467,0.01697
1803,-0.05972,-0.00269,0.02267
1804,-0.05972,-0.02081,0.04913
1805,-0.03729,-0.03189,0.07834
1807,0.01007,-0.01492,0.07504
1808,0.05685,0.02338,0.02026
1809,0.06891,0.05148,-0.05536
1810,0.03503,0.04184,-0.08664
1811,-0.01935,-0.00125,-0.04056
1813,-0.05237,-0.04306,0.02591
1814,-0.04221,-0.04892,-0.01010
1815,-0.00571,-0.01382,-0.23096
1816,0.01822,0.03781,-0.58212
1817,0.00500,0.07919,-0.88596
1819,-0.03302,0.10544,-0.97067
1820,-0.05774,0.13043,-0.80499
1821,-0.03839,0.16299,-0.51831
1822,0.02225,0.18976,-0.28961
1823,0.08926,0.18396,-0.20917
1825,0.12189,0.13019,-0.23318
1826,0.10269,0.04120,-0.25430
1827,0.04810,-0.04919,-0.20529
1828,-0.00562,-0.10843,-0.09903
1829,-0.02921,-0.12329,0.01190
1830,-0.01947,-0.10141,0.09344
1832,0.00339,-0.06015,0.14471
1833,0.01562,-0.01501,0.17004
1834,0.00903,0.02472,0.15820
1835,-0.00702,0.05450,0.09814
1836,-0.01923,0.07220,0.00888
1838,-0.02328,0.07739,-0.06125
1839,-0.02249,0.07281,-0.07364
1840,-0.01611,0.06546,-0.03616
1841,0.00577,0.06650,0.00516
1842,0.05167,0.08704,0.01419
1844,0.11362,0.13068,0.00131
1845,0.16577,0.18594,0.00748
1846,0.18158,0.22665,0.05084
1847,0.15381,0.22446,0.09512
1848,0.09814,0.16849,0.07944
1850,0.03909,0.07800,-0.01422
1851,-0.00616,-0.00497,-0.12549
1852,-0.03198,-0.04086,-0.15628
1853,-0.03833,-0.01898,-0.05914
1854,-0.02713,0.03467,0.10788
1855,-0.00519,0.07471,0.21695
1857,0.01440,0.06702,0.17313
1858,0.01999,0.01102,-0.00299
1859,0.01236,-0.06134,-0.18646
1860,0.00525,-0.10855,-0.24506
1861,0.01147,-0.10800,-0.14001
1863,0.02945,-0.07007,0.05356
1864,0.04456,-0.02859,0.21854
1865,0.04547,-0.01486,0.29276
1866,0.03577,-0.03519,0.30682
1867,0.02771,-0.06891,0.33621
1869,0.02542,-0.08716,0.41800
1870,0.01828,-0.07578,0.51120
1871,-0.00583,-0.04260,0.53506
1872,-0.04132,-0.00616,0.44656
1873,-0.06277,0.02051,0.28448
1875,-0.04590,0.03400,0.14056
1876,0.00787,0.03223,0.08572
1877,0.06769,0.00815,0.11902
1878,0.09604,-0.04239,0.18158
1879,0.07755,-0.10641,0.21588
1880,0.02972,-0.15204,0.21326
1882,-0.01263,-0.14804,0.20889
1883,-0.02313,-0.09085,0.23795
1884,0.00018,-0.01358,0.29935
1885,0.03836,0.03384,0.36008
1886,0.06741,0.02014,0.38858
1888,0.07278,-0.04428,0.37970
1889,0.05441,-0.11392,0.34860
1890,0.02228,-0.13989,0.30701
1891,-0.01184,-0.10471,0.25287
1892,-0.04022,-0.03656,0.18518
1894,-0.06030,0.00922,0.12219
1895,-0.07306,-0.00842,0.09396
1896,-0.08096,-0.07968,0.10901
1897,-0.08813,-0.14243,0.13150
1898,-0.09933,-0.12335,0.10318
1900,-0.11630,0.00595,0.00003
1901,-0.13342,0.20255,-0.13199
1902,-0.13892,0.38000,-0.20898
1903,-0.12463,0.46945,-0.18976
1904,-0.09711,0.46301,-0.12711
1905,-0.07764,0.40585,-0.12762
1907,-0.08643,0.34933,-0.24518
1908,-0.12357,0.31165,-0.40982
1909,-0.16434,0.27924,-0.47299
1910,-0.17776,0.23895,-0.34116
1911,-0.15344,0.20047,-0.07388
1913,-0.11441,0.18350,0.15552
1914,-0.10303,0.18561,0.21121
1915,-0.14987,0.17133,0.11676
1916,-0.24899,0.10098,0.02438
1917,-0.35773,-0.02701,0.05164
1919,-0.42197,-0.16721,0.14224
1920,-0.41101,-0.26642,0.09500
1921,-0.33838,-0.31268,-0.25040
1922,-0.25113,-0.34119,-0.83817
1923,-0.19244,-0.38623,-1.00000
1925,-0.16690,-0.43039,-1.00000
1926,-0.14325,-0.41013,-1.00000
1927,-0.09723,-0.28116,-0.98575
1928,-0.05179,-0.08002,-0.50076
1929,-0.06082,0.08456,-0.19443
1930,-0.14005,0.11124,-0.09125
1932,-0.22089,-0.01379,-0.08847
1933,-0.20435,-0.20609,-0.07462
1934,-0.08936,-0.34888,-0.01556
1935,-0.03918,-0.37656,0.04868
1936,-0.27136,-0.31058,0.07452
1938,-0.83035,-0.23022,0.08255
1939,-1.00000,-0.20993,0.15186
1940,-1.00000,-0.26917,0.32483
1941,-1.00000,-0.36066,0.49588
1942,-0.98062,-0.39856,0.41528
1944,-0.57550,-0.31018,-0.12521
1945,-0.69852,-0.08426,-1.00000
1946,-1.00000,0.21335,-1.00000
1947,-1.00000,0.47318,-1.00000
1948,-1.00000,0.60944,-1.00000
1950,-1.00000,0.61606,0.68323
1951,-1.00000,0.56927,0.99997
1952,-1.00000,0.57068,0.99997
1953,-1.00000,0.67300,0.99997
1954,-1.00000,0.84674,0.99997
1955,-0.54263,0.99997,0.99997
1957,0.14618,0.99997,0.99997
1958,0.81696,0.99997,0.99997
1959,0.99997,0.99997,0.99997
1960,0.99997,0.99997,0.99997
1961,0.99997,0.99997,0.99997
1963,0.99997,0.99997,0.99997
1964,0.99997,0.99997,0.99997
1965,0.99997,0.54651,0.24005
1966,0.65848,0.01971,-1.00000
1967,0.46381,-0.32867,-1.00000
1969,0.41791,-0.43811,-1.00000
1970,0.36020,-0.38895,-1.00000
1971,0.14792,-0.31601,-1.00000
1972,-0.20459,-0.29965,-1.00000
1973,-0.54437,-0.32648,-1.00000
1975,-0.73587,-0.33527,-1.00000
1976,-0.79355,-0.28833,-1.00000
1977,-0.85800,-0.20114,-0.57834
1978,-1.00000,-0.11713,-0.12573
1979,-1.00000,-0.06589,0.27545
1980,-1.00000,-0.04410,0.76166
1982,-1.00000,-0.02649,0.99997
1983,-0.54691,0.01282,0.99997
1984,0.23480,0.08627,0.99997
1985,0.81573,0.19058,0.99997
1986,0.87674,0.31107,0.99997
1988,0.35086,0.42880,0.21786
1989,-0.50040,0.52786,-0.99405
1990,-1.00000,0.59906,-1.00000
1991,-1.00000,0.63840,-1.00000
1992,-0.87387,0.64362,-1.00000
1994,0.00827,0.61511,-0.77350
1995,0.84662,0.56003,-0.74591
1996,0.99997,0.49365,-1.00000
1997,0.99997,0.43332,-1.00000
1998,0.99997,0.38934,-1.00000
2000,0.99997,0.36215,-1.00000
2001,0.99997,0.34744,-1.00000
2002,0.99997,0.34131,-1.00000
2003,0.83762,0.33893,-1.00000
2004,0.57242,0.33014,-1.00000
2005,0.39194,0.30145,-1.00000
2007,0.46353,0.24698,-0.77097
2008,0.78729,0.17743,0.99997
2009,0.99997,0.11566,0.99997
2010,0.99997,0.07944,0.99997
2011,0.99997,0.06723,0.99997
2013,0.62061,0.06049,0.99997
2014,0.18951,0.03934,0.99997
2015,-0.02872,-0.00168,-0.69339
2016,-0.08267,-0.05130,-1.00000
2017,-0.18829,-0.09116,-1.00000
2019,-0.50018,-0.10803,-1.00000
2020,-0.93286,-0.10083,-1.00000
2021,-1.00000,-0.08023,-1.00000
2022,-1.00000,-0.06238,-1.00000
2023,-0.48907,-0.05865,-1.00000
2025,0.24603,-0.06708,-1.00000
2026,0.81271,-0.07257,-1.00000
2027,0.99997,-0.05878,-1.00000
2028,0.88019,-0.02386,-1.00000
2029,0.58881,0.01450,-1.00000
2030,0.31619,0.03152,-1.00000
2032,0.13962,0.01486,-0.85120
2033,0.04071,-0.02643,-0.63898
2034,-0.02808,-0.07101,-0.64767
2035,-0.08414,-0.10202,-0.64285
2036,-0.10373,-0.11411,-0.52267
2038,-0.05460,-0.10648,-0.37109
2039,0.06451,-0.07458,-0.31668
2040,0.21130,-0.01434,-0.35287
2041,0.32401,0.06354,-0.31985
2042,0.36179,0.12741,-0.08536
2044,0.32861,0.14066,0.25827
2045,0.26233,0.09006,0.41873
2046,0.20139,0.00128,0.18173
2047,0.15891,-0.07574,-0.30966
2048,0.12506,-0.10217,-0.58929
2050,0.08969,-0.07523,-0.24979
2051,0.05984,-0.02277,0.66635
2052,0.05386,0.02582,0.99997
2053,0.07996,0.06302,0.99997
2054,0.12134,0.10037,0.99997
2055,0.14560,0.14612,0.99997
2057,0.13113,0.18878,0.99997
2058,0.08722,0.20471,0.99997
2059,0.04776,0.18167,0.99997
2060,0.04163,0.13458,0.99997
2061,0.06525,0.09619,0.99997
2063,0.08429,0.09045,0.99997
2064,0.06680,0.11136,0.99997
2065,0.01828,0.12668,0.99997
2066,-0.01764,0.10349,0.99997
2067,-0.00058,0.03464,0.99997
2069,0.05823,-0.05460,0.12323
2070,0.09055,-0.12393,-0.65375
2071,0.02213,-0.14468,-0.86993
2072,-0.16083,-0.11588,-0.55978
2073,-0.39133,-0.06027,-0.14749
2075,-0.56970,-0.00787,-0.12546
2076,-0.63736,0.01935,-0.70529
2077,-0.60968,0.01315,-1.00000
2078,-0.54034,-0.02295,-1.00000
2079,-0.45697,-0.07715,-1.00000
2080,-0.33322,-0.13257,-1.00000
2082,-0.12320,-0.17200,-1.00000
2083,0.17960,-0.18396,-1.00000
2084,0.52023,-0.16650,-1.00000
2085,0.81848,-0.12524,-1.00000
2086,0.99997,-0.06885,-1.00000
2088,0.99997,-0.00732,-1.00000
2089,0.99997,0.04684,-1.00000
2090,0.99997,0.08038,-1.00000
2091,0.98138,0.08713,-1.00000
2092,0.68228,0.07645,-1.00000
2094,0.30054,0.07062,-0.38986
2095,-0.04733,0.08789,0.99997
2096,-0.25360,0.12524,0.99997
2097,-0.29276,0.15811,0.70187
2098,-0.23181,0.16080,-0.84027
2100,-0.17014,0.13052,-1.00000
2101,-0.16464,0.09137,-1.00000
2102,-0.20352,0.07321,-0.96167
2103,-0.24133,0.08456,0.36041
2104,-0.25043,0.10526,0.98883
2105,-0.23914,0.10535,0.41135
2107,-0.22882,0.07248,-1.00000
2108,-0.22443,0.02151,-1.00000
2109,-0.21130,-0.02005,-1.00000
2110,-0.17746,-0.03571,-1.00000
2111,-0.13223,-0.03040,-0.65985
2113,-0.10001,-0.02097,0.99997
2114,-0.09735,-0.01923,0.99997
2115,-0.11810,-0.02341,0.99997
2116,-0.14066,-0.02328,0.99997
2117,-0.14767,-0.01016,0.99997
2119,-0.13873,0.01740,0.99997
2120,-0.12570,0.05334,0.99997
2121,-0.11810,0.08643,0.02399
2122,-0.11337,0.10376,-1.00000
2123,-0.10028,0.09793,-1.00000
2125,-0.07080,0.07452,-1.00000
2126,-0.03000,0.05115,-1.00000
2127,0.00430,0.04221,-1.00000
2128,0.01285,0.04132,-1.00000
2129,-0.01004,0.02179,-1.00000
2130,-0.04919,-0.03586,-1.00000
2132,-0.07526,-0.11252,-1.00000
2133,-0.06308,-0.15076,-1.00000
2134,-0.00961,-0.09897,-1.00000
2135,0.06238,0.03534,-1.00000
2136,0.11853,0.17679,-1.00000
2138,0.13525,0.23581,-0.99225
2139,0.11389,0.18103,-0.51398
2140,0.07669,0.06400,-0.69031
2141,0.04907,-0.02814,-1.00000
2142,0.04279,-0.04691,-1.00000
2144,0.05200,-0.01447,-1.00000
2145,0.06223,0.01166,-1.00000
2146,0.06250,-0.00214,-1.00000
2147,0.05026,-0.04156,-1.00000
2148,0.02817,-0.07166,-1.00000
2150,-0.00131,-0.07565,-0.43674
2151,-0.03638,-0.06097,0.99997
2152,-0.07214,-0.03357,0.99997
2153,-0.09824,0.01968,0.99997
2154,-0.10217,0.11258,0.62772
2155,-0.07745,0.22491,0.06522
2157,-0.02936,0.29645,0.62543
2158,0.02588,0.27014,0.99997
2159,0.06848,0.15201,0.99997
2160,0.08508,0.03262,0.99997
2161,0.07587,0.04327,0.99997
2163,0.05469,0.27344,0.99997
2164,0.04123,0.70581,0.99997
2165,0.04779,0.99997,0.99997
2166,0.06976,0.99997,0.99997
2167,0.08826,0.99997,0.99997
2169,0.08527,0.99997,0.99997
2170,0.05908,0.76425,0.99997
2171,0.02606,0.07004,0.99997
2172,0.00562,-0.42911,0.99997
2173,0.00369,-0.52609,0.99997
2175,0.01096,-0.22501,0.99997
2176,0.01709,0.23645,0.99997
2177,0.02396,0.52472,0.99997
2178,0.04138,0.43759,0.99997
2179,0.07013,0.05875,0.89511
2180,0.09283,-0.29077,-1.00000
2182,0.08728,-0.28189,-1.00000
2183,0.05054,0.18045,-1.00000
2184,0.00824,0.88531,-1.00000
2185,-0.00412,0.99997,-1.00000
2186,0.02759,0.99997,-0.83682
2188,0.08221,0.99997,-0.44626
2189,0.11993,0.80551,-0.66422
2190,0.11469,0.30453,-1.00000
2191,0.07318,0.03299,-1.00000
2192,0.02631,0.02234,-1.00000
2194,0.00284,0.16885,-1.00000
2195,0.00900,0.32318,-1.00000
2196,0.02795,0.37354,-1.00000
2197,0.03558,0.28323,-1.00000
2198,0.01874,0.08142,-1.00000
2200,-0.01587,-0.17075,0.29257
2201,-0.04688,-0.41339,0.99997
2202,-0.05411,-0.60712,0.99997
2203,-0.03601,-0.73636,0.99997
2204,-0.01569,-0.80444,0.99997
2205,-0.02612,-0.82733,0.99997
2207,-0.08044,-0.83099,0.99997
2208,-0.15186,-0.84769,0.49707
2209,-0.18643,-0.90305,-0.02023
2210,-0.14618,-0.98822,-0.65955
2211,-0.04593,-1.00000,-1.00000
2213,0.05560,-0.88730,-1.00000
2214,0.10898,-0.42078,-1.00000
2215,0.12177,0.40335,-1.00000
2216,0.14758,0.99997,-1.00000
2217,0.21957,0.99997,-0.95020
2219,0.29373,0.99997,-0.82404
2220,0.26804,0.99997,-0.81683
2221,0.07150,0.99997,-0.76636
2222,-0.25790,0.35431,-0.66437
2223,-0.58365,-0.28851,-0.75269
2225,-0.76608,-0.41641,-1.00000
2226,-0.75922,-0.21747,-1.00000
2227,-0.62866,-0.08560,-1.00000
2228,-0.48572,-0.33105,-1.00000
2229,-0.40482,-0.96548,-1.00000
2230,-0.38879,-1.00000,-0.45526
2232,-0.39255,-1.00000,0.99997
2233,-0.36847,-1.00000,0.99997
2234,-0.29807,-1.00000,0.99997
2235,-0.20013,-1.00000,0.99997
2236,-0.11893,-0.65997,0.99997
2238,-0.09366,-0.24954,0.99997
2239,-0.12082,0.00116,0.99997
2240,-0.13742,0.13327,0.99997
2241,-0.05411,0.17792,0.99997
2242,0.17471,0.14780,0.99997
2244,0.50018,0.05597,-0.15164
2245,0.80057,-0.07312,-1.00000
2246,0.96527,-0.20731,-1.00000
2247,0.97052,-0.30771,-1.00000
2248,0.88171,-0.32520,-0.95108
2250,0.78690,-0.21445,-0.92651
2251,0.72681,0.02359,-1.00000
2252,0.68091,0.30411,-1.00000
2253,0.60876,0.48035,-1.00000
2254,0.49750,0.43536,-0.85907
2255,0.37177,0.17813,-0.49707
2257,0.26733,-0.14679,-0.22406
2258,0.20044,-0.36041,-0.08374
2259,0.15869,-0.38205,-0.05203
2260,0.11539,-0.27835,-0.08322
2261,0.05142,-0.18692,-0.13315
2263,-0.03009,-0.18765,-0.16614
2264,-0.10443,-0.23926,-0.16483
2265,-0.14072,-0.23227,-0.13831
2266,-0.12411,-0.09933,-0.11267
2267,-0.06979,0.12097,-0.10666
2269,-0.01501,0.31754,-0.11612
2270,0.00684,0.39575,-0.12308
2271,-0.00949,0.34015,-0.11728
2272,-0.03961,0.20776,-0.10501
2273,-0.05228,0.07452,-0.09610
2275,-0.03625,-0.01221,-0.08575
2276,-0.00790,-0.04581,-0.05371
2277,0.00479,-0.04486,0.01721
2278,-0.01382,-0.03311,0.12079
2279,-0.05573,-0.02768,0.22531
2280,-0.09802,-0.03363,0.29120
2282,-0.12137,-0.04318,0.29443
2283,-0.12253,-0.04208,0.23959
2284,-0.11221,-0.02332,0.15643
2285,-0.10254,0.00143,0.08398
2286,-0.09628,0.00543,0.05011
2288,-0.08685,-0.03342,0.05557
2289,-0.06848,-0.11121,0.07178
2290,-0.04657,-0.19406,0.05801
2291,-0.03735,-0.23627,-0.00845
2292,-0.05496,-0.20795,-0.11023
2294,-0.09552,-0.11191,-0.19559
2295,-0.13251,0.01917,-0.21384
2296,-0.13138,0.14017,-0.15396
2297,-0.07706,0.21317,-0.05420
2298,0.00574,0.22003,0.02795
2300,0.05829,0.16614,0.05981
2301,0.02356,0.07434,0.05408
2302,-0.10928,-0.02884,0.04932
2303,-0.28540,-0.12677,0.07025
2304,-0.41162,-0.21362,0.10492
2305,-0.41702,-0.27628,0.11630
2307,-0.30267,-0.27249,0.07507
2308,-0.13919,-0.13422,-0.01584
2309,-0.01334,0.18893,-0.12292
2310,0.03238,0.66998,-0.20490
2311,0.01746,0.99997,-0.23752
2313,-0.01062,0.99997,-0.22580
2314,-0.02322,0.99997,-0.19785
2315,-0.02554,0.99997,-0.18524
2316,-0.03183,0.84924,-0.20087
2317,-0.03641,0.36185,-0.22778
2319,-0.01532,0.00357,-0.22998
2320,0.04370,-0.18448,-0.18073
2321,0.11908,-0.26755,-0.08853
2322,0.16830,-0.35336,0.00198
2323,0.16422,-0.50613,0.03970
2325,0.11816,-0.69208,0.00650
2326,0.06674,-0.79498,-0.06573
2327,0.03763,-0.69818,-0.11569
2328,0.02844,-0.38000,-0.09653
2329,0.01675,0.05151,-0.00888
2330,-0.01230,0.41925,0.10254
2332,-0.04889,0.59393,0.18427
2333,-0.06717,0.57870,0.21243
2334,-0.04953,0.49670,0.20416
2335,-0.00476,0.49426,0.19519
2336,0.03549,0.63516,0.20538
2338,0.03912,0.85941,0.22299
2339,-0.00192,0.99997,0.22128
2340,-0.06265,0.99997,0.19302
2341,-0.10010,0.77545,0.16797
2342,-0.08319,0.43048,0.19092
2344,-0.01697,0.15302,0.27414
2345,0.05841,0.08582,0.36908
2346,0.09476,0.22455,0.39609
2347,0.07001,0.40546,0.32089
2348,0.00342,0.42389,0.21271
2350,-0.06061,0.20587,0.21744
2351,-0.08591,-0.11819,0.44736
2352,-0.06842,-0.32507,0.87134
2353,-0.03177,-0.31619,0.99997
2354,-0.00125,-0.24170,0.99997
2355,0.01770,-0.39075,0.99997
2357,0.03671,-0.91891,0.99997
2358,0.06201,-1.00000,0.64743
2359,0.07834,-1.00000,0.28110
2360,0.05954,-1.00000,0.04398
2361,-0.00122,-1.00000,-0.08734
2363,-0.07333,-0.83301,-0.17401
2364,-0.10638,-0.46869,-0.29453
2365,-0.07220,-0.71414,-0.53741
2366,0.00668,-1.00000,-0.94858
2367,0.07162,-1.00000,-1.00000
2369,0.07407,-1.00000,-1.00000
2370,0.01135,-1.00000,-1.00000
2371,-0.07925,-1.00000,-0.69189
2372,-0.15924,-1.00000,0.46173
2373,-0.22052,-0.65384,0.99997
2375,-0.28207,0.29095,0.99997
2376,-0.36090,0.99997,0.99997
2377,-0.45053,0.99997,0.88467
2378,-0.52768,0.99997,0.55743
2379,-0.57614,0.99997,0.49359
2380,-0.60010,0.99997,0.35953
2382,-0.61362,0.99997,-0.19232
2383,-0.62106,0.53732,-1.00000
2384,-0.61118,0.49957,-1.00000
2385,-0.57074,0.99997,-1.00000
2386,-0.50125,0.99997,-1.00000
2388,-0.41873,0.99997,-0.13446
2389,-0.33670,0.99997,0.66449
2390,-0.25198,0.99997,0.84329
2391,-0.15085,0.99997,0.56100
2392,-0.02979,0.99997,0.24670
2394,0.09155,0.99997,0.21140
2395,0.18188,0.99997,0.45227
2396,0.22470,0.99997,0.76221
2397,0.23312,0.99997,0.96274
2398,0.23828,0.99997,0.99997
2400,0.26208,0.99997,0.98050
2401,0.29984,0.99997,0.86761
2402,0.32687,0.99997,0.66092
2403,0.31873,0.16507,0.37497
2404,0.26620,-0.99533,0.11465
2405,0.17804,-1.00000,0.02771
2407,0.07742,-1.00000,0.19009
2408,-0.00244,-1.00000,0.53409
2409,-0.02838,-0.83786,0.89304
2410,0.01273,0.99997,0.99997
2411,0.09506,0.99997,0.99997
2413,0.15939,0.99997,0.99997
2414,0.15002,0.99997,0.99997
2415,0.05933,0.99997,0.99997
2416,-0.05969,0.54416,0.99997
2417,-0.12988,0.56393,0.99997
2419,-0.10858,0.99997,0.99997
2420,-0.01981,0.99997,0.99997
2421,0.06741,0.99997,0.99997
2422,0.09451,0.99997,0.99997
2423,0.05658,0.60138,0.99997
2425,-0.00037,0.31287,0.99997
2426,-0.02130,0.12256,0.99997
2427,0.01291,-0.26129,0.88962
2428,0.07303,-0.95984,-0.00082
2429,0.10788,-1.00000,-0.78256
2430,0.08624,-1.00000,-1.00000
2432,0.02130,-1.00000,-1.00000
2433,-0.04123,-1.00000,-1.00000
2434,-0.06024,-0.27890,-1.00000
2435,-0.03119,0.55533,-1.00000
2436,0.01297,0.99997,-1.00000
2438,0.03067,0.99997,-1.00000
2439,0.00455,0.99997,-1.00000
2440,-0.04883,0.99997,-1.00000
2441,-0.09616,0.99997,-0.60898
2442,-0.11212,0.99997,0.06671
2444,-0.09021,0.99997,0.75391
2445,-0.03693,0.99997,0.99997
2446,0.03717,0.99997,0.99997
2447,0.11926,0.99997,0.99997
2448,0.19260,0.99997,0.99997
2450,0.24036,0.99997,0.99997
2451,0.25479,0.99997,0.99997
2452,0.24042,0.99997,0.99997
2453,0.20593,0.99997,0.98248
2454,0.15341,0.99997,0.98950
2455,0.07922,0.94229,0.96625
2457,-0.01221,0.35690,0.88947
2458,-0.09698,-0.37216,0.76004
2459,-0.13831,-0.97287,0.59238
2460,-0.10977,-1.00000,0.44745
2461,-0.01605,-1.00000,0.44278
2463,0.10626,-0.74493,0.66019
2464,0.20935,-0.45770,0.99817
2465,0.26031,-0.39374,0.99997
2466,0.25601,-0.55127,0.80429
2467,0.21844,-0.79489,-0.00644
2469,0.17636,-0.96567,-0.81464
2470,0.14655,-0.97995,-0.97742
2471,0.12689,-0.86414,-0.17487
2472,0.10535,-0.71652,0.99997
2473,0.07574,-0.62207,0.99997
2475,0.04651,-0.57666,0.99997
2476,0.03427,-0.48709,0.99997
2477,0.04913,-0.26688,0.99997
2478,0.08618,0.04926,0.87500
2479,0.13049,0.30276,0.25305
2480,0.16846,0.36362,0.01669
2482,0.19336,0.30069,-0.02625
2483,0.20172,0.35736,-0.04669
2484,0.18994,0.68597,-0.07916
2485,0.15839,0.99997,-0.07666
2486,0.11740,0.99997,-0.02847
2488,0.08414,0.06113,-0.00955
2489,0.06720,-1.00000,-0.12280
2490,0.05438,-1.00000,-0.39529
2491,0.01883,-1.00000,-0.72083
2492,-0.05759,-1.00000,-0.89902
2494,-0.16400,-1.00000,-0.75534
2495,-0.26379,-1.00000,-0.27243
2496,-0.31915,-0.94455,0.35504
2497,-0.31607,-0.44745,0.79926
2498,-0.26907,-0.13879,0.79144
2500,-0.20551,0.14911,0.31439
2501,-0.14557,0.44913,-0.34866
2502,-0.09467,0.75677,-0.77344
2503,-0.04974,0.99997,-0.67059
2504,-0.00949,0.99997,-0.08167
2505,0.02139,0.99997,0.65485
2507,0.03616,0.99997,0.99997
2508,0.03244,0.99997,0.99997
2509,0.01523,0.99997,0.81656
2510,-0.00491,0.99997,0.32611
2511,-0.01645,0.99997,-0.08789
2513,-0.01111,0.99997,-0.35309
2514,0.01364,0.99997,-0.51865
2515,0.05362,0.99997,-0.65866
2516,0.09726,0.96527,-0.79663
2517,0.12714,0.81970,-0.89764
2519,0.12534,0.68918,-0.90790
2520,0.08350,0.61304,-0.80045
2521,0.01141,0.60254,-0.59900
2522,-0.06470,0.63791,-0.37360
2523,-0.11633,0.68484,-0.20844
2525,-0.13098,0.71490,-0.15405
2526,-0.11862,0.71805,-0.19363
2527,-0.10040,0.70514,-0.25491
2528,-0.08945,0.70035,-0.26871
2529,-0.08127,0.72626,-0.22745
2530,-0.06213,0.78674,-0.18726
2532,-0.02634,0.85675,-0.20697
2533,0.01547,0.89032,-0.28323
2534,0.04401,0.84769,-0.35147
2535,0.04657,0.72672,-0.35577
2536,0.02560,0.57144,-0.31125
2538,-0.00510,0.44403,-0.28513
2539,-0.02966,0.37720,-0.31073
2540,-0.03665,0.34720,-0.33105
2541,-0.02133,0.29471,-0.24664
2542,0.01260,0.18027,-0.03104
2544,0.05060,0.02539,0.20688
2545,0.06931,-0.09903,0.28909
2546,0.04761,-0.13043,0.11224
2547,-0.01761,-0.06815,-0.26352
2548,-0.10318,0.02386,-0.66068
2550,-0.16800,0.06747,-0.91751
2551,-0.17545,0.03119,-0.98959
2552,-0.11554,-0.04849,-0.94513
2553,-0.01215,-0.09940,-0.88358
2554,0.08939,-0.07114,-0.86237
2555,0.14648,0.02725,-0.88342
2557,0.14066,0.13550,-0.92542
2558,0.08493,0.18698,-0.97327
2559,0.01456,0.15564,-1.00000
2560,-0.03308,0.07132,-1.00000
2561,-0.03894,-0.00662,-0.99490
2563,-0.01129,-0.03522,-0.85294
2564,0.02228,-0.01639,-0.61502
2565,0.03571,0.01471,-0.33972
2566,0.02277,0.02954,-0.11887
2567,-0.00122,0.03433,-0.02505
2569,-0.01575,0.05786,-0.06616
2570,-0.01511,0.11081,-0.18393
2571,-0.01187,0.16071,-0.29745
2572,-0.02090,0.15445,-0.35608
2573,-0.04028,0.07104,-0.35898
2575,-0.04932,-0.04837,-0.33392
2576,-0.02783,-0.12851,-0.30295
2577,0.02283,-0.12204,-0.26859
2578,0.07724,-0.04660,-0.22592
2579,0.10474,0.03943,-0.17844
2580,0.09100,0.09601,-0.13779
2582,0.04459,0.13327,-0.11142
2583,-0.01337,0.18411,-0.09525
2584,-0.06317,0.24646,-0.08069
2585,-0.09299,0.25717,-0.06577
2586,-0.09854,0.12985,-0.05630
2588,-0.08295,-0.16879,-0.05637
2589,-0.05774,-0.56772,-0.06021
2590,-0.03979,-0.91272,-0.05685
2591,-0.04227,-1.00000,-0.04254
2592,-0.06497,-0.97955,-0.02805
2594,-0.09421,-0.81262,-0.03183
2595,-0.11270,-0.79611,-0.06305
2596,-0.11118,-1.00000,-0.10876
2597,-0.09189,-1.00000,-0.13739
2598,-0.06351,-1.00000,-0.11917
2600,-0.03384,-1.00000,-0.05090
2601,-0.00775,-1.00000,0.03488
2602,0.01111,-1.00000,0.08884
2603,0.01913,-0.61246,0.08218
2604,0.01553,0.27890,0.03415
2605,0.00565,0.80151,0.00195
2607,0.00012,0.94073,0.03583
2608,0.00854,0.83667,0.13458
2609,0.03232,0.65021,0.24203
2610,0.06250,0.47272,0.29019
2611,0.08463,0.32889,0.25256
2613,0.08688,0.22940,0.16034
2614,0.06586,0.19794,0.06900
2615,0.02704,0.24173,0.00922
2616,-0.01797,0.30908,-0.03146
2617,-0.05566,0.29861,-0.08234
2619,-0.07492,0.13397,-0.14975
2620,-0.07205,-0.15851,-0.20609
2621,-0.05423,-0.44827,-0.21753
2622,-0.03665,-0.58942,-0.18057
2623,-0.03271,-0.52725,-0.12851
2625,-0.04367,-0.33127,-0.10098
2626,-0.05731,-0.13052,-0.10727
2627,-0.05887,-0.01505,-0.12042
2628,-0.04480,0.01138,-0.10712
2629,-0.02603,0.00015,-0.06348
2630,-0.01770,-0.00479,-0.02087
2632,-0.02524,0.00131,-0.01724
2633,-0.03967,0.00104,-0.06177
2634,-0.04596,-0.01199,-0.12680
2635,-0.03488,-0.02292,-0.17249
2636,-0.00827,-0.01410,-0.17947
2638,0.02429,0.01324,-0.16016
2639,0.05206,0.03772,-0.14209
2640,0.06738,0.03677,-0.14255
2641,0.06738,0.00571,-0.15735
2642,0.05478,-0.04034,-0.16986
2644,0.03732,-0.08041,-0.16687
2645,0.02466,-0.10321,-0.14676
2646,0.02420,-0.10965,-0.11646
2647,0.03790,-0.10397,-0.08487
2648,0.06149,-0.08496,-0.05927
2650,0.08481,-0.04892,-0.04501
2651,0.09348,-0.00162,-0.04443
2652,0.07394,0.03561,-0.05493
2653,0.02237,0.03690,-0.06903
2654,-0.04880,-0.00510,-0.07837
2655,-0.11429,-0.06552,-0.07812
2657,-0.15015,-0.09888,-0.06812
2658,-0.14841,-0.07083,-0.05054
2659,-0.12036,0.01471,-0.02890
2660,-0.08609,0.11673,-0.00943
2661,-0.06082,0.18701,-0.00168
2663,-0.04861,0.20505,-0.01294
2664,-0.04559,0.19019,-0.03934
2665,-0.04544,0.18240,-0.06271
2666,-0.04150,0.20825,-0.06055
2667,-0.02722,0.25964,-0.02393
2669,0.00085,0.30121,0.03143
2670,0.03821,0.29977,0.07300
2671,0.07132,0.25150,0.07370
2672,0.08420,0.18549,0.03143
2673,0.06876,0.14023,-0.03009
2675,0.03116,0.13181,-0.07944
2676,-0.01151,0.14108,-0.09833
2677,-0.04156,0.13254,-0.08890
2678,-0.05096,0.09009,-0.06485
2679,-0.04462,0.03943,-0.03772
2680,-0.03503,0.03467,-0.01245
2682,-0.03259,0.11911,0.00702
2683,-0.03854,0.29086,0.01160
2684,-0.04581,0.49905,-0.00903
2685,-0.04565,0.66867,-0.05563
2686,-0.03448,0.73474,-0.11298
2688,-0.01462,0.66998,-0.15646
2689,0.00974,0.50238,-0.16595
2690,0.03528,0.31677,-0.13504
2691,0.05832,0.22546,-0.07016
2692,0.07205,0.30530,0.01349
2694,0.06839,0.53717,0.09286
2695,0.04388,0.80640,0.13824
2696,0.00528,0.98495,0.12390
2697,-0.03207,0.99997,0.04727
2698,-0.05182,0.99997,-0.06079
2700,-0.04416,0.99997,-0.15149
2701,-0.00940,0.99997,-0.19174
2702,0.04272,0.99997,-0.18536
2703,0.09537,0.99997,-0.15970
2704,0.12885,0.99997,-0.13028
2705,0.12842,0.99316,-0.08298
2707,0.09283,0.59464,0.00452
2708,0.03741,0.31061,0.12189
2709,-0.01410,0.15338,0.21304
2710,-0.04425,0.05475,0.21179
2711,-0.05154,-0.04144,0.09787
2713,-0.04666,-0.12323,-0.07986
2714,-0.04004,-0.13589,-0.23685
2715,-0.03284,-0.04944,-0.31403
2716,-0.02036,0.10254,-0.31390
2717,-0.00177,0.24466,-0.28384
2719,0.01532,0.31503,-0.26807
2720,0.02133,0.30258,-0.27164
2721,0.01505,0.24136,-0.26428
2722,0.00568,0.17609,-0.21307
2723,0.00409,0.13177,-0.11371
2725,0.01215,0.10645,0.00418
2726,0.02100,0.08420,0.09839
2727,0.01981,0.05161,0.14392
2728,0.00558,0.00671,0.15018
2729,-0.01428,-0.04190,0.15341
2730,-0.02771,-0.08127,0.18979
2732,-0.02557,-0.10153,0.26697
2733,-0.00684,-0.10254,0.35471
2734,0.01944,-0.09583,0.40344
2735,0.03625,-0.09943,0.37906
2736,0.02643,-0.12653,0.28915
2738,-0.01434,-0.17480,0.18112
2739,-0.06876,-0.22586,0.11206
2740,-0.10464,-0.25674,0.11227
2741,-0.09735,-0.25601,0.16760
2742,-0.05103,-0.23148,0.23224
2744,0.00168,-0.20282,0.26105
2745,0.02481,-0.18616,0.23712
2746,0.00833,-0.18332,0.17706
2747,-0.02582,-0.18439,0.11389
2748,-0.04553,-0.17929,0.07455
2750,-0.03781,-0.16666,0.06818
2751,-0.01712,-0.15311,0.08905
2752,-0.00693,-0.14600,0.12418
2753,-0.01520,-0.14859,0.15698
2754,-0.02869,-0.16055,0.16751
2755,-0.03012,-0.17972,0.13846
2757,-0.01813,-0.20023,0.06812
2758,-0.00873,-0.20926,-0.02042
2759,-0.01721,-0.19073,-0.08804
2760,-0.04034,-0.13760,-0.10516
2761,-0.05786,-0.06369,-0.07373
2763,-0.05157,-0.00116,-0.02563
2764,-0.02267,0.01978,0.00348
2765,0.00919,-0.00565,0.00137
2766,0.02298,-0.05014,-0.01678
2767,0.01190,-0.07245,-0.02917
2769,-0.01581,-0.04593,-0.03027
2770,-0.04770,0.02557,-0.03290
2771,-0.07565,0.11557,-0.04892
2772,-0.09451,0.19672,-0.07214
2773,-0.09763,0.25577,-0.08340
2775,-0.07959,0.29169,-0.07397
2776,-0.04553,0.30490,-0.06079
2777,-0.01376,0.29291,-0.07458
2778,-0.00287,0.25827,-0.13065
2779,-0.01385,0.21722,-0.21378
2780,-0.02835,0.19626,-0.29749
2782,-0.02817,0.21515,-0.38126
2783,-0.01596,0.27115,-0.50504
2784,-0.01022,0.33920,-0.71503
2785,-0.01712,0.38959,-1.00000
2786,-0.01425,0.40790,-1.00000
2788,0.02396,0.40063,-1.00000
2789,0.07828,0.38358,-1.00000
2790,0.07175,0.36462,-1.00000
2791,-0.07394,0.33679,-1.00000
2792,-0.35159,0.28726,-0.91736
2794,-0.63736,0.21326,-0.92319
2795,-0.76315,0.12955,-0.88681
2796,-0.64246,0.05862,-0.66809
2797,-0.34164,0.01129,-0.25601
2798,-0.03043,-0.02402,0.20486
2800,0.14423,-0.06985,0.52109
2801,0.15207,-0.13370,0.59592
2802,0.06976,-0.19263,0.48465
2803,-0.00488,-0.20956,0.31943
2804,-0.02750,-0.17178,0.18741
2805,-0.01266,-0.11411,0.08157
2807,0.00922,-0.09583,-0.04129
2808,0.02594,-0.14322,-0.17426
2809,0.03818,-0.21011,-0.24557
2810,0.03818,-0.20261,-0.19031
2811,0.00903,-0.05634,-0.02411
2813,-0.05084,0.19888,0.16541
2814,-0.11047,0.44766,0.30301
2815,-0.12320,0.56784,0.39478
2816,-0.06708,0.51352,0.50577
2817,0.03067,0.33499,0.66916
2819,0.11127,0.12784,0.82413
2820,0.12991,-0.03568,0.85367
2821,0.08911,-0.13635,0.69040
2822,0.03143,-0.18860,0.38983
2823,0.00021,-0.20746,0.09900
2825,0.00458,-0.19791,-0.05164
2826,0.01782,-0.16745,-0.03732
2827,0.00821,-0.13690,0.06281
2828,-0.02893,-0.13046,0.14368
2829,-0.06650,-0.15567,0.15274
2830,-0.07178,-0.19641,0.10760
2832,-0.03748,-0.22800,0.05719
2833,0.01099,-0.23962,0.03497
2834,0.03799,-0.24203,0.04407
2835,0.02768,-0.25409,0.07135
2836,-0.00580,-0.28253,0.10410
2838,-0.03445,-0.31436,0.13370
2839,-0.04071,-0.32761,0.15295
2840,-0.02777,-0.30945,0.15781
2841,-0.01038,-0.26587,0.15182
2842,0.00095,-0.21680,0.14374
2844,0.00677,-0.18207,0.13757
2845,0.01382,-0.17014,0.12787
2846,0.02646,-0.17581,0.10919
2847,0.04257,-0.18579,0.09058
2848,0.05566,-0.18726,0.09579
2850,0.06000,-0.17441,0.14322
2851,0.05539,-0.15067,0.22226
2852,0.04913,-0.12640,0.29221
2853,0.05151,-0.11316,0.30862
2854,0.06631,-0.11700,0.25632
2855,0.08365,-0.13513,0.16049
2857,0.08438,-0.15753,0.06674
2858,0.05643,-0.17322,0.00885
2859,0.00909,-0.17529,-0.00952
2860,-0.03000,-0.16165,-0.00757
2861,-0.03647,-0.13205,-0.00668
2863,-0.01099,-0.08704,-0.01566
2864,0.01953,-0.03116,-0.03101
2865,0.02417,0.02286,-0.04626
2866,-0.00565,0.05655,-0.05832
2867,-0.04929,0.05652,-0.06656
2869,-0.07526,0.02658,-0.06995
2870,-0.06760,-0.01068,-0.06702
2871,-0.03787,-0.02664,-0.05890
2872,-0.01346,-0.00571,-0.05032
2873,-0.01382,0.04437,-0.04773
2875,-0.03546,0.09882,-0.05591
2876,-0.05652,0.13437,-0.07672
2877,-0.05615,0.14551,-0.10754
2878,-0.03177,0.14703,-0.13858
2879,0.00000,0.16101,-0.15280
2880,0.01749,0.19794,-0.13501
2882,0.01108,0.24554,-0.08768
2883,-0.01120,0.27341,-0.04037
2884,-0.03275,0.25198,-0.03741
2885,-0.04166,0.17429,-0.10712
2886,-0.03705,0.06451,-0.23520
2888,-0.02530,-0.03345,-0.36664
2889,-0.01273,-0.08261,-0.43884
2890,-0.00238,-0.07547,-0.42264
2891,0.00497,-0.03586,-0.34158
2892,0.00995,0.00232,-0.25620
2894,0.01471,0.02136,-0.22433
2895,0.02158,0.02814,-0.26312
2896,0.02917,0.03833,-0.33859
2897,0.03049,0.05585,-0.39258
2898,0.01895,0.07288,-0.39221
2900,-0.00162,0.09250,-0.36407
2901,-0.01447,0.14420,-0.37796
2902,-0.00177,0.26126,-0.48343
2903,0.03760,0.42908,-0.64896
2904,0.08200,0.55728,-0.76468
2905,0.10129,0.52039,-0.71732
2907,0.08020,0.25162,-0.47812
2908,0.03058,-0.18796,-0.12631
2909,-0.01871,-0.63245,0.21179
2910,-0.04349,-0.91718,0.44797
2911,-0.03949,-0.98236,0.56671
2913,-0.02066,-0.89154,0.59149
2914,-0.00653,-0.76035,0.53619
2915,-0.01004,-0.66531,0.39880
2916,-0.03256,-0.60889,0.19543
2917,-0.06473,-0.55289,-0.01767
2919,-0.09082,-0.47360,-0.17010
2920,-0.09607,-0.38489,-0.22980
2921,-0.07532,-0.31949,-0.22574
2922,-0.03790,-0.29684,-0.21634
2923,-0.00229,-0.30847,-0.23340
2925,0.01706,-0.32819,-0.25500
2926,0.01999,-0.33154,-0.22913
2927,0.01822,-0.30890,-0.12286
2928,0.02219,-0.26575,0.04660
2929,0.03015,-0.21527,0.22198
2930,0.03003,-0.16968,0.34512
2932,0.01157,-0.13550,0.39389
2933,-0.02454,-0.11362,0.39246
2934,-0.06781,-0.10062,0.39172
2935,-0.10614,-0.08783,0.43640
2936,-0.12991,-0.05914,0.54010
2938,-0.13013,0.00589,0.67810
2939,-0.10040,0.11966,0.79733
2940,-0.04736,0.27063,0.83707
2941,0.00073,0.41898,0.75876
2942,0.00702,0.51297,0.57693
2944,-0.03915,0.52011,0.36755
2945,-0.09772,0.45056,0.22891
2946,-0.10092,0.35547,0.20334
2947,-0.02075,0.29929,0.21872
2948,0.08093,0.32358,0.11740
2950,0.08563,0.42395,-0.22348
2951,-0.07071,0.55170,-0.76886
2952,-0.30783,0.64056,-1.00000
2953,-0.44180,0.64697,-1.00000
2954,-0.35709,0.58109,-1.00000
2955,-0.16592,0.50317,-1.00000
2957,-0.17764,0.47626,-1.00000
2958,-0.64484,0.50729,-0.79532
2959,-1.00000,0.53516,-0.64639
2960,-1.00000,0.49304,-0.46420
2961,-1.00000,0.39340,-0.20380
2963,-1.00000,0.33502,0.06067
2964,0.20444,0.39346,0.21417
2965,0.99997,0.48923,0.22977
2966,0.98199,0.39487,0.20578
2967,-0.30731,-0.07071,0.26581
2969,-1.00000,-0.81662,0.42258
2970,-1.00000,-1.00000,0.54974
2971,-1.00000,-1.00000,0.49808
2972,-1.00000,-1.00000,0.24475
2973,0.41513,-0.27182,-0.07010
2975,0.99997,0.39661,-0.25290
2976,0.99997,0.61298,-0.20401
2977,0.99997,0.43915,0.03204
2978,0.60187,0.16885,0.34119
2979,-0.05219,0.05292,0.64645
2980,-0.50067,0.13373,0.94208
2982,-0.64874,0.28976,0.99997
2983,-0.47006,0.38443,0.99997
2984,-0.04224,0.36377,0.99997
2985,0.45480,0.25671,0.99997
2986,0.82965,0.13382,0.99997
2988,0.99341,0.07455,0.99997
2989,0.99005,0.13315,0.99997
2990,0.92191,0.28958,0.99997
2991,0.85449,0.42599,0.99997
2992,0.78900,0.38660,0.99997
2994,0.70450,0.10181,0.99997
2995,0.60303,-0.32956,0.99997
2996,0.50836,-0.69299,0.99997
2997,0.43561,-0.81705,0.99997
2998,0.37729,-0.70187,0.99997
3000,0.32141,-0.50613,0.99997
3001,0.27356,-0.41013,0.99997
3002,0.25311,-0.47977,0.99997
3003,0.26788,-0.63934,0.98441
3004,0.29776,-0.75391,0.42514
3005,0.30701,-0.73648,-0.13245
3007,0.27399,-0.59644,-0.49884
3008,0.20911,-0.41159,-0.63214
3009,0.14432,-0.26428,-0.66632
3010,0.10544,-0.19131,-0.75946
3011,0.09344,-0.17349,-0.89969
3013,0.08948,-0.16068,-0.86182
3014,0.07611,-0.11127,-0.37732
3015,0.05289,-0.01981,0.62027
3016,0.03259,0.08505,0.99997
3017,0.02606,0.16599,0.99997
3019,0.03247,0.20175,0.99997
3020,0.04391,0.18982,0.99997
3021,0.05521,0.13345,0.99997
3022,0.06534,0.03851,0.99997
3023,0.07104,-0.06897,0.99997
3025,0.06406,-0.12875,0.99997
3026,0.03970,-0.06973,0.99997
3027,0.00775,0.13074,0.99997
3028,-0.01001,0.40271,0.99997
3029,0.00272,0.60849,0.44012
3030,0.04092,0.63199,-0.12683
3032,0.08127,0.46320,-0.34552
3033,0.10129,0.20432,-0.23895
3034,0.09525,-0.00870,-0.08163
3035,0.07251,-0.10199,-0.24161
3036,0.04428,-0.09808,-0.90039
3038,0.01532,-0.07101,-1.00000
3039,-0.01215,-0.07309,-1.00000
3040,-0.03192,-0.10007,-1.00000
3041,-0.03610,-0.11526,-1.00000
3042,-0.02408,-0.09702,-1.00000
3044,-0.00638,-0.06097,-1.00000
3045,0.00296,-0.04129,-1.00000
3046,-0.00229,-0.05594,-1.00000
3047,-0.01642,-0.09149,-1.00000
3048,-0.02856,-0.11835,-1.00000
3050,-0.03177,-0.11774,-1.00000
3051,-0.02658,-0.09457,-1.00000
3052,-0.01859,-0.06790,-1.00000
3053,-0.01425,-0.05283,0.99997
3054,-0.01788,-0.05112,0.99997
3055,-0.02979,-0.05569,0.99997
3057,-0.04559,-0.05984,0.99997
3058,-0.05835,-0.06122,0.99997
3059,-0.06244,-0.05930,-1.00000
3060,-0.05579,-0.05261,-1.00000
3061,-0.03793,-0.03952,-1.00000
3063,-0.00769,-0.02029,-1.00000
3064,0.03513,0.00247,-1.00000
3065,0.08450,0.02496,-1.00000
3066,0.12677,0.04276,-1.00000
3067,0.14706,0.05075,-1.00000
3069,0.13885,0.04480,-1.00000
3070,0.10693,0.02606,-1.00000
3071,0.06165,0.00348,-1.00000
3072,0.01224,-0.01007,-1.00000
3073,-0.03412,-0.00653,-1.00000
3075,-0.06891,0.00967,-1.00000
3076,-0.08279,0.02203,-1.00000
3077,-0.07294,0.01144,-1.00000
3078,-0.04907,-0.03061,-0.85291
3079,-0.02954,-0.09265,-0.52319
3080,-0.02853,-0.14587,-0.24164
3082,-0.04559,-0.16113,-0.05768
3083,-0.06677,-0.13150,0.02249
3084,-0.07617,-0.08054,0.04254
3085,-0.06705,-0.04346,0.07559
3086,-0.04449,-0.03250,0.18204
3088,-0.01938,-0.02246,0.37054
3089,-0.00031,0.02060,0.58368
3090,0.01077,0.09058,0.72171
3091,0.01685,0.13013,0.70529
3092,0.02142,0.08505,0.54987
3094,0.02667,-0.02411,0.38843
3095,0.03479,-0.10110,0.38687
3096,0.04956,-0.06860,0.58469
3097,0.07251,0.03271,0.80020
3098,0.09576,0.07019,0.73819
3100,0.10104,-0.01562,0.26895
3101,0.07321,-0.05899,-0.35663
3102,0.01959,0.28055,-0.60446
3103,-0.02493,0.99997,-0.06461
3104,-0.01956,0.99997,0.99997
3105,0.04907,0.99997,0.99997
3107,0.15341,0.99997,0.99997
3108,0.24713,0.99997,0.99997
3109,0.30289,0.99997,0.99997
3110,0.32718,0.99997,0.15195
3111,0.33853,0.99997,-0.48489
3113,0.33578,0.47650,-0.63672
3114,0.29587,0.03055,-0.62894
3115,0.20630,-0.27710,-0.71259
3116,0.09503,-0.67285,-0.84998
3117,0.01843,-1.00000,-0.85126
3119,0.01239,-1.00000,-0.66574
3120,0.05539,-1.00000,-0.49365
3121,0.08469,-1.00000,-0.59598
3122,0.05399,-0.32117,-1.00000
3123,-0.02255,0.84753,-1.00000
3125,-0.08389,0.99997,-1.00000
3126,-0.07986,0.99997,-1.00000
3127,-0.01755,0.99997,-0.96738
3128,0.04727,0.79630,-0.56464
3129,0.06332,0.69153,-0.24710
3130,0.03000,0.99997,0.20401
3132,-0.00488,0.99997,0.99997
3133,0.01044,0.99997,0.99997
3134,0.08835,0.99997,0.99997
3135,0.19687,0.99997,0.99997
3136,0.29099,0.99997,0.99997
3138,0.34579,0.99997,0.99997
3139,0.36246,0.99997,0.99997
3140,0.34943,0.99997,0.99997
3141,0.30466,0.66806,0.99997
3142,0.21927,-0.31732,0.99997
3144,0.09653,-1.00000,0.27383
3145,-0.03717,-1.00000,-1.00000
3146,-0.14233,-1.00000,-1.00000
3147,-0.19040,-1.00000,-1.00000
3148,-0.18036,-1.00000,-1.00000
3150,-0.13672,-0.98273,-1.00000
3151,-0.09326,-0.47885,-1.00000
3152,-0.07648,-0.58246,-1.00000
3153,-0.09625,-1.00000,-1.00000
3154,-0.14502,-1.00000,-1.00000
3155,-0.20209,-1.00000,-1.00000
3157,-0.24237,-1.00000,-1.00000
3158,-0.24783,-1.00000,-1.00000
3159,-0.21600,-1.00000,-1.00000
3160,-0.15991,-0.59381,-1.00000
3161,-0.09869,0.99997,-1.00000
3163,-0.04550,0.99997,-1.00000
3164,-0.00220,0.99997,-1.00000
3165,0.03577,0.99997,-0.61713
3166,0.06952,0.10593,0.18689
3167,0.09167,-0.48248,0.51025
3169,0.09164,-0.43234,0.39880
3170,0.06711,-0.13202,0.10751
3171,0.03043,-0.07498,-0.09430
3172,0.00171,-0.47522,-0.12219
3173,-0.00848,-1.00000,-0.11349
3175,-0.01080,-1.00000,-0.27255
3176,-0.02985,-1.00000,-0.66736
3177,-0.08072,-1.00000,-1.00000
3178,-0.15045,-1.00000,-1.00000
3179,-0.20337,-0.81030,-1.00000
3180,-0.20840,-0.53354,-1.00000
3182,-0.16489,-0.16760,-1.00000
3183,-0.10297,0.23352,-1.00000
3184,-0.05997,0.30768,-1.00000
3185,-0.05353,-0.39218,-1.00000
3186,-0.07492,-1.00000,-0.03784
3188,-0.10358,-1.00000,0.69647
3189,-0.12610,-1.00000,0.58072
3190,-0.14294,-1.00000,-0.35275
3191,-0.16080,-1.00000,-1.00000
3192,-0.18100,-1.00000,-1.00000
3194,-0.19547,-0.75757,-1.00000
3195,-0.19254,0.52917,-1.00000
3196,-0.16760,0.99997,-1.00000
3197,-0.12909,0.99997,-1.00000
3198,-0.09482,0.99997,-0.03809
3200,-0.07974,0.99997,0.99997
3201,-0.08417,0.99997,0.99997
3202,-0.09293,0.99997,0.99997
3203,-0.08765,0.99997,0.99997
3204,-0.06210,0.99997,0.99997
3205,-0.02692,0.64676,0.99997
3207,0.00058,0.31744,0.99997
3208,0.01089,0.77426,0.99997
3209,0.00757,0.99997,0.99997
3210,0.00018,0.99997,0.99997
3211,-0.00549,0.99997,0.99997
3213,-0.00854,0.11438,0.99997
3214,-0.00684,-1.00000,0.99997
3215,0.00616,-1.00000,0.99997
3216,0.03467,-1.00000,0.99997
3217,0.07022,-0.44235,0.99997
3219,0.09106,0.54291,0.99997
3220,0.07648,0.99997,0.99997
3221,0.02573,0.99997,0.99997
3222,-0.03641,0.99997,0.99997
3223,-0.07443,0.94315,0.99997
3225,-0.06723,0.83371,-0.71585
3226,-0.02298,0.87527,-1.00000
3227,0.02762,0.96756,-1.00000
3228,0.05359,0.99594,-1.00000
3229,0.04318,0.93805,-0.84177
3230,0.00787,0.87183,0.53555
3232,-0.02896,0.86667,0.86621
3233,-0.04675,0.85083,0.26682
3234,-0.03714,0.59967,-0.51926
3235,-0.00629,-0.09622,-0.82568
3236,0.02826,-1.00000,-0.58295
3238,0.04596,-1.00000,-0.22144
3239,0.03549,-1.00000,-0.12766
3240,0.00430,-1.00000,-0.23248
3241,-0.02518,-1.00000,-0.14221
3242,-0.03433,-1.00000,0.34247
3244,-0.02686,-0.10062,0.88376
3245,-0.02750,0.47464,0.84464
3246,-0.05743,0.76825,-0.07443
3247,-0.10806,0.92554,-1.00000
3248,-0.14172,0.99570,-1.00000
3250,-0.12277,0.91983,-1.00000
3251,-0.05185,0.65012,-0.60626
3252,0.03030,0.24692,0.76447
3253,0.07455,-0.14737,0.99997
3254,0.06241,-0.41663,0.99997
3255,0.01718,-0.54489,0.44409
3257,-0.01941,-0.59329,0.23334
3258,-0.02161,-0.62186,0.51913
3259,0.00439,-0.63840,0.80566
3260,0.03125,-0.61264,0.53735
3261,0.03302,-0.52637,-0.32983
3263,0.00150,-0.40915,-1.00000
3264,-0.05099,-0.33279,-1.00000
3265,-0.09900,-0.36926,-1.00000
3266,-0.11673,-0.53702,-0.59378
3267,-0.09332,-0.77057,-0.14334
3269,-0.04297,-0.94733,-0.24362
3270,0.00000,-0.96954,-0.69580
3271,0.00372,-0.84048,-1.00000
3272,-0.03552,-0.65527,-1.00000
3273,-0.08658,-0.50037,-0.81079
3275,-0.10535,-0.36481,-0.84863
3276,-0.06961,-0.18216,-1.00000
3277,0.00220,0.01529,-1.00000
3278,0.06540,0.00702,-1.00000
3279,0.08429,-0.48404,-1.00000
3280,0.05853,-1.00000,-1.00000
3282,0.01892,-1.00000,-1.00000
3283,-0.00247,-1.00000,-1.00000
3284,-0.00156,-1.00000,-1.00000
3285,-0.00552,-1.00000,-1.00000
3286,-0.04709,-1.00000,-1.00000
3288,-0.13092,-1.00000,-1.00000
3289,-0.22137,-1.00000,-1.00000
3290,-0.26453,-0.72748,-1.00000
3291,-0.22867,-0.50568,-0.79965
3292,-0.13156,-0.68387,-0.09055
3294,-0.02994,-1.00000,0.38397
3295,0.02103,-1.00000,0.61911
3296,0.00674,-1.00000,0.71600
3297,-0.04053,-1.00000,0.81082
3298,-0.07089,-1.00000,0.99997
3300,-0.05505,-1.00000,0.99997
3301,-0.00070,-0.47330,0.99997
3302,0.06161,0.50049,0.99997
3303,0.10541,0.45880,0.99997
3304,0.12271,-0.76389,0.99997
3305,0.11752,-1.00000,0.99997
3307,0.09189,-1.00000,0.99997
3308,0.04257,-1.00000,0.99997
3309,-0.02740,-1.00000,0.99997
3310,-0.09744,-1.00000,0.99997
3311,-0.13519,-0.17068,0.99997
3313,-0.11935,0.99997,0.99997
3314,-0.05978,0.99997,0.99997
3315,0.00610,0.99997,0.99997
3316,0.04086,0.99997,0.92880
3317,0.03580,0.99997,-0.41309
3319,0.01453,0.99997,-1.00000
3320,0.00900,0.99997,-1.00000
3321,0.02982,0.99997,-1.00000
3322,0.05872,0.99997,-1.00000
3323,0.06848,0.99997,-1.00000
3325,0.04984,0.99997,-1.00000
3326,0.01993,0.99997,-1.00000
3327,0.00613,0.99997,-1.00000
3328,0.02130,0.99997,-1.00000
3329,0.05310,0.99997,-0.87909
3330,0.07520,0.99997,-0.60178
3332,0.06906,0.99997,-0.39377
3333,0.03818,0.99997,-0.31821
3334,0.00351,0.99997,-0.38776
3335,-0.01483,0.90622,-0.54117
3336,-0.01443,0.12366,-0.67337
3338,-0.01218,-0.47736,-0.69904
3339,-0.02792,-0.55167,-0.60260
3340,-0.06415,-0.09045,-0.44318
3341,-0.09961,0.58542,-0.31641
3342,-0.10529,0.99997,-0.29642
3344,-0.06982,0.99997,-0.38870
3345,-0.01132,0.95532,-0.52502
3346,0.03592,0.58640,-0.61279
3347,0.04947,0.24774,-0.60516
3348,0.03568,0.01807,-0.52722
3350,0.02112,-0.09039,-0.42557
3351,0.02728,-0.09549,-0.29590
3352,0.05136,-0.04340,-0.08749
3353,0.06900,-0.01172,0.19165
3354,0.05511,-0.07611,0.38159
3355,0.00568,-0.25406,0.23193
3357,-0.05591,-0.48141,-0.38132
3358,-0.09180,-0.65500,-1.00000
3359,-0.07489,-0.70987,-1.00000
3360,-0.00977,-0.67038,-1.00000
3361,0.06598,-0.63712,-1.00000
3363,0.10529,-0.72101,-1.00000
3364,0.08649,-0.96515,-0.54410
3365,0.03271,-1.00000,-0.28781
3366,-0.00293,-1.00000,-0.32248
3367,0.02097,-1.00000,-0.44083
3369,0.09869,-1.00000,-0.44662
3370,0.17847,-0.33881,-0.23895
3371,0.20181,0.57764,0.20407
3372,0.15091,0.99997,0.85620
3373,0.06470,0.99997,0.99997
3375,0.00943,0.99997,0.99997
3376,0.02438,0.99997,0.99997
3377,0.08524,0.99997,0.99997
3378,0.11713,0.99997,0.99997
3379,0.05258,0.99997,0.99997
3380,-0.10883,0.93585,0.34207
3382,-0.29028,-0.00839,0.05731
3383,-0.39349,-0.90939,0.29028
3384,-0.37994,-1.00000,0.68610
3385,-0.30612,-1.00000,0.78934
3386,-0.27267,-1.00000,0.47482
3388,-0.32504,-1.00000,0.13663
3389,-0.39609,-0.17206,0.38486
3390,-0.35590,0.99997,0.99997
3391,-0.13678,0.99997,0.99997
3392,0.17789,0.99997,0.99997
3394,0.39355,0.99997,0.99997
3395,0.35443,0.61877,0.99997
3396,0.07819,-0.60437,0.08792
3397,-0.24524,-1.00000,-0.86719
3398,-0.39758,-1.00000,-1.00000
3400,-0.29745,-1.00000,-0.93750
3401,-0.04907,-1.00000,-1.00000
3402,0.15948,-1.00000,-1.00000
3403,0.21042,-1.00000,-1.00000
3404,0.12982,-1.00000,-1.00000
3405,0.03143,-1.00000,-1.00000
3407,0.00058,-1.00000,-1.00000
3408,0.02924,-1.00000,-1.00000
3409,0.04910,-0.45642,-1.00000
3410,0.01373,0.99997,-1.00000
3411,-0.05539,0.99997,-1.00000
3413,-0.09561,0.99997,-1.00000
3414,-0.06580,0.99997,-1.00000
3415,0.01834,0.99997,-0.01453
3416,0.10410,0.99997,0.93002
3417,0.14941,0.99997,0.99997
3419,0.15240,0.99997,0.38837
3420,0.14166,0.99997,-0.48694
3421,0.14362,0.99997,-1.00000
3422,0.15845,0.99997,-1.00000
3423,0.16162,0.99997,-0.56851
3425,0.12488,0.90082,0.03699
3426,0.03790,0.30298,0.39371
3427,-0.08517,-0.09259,0.33627
3428,-0.21631,-0.18045,-0.05228
3429,-0.33215,-0.00015,-0.53815
3430,-0.42520,0.36749,-0.89673
3432,-0.49918,0.86935,-1.00000
3433,-0.55246,0.99997,-1.00000
3434,-0.56500,0.99997,-1.00000
3435,-0.50540,0.99997,-1.00000
3436,-0.35709,0.46954,-1.00000
3438,-0.14584,-0.91989,-1.00000
3439,0.05746,-1.00000,-0.38486
3440,0.16855,-1.00000,0.42697
3441,0.13956,-1.00000,0.94949
3442,-0.00781,-0.66937,0.85870
3444,-0.19147,0.27725,0.22488
3445,-0.31689,0.75595,-0.53207
3446,-0.33008,0.86011,-0.97290
3447,-0.23874,0.89249,-0.96378
3448,-0.09210,0.99997,-0.71988
3450,0.05679,0.99997,-0.56442
3451,0.17264,0.99997,-0.64923
3452,0.23389,0.99997,-0.87860
3453,0.22256,0.99997,-1.00000
3454,0.13156,0.99997,-1.00000
3455,-0.01453,0.99997,-0.89749
3457,-0.15393,0.99997,-0.61975
3458,-0.21674,0.99997,-0.22409
3459,-0.17090,0.99997,0.30978
3460,-0.04501,0.99997,0.92102
3461,0.09476,0.72949,0.99997
3463,0.19305,0.46741,0.99997
3464,0.23700,0.37030,0.99997
3465,0.24939,0.43607,0.87131
3466,0.25882,0.56726,0.35870
3467,0.27689,0.63977,0.05826
3469,0.29715,0.58679,0.00452
3470,0.30573,0.43820,0.06433
3471,0.29044,0.28870,0.07779
3472,0.24551,0.22412,-0.00922
3473,0.17584,0.26382,-0.12726
3475,0.09879,0.35876,-0.17416
3476,0.03662,0.43774,-0.11578
3477,0.00146,0.45941,-0.00781
3478,-0.01260,0.43222,0.06418
3479,-0.02029,0.39511,0.05801
3480,-0.02670,0.38065,-0.00381
3482,-0.02057,0.39050,-0.06906
3483,0.01208,0.39929,-0.10220
3484,0.06857,0.37994,-0.10025
3485,0.12683,0.32880,-0.07672
3486,0.16226,0.26898,-0.04102
3488,0.16531,0.22873,0.00476
3489,0.14093,0.21402,0.05588
3490,0.09518,0.20218,0.09924
3491,0.02856,0.16455,0.12064
3492,-0.05374,0.09772,0.11572
3494,-0.12973,0.03156,0.09213
3495,-0.16660,0.00366,0.06003
3496,-0.14502,0.02448,0.02328
3497,-0.07797,0.06705,-0.01987
3498,-0.00247,0.09167,-0.06754
3500,0.05002,0.08026,-0.10880
3501,0.07620,0.04724,-0.12888
3502,0.09689,0.01904,-0.12094
3503,0.13129,0.00674,-0.09204
3504,0.17599,-0.00012,-0.05844
3505,0.20609,-0.01639,-0.03540
3507,0.19547,-0.04248,-0.03125
3508,0.13815,-0.06412,-0.04800
3509,0.05609,-0.06760,-0.08234
3510,-0.01068,-0.05243,-0.12296
3511,-0.02509,-0.02921,-0.14948
3513,0.02466,-0.00977,-0.14166
3514,0.11475,-0.00247,-0.09756
3515,0.19647,-0.01376,-0.04291
3516,0.22571,-0.04675,-0.01733
3517,0.19312,-0.09174,-0.04312
3519,0.13141,-0.12021,-0.10339
3520,0.09048,-0.09717,-0.15402
3521,0.09833,-0.01025,-0.16107
3522,0.13861,0.10880,-0.12982
3523,0.16519,0.19547,-0.09595
3525,0.14185,0.19510,-0.08740
3526,0.07428,0.10443,-0.09412
3527,0.00647,-0.02301,-0.07681
3528,-0.01578,-0.11337,-0.00644
3529,0.01694,-0.12247,0.10468
3530,0.06934,-0.06104,0.20972
3532,0.09033,0.01938,0.26410
3533,0.05414,0.06531,0.25754
3534,-0.02029,0.05511,0.21442
3535,-0.08618,0.00836,0.16861
3536,-0.10532,-0.03128,0.13922
3538,-0.07339,-0.02646,0.12512
3539,-0.01617,0.02795,0.11505
3540,0.03430,0.09964,0.09814
3541,0.06036,0.14026,0.06857
3542,0.06165,0.12161,0.02768
3544,0.04453,0.05960,-0.01376
3545,0.01450,0.00299,-0.03897
3546,-0.02216,-0.00711,-0.03851
3547,-0.05371,0.02643,-0.02444
3548,-0.06604,0.05920,-0.02753
3550,-0.05353,0.04611,-0.07306
3551,-0.02692,-0.01715,-0.15335
3552,-0.00790,-0.09149,-0.22546
3553,-0.01315,-0.13278,-0.24130
3554,-0.04031,-0.13138,-0.18555
3555,-0.06845,-0.11374,-0.08704
3557,-0.07266,-0.10635,0.00632
3558,-0.04245,-0.10309,0.06406
3559,0.00894,-0.07178,0.08719
3560,0.05048,0.00690,0.09140
3561,0.05237,0.11057,0.08359
3563,0.00702,0.18848,0.06042
3564,-0.06186,0.20517,0.02841
3565,-0.11078,0.17035,0.01755
3566,-0.10440,0.12729,0.06357
3567,-0.04129,0.11292,0.16995
3569,0.04248,0.12985,0.28836
3570,0.09778,0.15402,0.34476
3571,0.09735,0.16422,0.29419
3572,0.05453,0.16202,0.15692
3573,0.01019,0.16464,0.00278
3575,-0.00021,0.18402,-0.10211
3576,0.02750,0.21442,-0.13788
3577,0.06781,0.23849,-0.13031
3578,0.08969,0.24078,-0.11728
3579,0.08041,0.21518,-0.11896
3580,0.05035,0.16354,-0.13342
3582,0.01816,0.09302,-0.14752
3583,-0.00577,0.01566,-0.14471
3584,-0.02295,-0.05310,-0.10938
3585,-0.03839,-0.10153,-0.04056
3586,-0.05191,-0.12894,0.03000
3588,-0.05917,-0.14554,0.04382
3589,-0.05859,-0.16266,-0.03671
3590,-0.05371,-0.18335,-0.17160
3591,-0.04758,-0.20215,-0.24106
3592,-0.03738,-0.21149,-0.12564
3594,-0.01859,-0.20578,0.18716
3595,0.00461,-0.17929,0.56729
3596,0.01584,-0.12463,0.82312
3597,-0.00031,-0.03778,0.83859
3598,-0.03876,0.07596,0.65137
3600,-0.07028,0.20490,0.40884
3601,-0.06329,0.34085,0.24722
3602,-0.01498,0.48044,0.19946
3603,0.03922,0.61102,0.20117
3604,0.05225,0.69852,0.17340
3605,0.00833,0.70206,0.10242
3607,-0.05814,0.61398,0.05185
3608,-0.08789,0.48373,0.10483
3609,-0.04730,0.38864,0.28595
3610,0.04138,0.36517,0.52454
3611,0.11758,0.36615,0.68839
3613,0.13235,0.29535,0.66788
3614,0.08618,0.09717,0.45135
3615,0.02234,-0.18301,0.13507
3616,-0.01486,-0.42816,-0.14310
3617,-0.01617,-0.54318,-0.29700
3619,-0.00656,-0.52435,-0.33981
3620,-0.01306,-0.44403,-0.35208
3621,-0.03558,-0.37610,-0.40225
3622,-0.04919,-0.33862,-0.49011
3623,-0.03223,-0.30029,-0.55618
3625,0.00940,-0.22708,-0.54114
3626,0.04651,-0.11447,-0.43982
3627,0.05420,0.01547,-0.30661
3628,0.03555,0.13089,-0.21445
3629,0.01843,0.19617,-0.20325
3630,0.02924,0.17819,-0.25662
3632,0.06787,0.07291,-0.32089
3633,0.10721,-0.05945,-0.34946
3634,0.11612,-0.09921,-0.33929
3635,0.08524,0.05972,-0.32990
3636,0.03348,0.41312,-0.36307
3638,-0.00854,0.81421,-0.43469
3639,-0.02225,0.99997,-0.48318
3640,-0.01208,0.99997,-0.43295
3641,0.00284,0.69928,-0.26266
3642,0.00595,0.30032,-0.03876
3644,-0.00522,-0.03329,0.12152
3645,-0.02029,-0.24731,0.13242
3646,-0.02570,-0.39130,-0.00107
3647,-0.01474,-0.53357,-0.19513
3648,0.00781,-0.68491,-0.35272
3650,0.02756,-0.80219,-0.41928
3651,0.02859,-0.85562,-0.38516
3652,0.00452,-0.87698,-0.25601
3653,-0.03430,-0.92764,-0.04590
3654,-0.06445,-1.00000,0.19061
3655,-0.06534,-1.00000,0.33734
3657,-0.03534,-0.77817,0.26538
3658,0.00574,-0.22681,-0.06137
3659,0.03256,0.51962,-0.52051
3660,0.03516,0.99997,-0.88953
3661,0.02515,0.99997,-1.00000
3663,0.02115,0.99997,-0.86899
3664,0.02777,0.99997,-0.65515
3665,0.03055,0.99997,-0.52582
3666,0.01273,0.99997,-0.51047
3667,-0.02325,0.99997,-0.50314
3669,-0.05264,0.99997,-0.38730
3670,-0.04895,0.99997,-0.15482
3671,-0.00833,0.99997,0.09314
3672,0.04611,0.67883,0.24905
3673,0.08438,0.22583,0.29309
3675,0.09335,-0.03616,0.28864
3676,0.08163,-0.10870,0.29987
3677,0.06271,-0.07675,0.32742
3678,0.03763,-0.03525,0.32599
3679,-0.00366,-0.04327,0.27475
3680,-0.06329,-0.11493,0.21835
3682,-0.12067,-0.22760,0.23492
3683,-0.14090,-0.33197,0.36575
3684,-0.10211,-0.36636,0.57697
3685,-0.01779,-0.28314,0.78604
3686,0.06693,-0.08295,0.92145
3688,0.10406,0.16733,0.96204
3689,0.07483,0.36298,0.93085
3690,0.00128,0.44058,0.86191
3691,-0.06873,0.45892,0.77264
3692,-0.09061,0.59949,0.65759
3694,-0.04715,0.99997,0.49878
3695,0.04431,0.99997,0.28366
3696,0.14203,0.99997,0.02283
3697,0.20010,0.99997,-0.24179
3698,0.19022,0.99997,-0.44919
3700,0.11633,0.99997,-0.55234
3701,0.01401,0.58502,-0.54990
3702,-0.06744,-0.24921,-0.48663
3703,-0.09222,-0.58600,-0.41364
3704,-0.05798,-0.53949,-0.33878
3705,0.00552,-0.39587,-0.21390
3707,0.05850,-0.35718,0.02051
3708,0.07751,-0.41388,0.36685
3709,0.06647,-0.42090,0.73972
3710,0.04553,-0.26651,0.99997
3711,0.03094,0.02859,0.99997
3713,0.02332,0.34570,0.98221
3714,0.01318,0.56970,0.79456
3715,-0.00571,0.65558,0.62137
3716,-0.02963,0.62119,0.50131
3717,-0.05051,0.50610,0.41385
3719,-0.06564,0.34796,0.32892
3720,-0.07941,0.18704,0.24335
3721,-0.09592,0.07092,0.16785
3722,-0.11084,0.03778,0.09485
3723,-0.11346,0.08841,0.00128
3725,-0.09659,0.17532,-0.10715
3726,-0.06506,0.22308,-0.16302
3727,-0.03357,0.16879,-0.06635
3728,-0.01611,-0.00266,0.23972
3729,-0.01608,-0.24823,0.71124
3730,-0.02490,-0.48691,0.99997
3732,-0.02826,-0.63965,0.99997
3733,-0.01544,-0.66913,0.99997
3734,0.01382,-0.59579,0.99997
3735,0.04797,-0.48035,0.83698
3736,0.06985,-0.38422,0.40134
3738,0.06815,-0.33734,0.32199
3739,0.04654,-0.33478,0.70486
3740,0.02173,-0.35864,0.99997
3741,0.00961,-0.40051,0.99997
3742,0.01169,-0.46292,0.99997
3744,0.01459,-0.54364,0.64441
3745,0.00473,-0.62296,-0.28058
3746,-0.01721,-0.67023,-0.77945
3747,-0.03711,-0.66385,-0.63855
3748,-0.04224,-0.60568,-0.10208
3750,-0.03354,-0.51855,0.37137
3751,-0.02231,-0.43182,0.49011
3752,-0.01581,-0.36771,0.31512
3753,-0.00974,-0.33591,0.12854
3754,0.00385,-0.33334,0.15381
3755,0.02243,-0.34604,0.39240
3757,0.03085,-0.35431,0.68692
3758,0.01581,-0.34323,0.89914
3759,-0.01758,-0.31311,0.99997
3760,-0.04492,-0.28015,0.99997
3761,-0.04068,-0.26422,0.99997
3763,0.00064,-0.27368,0.99997
3764,0.05923,-0.30228,0.99997
3765,0.10510,-0.34033,0.83841
3766,0.12036,-0.38724,0.45074
3767,0.10968,-0.45065,0.13452
3769,0.09225,-0.53189,0.00754
3770,0.08359,-0.61469,0.06329
3771,0.08316,-0.67126,0.19180
3772,0.07703,-0.68170,0.27682
3773,0.05188,-0.64813,0.28223
3775,0.00851,-0.59006,0.25586
3776,-0.03662,-0.52734,0.25760
3777,-0.06366,-0.46866,0.28851
3778,-0.06577,-0.41547,0.29031
3779,-0.05618,-0.37244,0.21146
3780,-0.05777,-0.34830,0.06750
3782,-0.08109,-0.34277,-0.06818
3783,-0.10977,-0.33478,-0.13312
3784,-0.10907,-0.29102,-0.13120
3785,-0.05521,-0.19537,-0.11682
3786,0.03873,-0.07462,-0.12732
3788,0.12595,0.00903,-0.13901
3789,0.16019,0.00226,-0.09897
3790,0.13324,-0.09085,-0.00275
3791,0.08099,-0.20279,0.06497
3792,0.05112,-0.25348,-0.01761
3794,0.06067,-0.21909,-0.29565
3795,0.08313,-0.15414,-0.65833
3796,0.07614,-0.13889,-0.87708
3797,0.02255,-0.19763,-0.75928
3798,-0.05347,-0.27179,-0.31528
3800,-0.10898,-0.28403,0.19894
3801,-0.11932,-0.23468,0.43182
3802,-0.09506,-0.22409,0.19861
3803,-0.06644,-0.35858,-0.34290
3804,-0.05457,-0.62088,-0.77164
3805,-0.05746,-0.84149,-0.71109
3807,-0.06073,-0.82333,-0.12524
3808,-0.05728,-0.52051,0.65717
3809,-0.05450,-0.10382,0.99997
3810,-0.06293,0.15689,0.99997
3811,-0.08185,0.09338,0.99997
3813,-0.09833,-0.25580,0.99997
3814,-0.10242,-0.71542,0.99997
3815,-0.10190,-1.00000,0.99997
3816,-0.11850,-1.00000,0.99997
3817,-0.16586,-1.00000,0.99997
3819,-0.23053,-1.00000,0.99997
3820,-0.27756,-1.00000,0.99997
3821,-0.28049,-0.85406,0.99997
3822,-0.24780,-0.24487,0.99997
3823,-0.21606,0.13037,0.99997
3825,-0.21103,0.07211,0.85013
3826,-0.21225,-0.31699,0.99997
3827,-0.16046,-0.67725,0.99997
3828,-0.00818,-0.65997,0.99997
3829,0.23056,-0.19537,0.99997
3830,0.47897,0.46915,0.99997
3832,0.64920,0.98267,0.65857
3833,0.70261,0.99997,-0.48318
3834,0.66769,0.99997,-1.00000
3835,0.60587,0.90961,-1.00000
3836,0.56186,0.83997,-1.00000
3838,0.54132,0.85358,-1.00000
3839,0.52463,0.86093,-1.00000
3840,0.49329,0.79843,-1.00000
3841,0.44284,0.68042,-1.00000
3842,0.37961,0.56549,-1.00000
3844,0.31400,0.49628,-1.00000
3845,0.25793,0.47177,-1.00000
3846,0.22159,0.45895,-1.00000
3847,0.20401,0.41617,-1.00000
3848,0.18756,0.31219,-1.00000
3850,0.14771,0.14279,-1.00000
3851,0.07648,-0.05734,-1.00000
3852,-0.00232,-0.22372,0.00522
3853,-0.04617,-0.29855,0.92865
3854,-0.02853,-0.27054,0.99997
3855,0.03552,-0.18088,0.80103
3857,0.09894,-0.08731,0.52725
3858,0.12009,-0.01978,0.44385
3859,0.09494,0.02911,0.46985
3860,0.05472,0.07440,0.42856
3861,0.03436,0.10709,0.24179
3863,0.04291,0.09781,-0.01846
3864,0.06155,0.03171,-0.21970
3865,0.06558,-0.06659,-0.28427
3866,0.04559,-0.14780,-0.23221
3867,0.01019,-0.17892,-0.14267
3869,-0.02499,-0.16849,-0.08908
3870,-0.04681,-0.15021,-0.09836
3871,-0.04626,-0.14444,-0.14859
3872,-0.02039,-0.13794,-0.19455
3873,0.02139,-0.10226,-0.20135
3875,0.05447,-0.03024,-0.16656
3876,0.05222,0.04846,-0.11636
3877,0.00961,0.08926,-0.08020
3878,-0.04526,0.07153,-0.06714
3879,-0.06967,0.01727,-0.06491
3880,-0.04196,-0.02795,-0.05911
3882,0.01785,-0.03366,-0.04950
3883,0.06467,-0.00766,-0.04593
3884,0.06631,0.01614,-0.05258
3885,0.02765,0.01221,-0.06094
3886,-0.02045,-0.01346,-0.05853
3888,-0.05228,-0.03217,-0.04129
3889,-0.06598,-0.02347,-0.01471
3890,-0.07413,0.00381,0.01425
3891,-0.08221,0.02118,0.04218
3892,-0.08093,0.01077,0.06561
3894,-0.06018,-0.01584,0.07819
3895,-0.02692,-0.03000,0.07547
3896,-0.00491,-0.01645,0.06204
3897,-0.01437,0.01053,0.04849
3898,-0.05106,0.02240,0.03943
3900,-0.08609,0.00677,0.02777
3901,-0.08707,-0.01944,0.00491
3902,-0.04333,-0.02814,-0.02417
3903,0.02576,-0.00946,-0.04187
3904,0.08414,0.01785,-0.03851
3905,0.10278,0.02545,-0.02917
3907,0.07639,0.00351,-0.04276
3908,0.02414,-0.03046,-0.09024
3909,-0.02332,-0.04807,-0.14606
3910,-0.04184,-0.03513,-0.16806
3911,-0.02689,-0.00122,-0.13992
3913,0.00439,0.03140,-0.09244
3914,0.02444,0.04626,-0.07767
3915,0.01465,0.04251,-0.11880
3916,-0.01965,0.03091,-0.18457
3917,-0.05109,0.02338,-0.21567
3919,-0.05136,0.02515,-0.17902
3920,-0.01599,0.03403,-0.09955
3921,0.02832,0.04376,-0.03903
3922,0.04434,0.04865,-0.04214
3923,0.01733,0.04694,-0.09741
3925,-0.02838,0.04181,-0.14783
3926,-0.04651,0.04019,-0.13968
3927,-0.00836,0.04877,-0.06769
3928,0.06979,0.06943,0.02115
3929,0.13675,0.09726,0.06665
3930,0.14740,0.12253,0.04346
3932,0.09982,0.13602,-0.02097
3933,0.03531,0.13290,-0.07132
3934,0.00125,0.11282,-0.06970
3935,0.00937,0.07709,-0.02362
3936,0.02777,0.02811,0.02435
3938,0.01367,-0.02649,0.03439
3939,-0.04352,-0.07043,0.00165
3940,-0.10852,-0.08389,-0.04279
3941,-0.12997,-0.05771,-0.06085
3942,-0.08621,-0.00632,-0.04086
3944,-0.00635,0.03632,-0.00714
3945,0.05322,0.03860,0.00095
3946,0.05438,-0.00443,-0.03757
3947,0.00513,-0.06647,-0.10709
3948,-0.05331,-0.11026,-0.16699
3950,-0.08365,-0.11542,-0.18259
3951,-0.07895,-0.09018,-0.15039
3952,-0.05707,-0.05862,-0.09869
3953,-0.03506,-0.03830,-0.06451
3954,-0.01294,-0.02951,-0.06610
3955,0.01773,-0.02292,-0.09207
3957,0.05383,-0.01416,-0.11331
3958,0.07483,-0.00888,-0.10669
3959,0.06082,-0.01498,-0.07178
3960,0.01630,-0.03134,-0.02875
3961,-0.02652,-0.04602,0.00000
3963,-0.03186,-0.04501,0.00842
3964,0.00842,-0.02402,0.01028
3965,0.06567,0.00726,0.02347
3966,0.09647,0.03156,0.04828
3967,0.07700,0.03546,0.06155
3969,0.02075,0.01846,0.03503
3970,-0.03363,-0.00720,-0.03442
3971,-0.05225,-0.02441,-0.11194
3972,-0.02829,-0.02225,-0.14514
3973,0.01828,-0.00229,-0.10483
3975,0.05920,0.02325,-0.01068
3976,0.07736,0.03983,0.08273
3977,0.07288,0.03897,0.12863
3978,0.05600,0.02155,0.12213
3979,0.03662,-0.00488,0.09644
3980,0.01941,-0.03116,0.08841
3982,0.00534,-0.05060,0.10657
3983,-0.00543,-0.06039,0.12976
3984,-0.01379,-0.06177,0.13281
3985,-0.02286,-0.05905,0.11121
3986,-0.03665,-0.05811,0.08334
3988,-0.05652,-0.06354,0.07101
3989,-0.07922,-0.07590,0.07959
3990,-0.09915,-0.09058,0.09470
3991,-0.11169,-0.09903,0.09586
3992,-0.11264,-0.09268,0.07376
3994,-0.09515,-0.06772,0.03717
3995,-0.05103,-0.02890,0.00595
3996,0.01865,0.01096,-0.00327
3997,0.09271,0.03647,0.01236
3998,0.13406,0.03845,0.04147
4000,0.11359,0.01941,0.06711
4001,0.03671,-0.00909,0.07654
4002,-0.05304,-0.03506,0.06635
4003,-0.10220,-0.05331,0.04160
4004,-0.08661,-0.06555,0.01239
4005,-0.02786,-0.07413,-0.01010
4007,0.02649,-0.07773,-0.01834
4008,0.04071,-0.07333,-0.01288
4009,0.01486,-0.06079,-0.00250
4010,-0.02216,-0.04385,0.00269
4011,-0.03867,-0.02600,0.00040
4013,-0.02167,-0.00739,-0.00211
4014,0.01932,0.01309,0.00241
4015,0.06253,0.03253,0.00977
4016,0.08694,0.04376,0.00534
4017,0.08170,0.04169,-0.02054
4019,0.05066,0.02933,-0.05774
4020,0.01102,0.01624,-0.07996
4021,-0.01529,0.00964,-0.06723
4022,-0.01505,0.00803,-0.02695
4023,0.00690,0.00381,0.00812
4025,0.03067,-0.00748,0.00571
4026,0.03592,-0.02158,-0.03760
4027,0.01740,-0.02899,-0.09033
4028,-0.01141,-0.02417,-0.10864
4029,-0.02930,-0.01184,-0.06918
4030,-0.02368,-0.00485,0.01309
4032,0.00092,-0.01456,0.09546
4033,0.02850,-0.04050,0.13760
4034,0.04474,-0.06750,0.12781
4035,0.04523,-0.07443,0.08624
4036,0.03320,-0.05106,0.04501
4038,0.01141,-0.00974,0.02307
4039,-0.02017,0.02023,0.01685
4040,-0.05792,0.01578,0.01083
4041,-0.08862,-0.01859,-0.00473
4042,-0.09448,-0.05145,-0.02658
4044,-0.06870,-0.05032,-0.04550
4045,-0.02634,-0.01141,-0.05710
4046,0.00357,0.03467,-0.06421
4047,0.00098,0.04828,-0.07050
4048,-0.02728,0.01654,-0.07413
4050,-0.05203,-0.03220,-0.06879
4051,-0.04596,-0.05020,-0.04935
4052,-0.00565,-0.01181,-0.01633
4053,0.04721,0.06018,0.02319
4054,0.08432,0.11002,0.05719
4055,0.09103,0.09775,0.07166
4057,0.07126,0.03964,0.05713
4058,0.03702,-0.00314,0.01697
4059,-0.00381,0.01331,-0.03094
4060,-0.04901,0.05954,-0.06415
4061,-0.09454,0.05005,-0.07217
4063,-0.12894,-0.06235,-0.06476
4064,-0.13712,-0.19876,-0.06213
4065,-0.11154,-0.17560,-0.07492
4066,-0.05960,0.15210,-0.09198
4067,-0.00101,0.73856,-0.08887
4069,0.04248,0.99997,-0.05063
4070,0.05746,0.99997,0.01135
4071,0.04282,0.99997,0.06372
4072,0.00766,0.99997,0.07477
4073,-0.03403,0.45694,0.03922
4075,-0.06873,0.02457,-0.01590
4076,-0.08801,-0.21912,-0.05063
4077,-0.09039,-0.33951,-0.04324
4078,-0.08002,-0.42340,-0.00858
4079,-0.06241,-0.50345,0.01318
4080,-0.04160,-0.56155,-0.00876
4082,-0.02078,-0.57370,-0.06607
4083,-0.00562,-0.53738,-0.11276
4084,-0.00452,-0.46478,-0.09940
4085,-0.02335,-0.36810,-0.01340
4086,-0.05826,-0.25986,0.10895
4088,-0.09439,-0.16034,0.20831
4089,-0.11325,-0.09290,0.24405
4090,-0.10315,-0.06705,0.21756
4091,-0.06509,-0.06909,0.16162
4092,-0.01093,-0.07446,0.11023
4094,0.04156,-0.06885,0.07712
4095,0.07236,-0.05612,0.05795
4096,0.06323,-0.04605,0.04599
4097,0.00604,-0.03937,0.04053
4098,-0.08731,-0.02792,0.04037
4100,-0.18387,-0.00839,0.03488
4101,-0.24506,0.01077,0.00836
4102,-0.25101,0.02020,-0.04141
4103,-0.21347,0.02615,-0.09155
4104,-0.16415,0.05038,-0.10657
4105,-0.12881,0.10825,-0.06793
4107,-0.11227,0.18634,0.00647
4108,-0.10681,0.24600,0.07507
4109,-0.10968,0.25397,0.10718
4110,-0.12427,0.21167,0.10660
4111,-0.14398,0.15399,0.10144
4113,-0.14569,0.11703,0.11169
4114,-0.11337,0.10675,0.12930
4115,-0.06851,0.09857,0.13022
4116,-0.05951,0.06689,0.10388
4117,-0.10138,0.01343,0.06607
4119,-0.12793,-0.03372,0.04172
4120,-0.03415,-0.04727,0.03665
4121,0.20056,-0.02490,0.03159
4122,0.42648,0.01205,0.00534
4123,0.39481,0.04004,-0.03799
4125,-0.03540,0.04996,-0.06976
4126,-0.72784,0.04459,-0.06744
4127,-1.00000,0.02609,-0.04358
4128,-1.00000,-0.00769,-0.03958
4129,-0.98392,-0.05392,-0.08612
4130,-0.25214,-0.09814,-0.16870
4132,0.34451,-0.12292,-0.23386
4133,0.48383,-0.12564,-0.23398
4134,0.11484,-0.12387,-0.16882
4135,-0.57523,-0.13950,-0.08533
4136,-1.00000,-0.17612,-0.03586
4138,-1.00000,-0.21310,-0.03540
4139,-1.00000,-0.22321,-0.05511
4140,-1.00000,-0.19547,-0.05392
4141,-1.00000,-0.14197,-0.01459
4142,-1.00000,-0.08453,0.04660
4144,-0.79309,-0.03815,0.09827
4145,0.27133,-0.00629,0.11707
4146,0.96939,0.01260,0.09668
4147,0.99997,0.01956,0.04529
4148,0.45981,0.01788,-0.01688
4150,-0.23575,0.01688,-0.05936
4151,-0.61969,0.02740,-0.05289
4152,-0.52048,0.05060,0.00833
4153,-0.12680,0.07233,0.09155
4154,0.23044,0.07239,0.14130
4155,0.35339,0.04254,0.12131
4157,0.26630,-0.00476,0.04761
4158,0.09476,-0.04626,-0.02206
4159,-0.08423,-0.06689,-0.03683
4160,-0.26517,-0.06918,0.00577
4161,-0.43628,-0.06351,0.06512
4163,-0.53989,-0.05237,0.10208
4164,-0.52887,-0.02802,0.11426
4165,-0.43204,0.01212,0.12646
4166,-0.32358,0.05096,0.15073
4167,-0.22678,0.05966,0.16452
4169,-0.08557,0.02441,0.13434
4170,0.13229,-0.03433,0.05911
4171,0.31439,-0.07416,-0.01627
4172,0.23685,-0.06635,-0.03659
4173,-0.22778,-0.02197,0.01242
4175,-0.92191,0.01712,0.08701
4176,-1.00000,0.01419,0.12027
4177,-1.00000,-0.03302,0.07745
4178,-0.94897,-0.09320,-0.01685
4179,-0.20929,-0.12766,-0.10034
4180,0.36713,-0.11621,-0.12262
4182,0.61926,-0.06439,-0.08112
4183,0.67264,0.00626,-0.01636
4184,0.74261,0.07278,0.02527
4185,0.89050,0.11978,0.02902
4186,0.96609,0.14258,0.01813
4188,0.77036,0.14520,0.02609
4189,0.26666,0.13531,0.06024
4190,-0.35654,0.11758,0.08936
4191,-0.81436,0.09012,0.06671
4192,-0.92212,0.04791,-0.03174
4194,-0.69955,-0.00912,-0.18408
4195,-0.32242,-0.07037,-0.33017
4196,0.01532,-0.11752,-0.40057
4197,0.21603,-0.13470,-0.34595
4198,0.30029,-0.11884,-0.15179
4200,0.34644,-0.08170,0.16299
4201,0.41092,-0.04282,0.55539
4202,0.49310,-0.01788,0.96823
4203,0.56186,-0.01181,0.99997
4204,0.60696,-0.01950,0.99997
4205,0.65530,-0.03259,0.99997
4207,0.72833,-0.04440,0.99997
4208,0.78387,-0.05063,0.99997
4209,0.71844,-0.04797,0.99997
4210,0.45486,-0.03491,0.99997
4211,0.04581,-0.01508,0.99997
4213,-0.31793,0.00162,0.99997
4214,-0.43130,0.00293,0.70920
4215,-0.23730,-0.01947,0.30380
4216,0.11899,-0.06601,0.01312
4217,0.40225,-0.12881,-0.03854
4219,0.46997,-0.19324,0.12228
4220,0.36731,-0.24017,0.33469
4221,0.25998,-0.25208,0.43530
4222,0.27960,-0.22348,0.38635
4223,0.42212,-0.16898,0.28632
4225,0.57257,-0.11835,0.26562
4226,0.61310,-0.09756,0.37473
4227,0.51340,-0.10907,0.56625
4228,0.34180,-0.12970,0.77243
4229,0.20831,-0.13028,0.99124
4230,0.19058,-0.10028,0.99997
4232,0.28687,-0.05533,0.99997
4233,0.41656,-0.02136,0.99997
4234,0.46762,-0.01126,0.99997
4235,0.36902,-0.01547,0.99997
4236,0.14615,-0.01437,0.99997
4238,-0.08282,0.00180,0.45953
4239,-0.17694,0.02478,-1.00000
4240,-0.06198,0.03665,-1.00000
4241,0.22632,0.02542,-1.00000
4242,0.57623,-0.00803,-1.00000
4244,0.87778,-0.05389,-1.00000
4245,0.99997,-0.10092,-1.00000
4246,0.99997,-0.13892,-1.00000
4247,0.99997,-0.15741,-1.00000
4248,0.99997,-0.14664,-1.00000
4250,0.99997,-0.10468,-1.00000
4251,0.99997,-0.04416,-1.00000
4252,0.95715,0.00931,-1.00000
4253,0.93408,0.02942,-1.00000
4254,0.88470,0.00449,-1.00000
4255,0.72604,-0.05444,-1.00000
4257,0.43109,-0.11862,-1.00000
4258,0.07620,-0.15683,-1.00000
4259,-0.19797,-0.15155,-1.00000
4260,-0.28726,-0.10767,-1.00000
4261,-0.20071,-0.04865,-0.97662
4263,-0.04575,-0.00253,0.99997
4264,0.06244,0.01443,0.99997
4265,0.08408,0.00696,0.99997
4266,0.06213,-0.00354,0.99997
4267,0.05872,0.00571,-0.93536
4269,0.08926,0.04166,-1.00000
4270,0.11465,0.08762,-1.00000
4271,0.09021,0.11240,-1.00000
4272,0.01599,0.09186,-1.00000
4273,-0.06131,0.02927,-1.00000
4275,-0.09384,-0.04178,-1.00000
4276,-0.07855,-0.07733,-1.00000
4277,-0.05795,-0.05374,-1.00000
4278,-0.07599,0.01385,-1.00000
4279,-0.13177,0.08075,-1.00000
4280,-0.17545,0.10416,-1.00000
4282,-0.15063,0.07260,-1.00000
4283,-0.04486,0.01111,-1.00000
4284,0.09695,-0.04019,-1.00000
4285,0.20587,-0.05484,-1.00000
4286,0.23856,-0.03458,0.57199
4288,0.20193,-0.00192,0.99997
4289,0.13800,0.01886,0.99997
4290,0.08820,0.01666,0.99997
4291,0.06927,-0.00299,0.99997
4292,0.07373,-0.02347,0.99997
4294,0.08533,-0.02615,0.99997
4295,0.09155,-0.00046,0.99997
4296,0.08615,0.04651,-0.31808
4297,0.06757,0.08810,-1.00000
4298,0.03952,0.09201,-1.00000
4300,0.01181,0.04684,-1.00000
4301,-0.00439,-0.01910,0.01776
4302,-0.00558,-0.05148,0.99997
4303,-0.00070,-0.01434,0.99997
4304,-0.00406,0.07086,0.99997
4305,-0.02219,0.13699,0.99997
4307,-0.04691,0.13391,0.99997
4308,-0.06268,0.08368,0.99997
4309,-0.06076,0.06119,0.99997
4310,-0.04602,0.10648,0.99997
4311,-0.03085,0.16180,0.99997
4313,-0.02344,0.12228,0.99997
4314,-0.02359,-0.03110,0.99997
4315,-0.02866,-0.16403,0.99997
4316,-0.03983,-0.10184,0.99997
4317,-0.05972,0.15063,0.99997
4319,-0.08359,0.31256,-1.00000
4320,-0.09619,0.01041,-1.00000
4321,-0.08197,-0.87231,-1.00000
4322,-0.03986,-1.00000,-1.00000
4323,0.01205,-1.00000,-1.00000
4325,0.04846,-1.00000,-1.00000
4326,0.05521,-1.00000,-1.00000
4327,0.03732,-0.67319,-1.00000
4328,0.01089,0.25562,-1.00000
4329,-0.01102,0.70984,-1.00000
4330,-0.02475,0.80844,-0.99509
4332,-0.03110,0.82019,-0.14630
4333,-0.02802,0.90982,0.47458
4334,-0.01135,0.99997,0.62128
4335,0.01767,0.99997,0.08417
4336,0.04755,0.99997,-1.00000
4338,0.06229,0.97238,-1.00000
4339,0.05417,0.84909,-1.00000
4340,0.03140,0.79758,-1.00000
4341,0.01285,0.81229,-1.00000
4342,0.01273,0.82224,0.70770
4344,0.02841,0.74487,0.99997
4345,0.04156,0.55359,0.99997
4346,0.03308,0.31250,-0.44949
4347,-0.00052,0.14380,-1.00000
4348,-0.04166,0.14227,-1.00000
4350,-0.06189,0.30270,-1.00000
4351,-0.03995,0.52417,-1.00000
4352,0.02484,0.68796,-1.00000
4353,0.11139,0.73926,-1.00000
4354,0.18701,0.70743,-1.00000
4355,0.22232,0.66336,-1.00000
4357,0.20334,0.66449,-1.00000
4358,0.13727,0.72681,-0.38248
4359,0.04962,0.81970,0.99997
4360,-0.02673,0.86807,0.99997
4361,-0.06622,0.77127,0.97122
4363,-0.06195,0.45593,-1.00000
4364,-0.02771,-0.05847,-1.00000
4365,0.01041,-0.64148,-1.00000
4366,0.02792,-1.00000,-1.00000
4367,0.01508,-1.00000,-1.00000
4369,-0.01706,-1.00000,-1.00000
4370,-0.04181,-1.00000,-1.00000
4371,-0.03348,-1.00000,-0.72772
4372,0.01303,-0.97284,0.31363
4373,0.07422,-1.00000,0.99997
4375,0.11182,-1.00000,0.99997
4376,0.10049,-1.00000,0.99997
4377,0.04599,-1.00000,0.99997
4378,-0.02377,-1.00000,0.08591
4379,-0.08505,-1.00000,-0.76978
4380,-0.13434,-1.00000,-0.80472
4382,-0.17694,-1.00000,0.05151
4383,-0.20322,-1.00000,0.99997
4384,-0.18466,-1.00000,0.99997
4385,-0.10135,-1.00000,0.99997
4386,0.02676,-0.07031,0.98969
4388,0.14252,0.99997,-0.31781
4389,0.19394,0.99997,-1.00000
4390,0.17838,0.99997,-1.00000
4391,0.14368,0.99997,-0.59506
4392,0.14352,0.99997,0.45941
4394,0.19000,0.99997,0.99997
4395,0.24820,0.99997,0.99997
4396,0.27573,0.99997,0.99997
4397,0.26468,0.99997,0.99997
4398,0.24429,0.99997,0.13062
4400,0.24387,0.99997,-0.68106
4401,0.25613,0.99997,-1.00000
4402,0.23941,0.99997,-1.00000
4403,0.15854,0.99997,-1.00000
4404,0.02618,0.99997,-1.00000
4405,-0.09552,0.99997,-1.00000
4407,-0.13803,0.95215,-1.00000
4408,-0.08029,0.74200,-1.00000
4409,0.03198,0.69382,-0.36725
4410,0.11777,0.88947,0.11932
4411,0.11929,0.99997,0.05289
4413,0.04065,0.99997,-0.28888
4414,-0.06293,0.99997,-0.51895
4415,-0.13303,0.99997,-0.44119
4416,-0.15103,0.99997,-0.14224
4417,-0.14212,0.71243,0.15948
4419,-0.14462,0.07156,0.32495
4420,-0.17938,-0.64993,0.36710
4421,-0.24673,-1.00000,0.35913
4422,-0.34268,-1.00000,0.31613
4423,-0.46378,-1.00000,0.18616
4425,-0.58755,-1.00000,-0.05463
4426,-0.65411,-1.00000,-0.32541
4427,-0.58557,-1.00000,-0.47919
4428,-0.34479,-1.00000,-0.42441
4429,0.01416,-1.00000,-0.20694
4430,0.35715,-1.00000,0.02859
4432,0.54651,0.04764,0.15918
4433,0.52585,0.73621,0.17120
4434,0.34668,0.91833,0.14355
4435,0.11972,0.91672,0.15781
4436,-0.06171,0.92130,0.22754
4438,-0.16446,0.83936,0.30328
4439,-0.20312,0.43494,0.32959
4440,-0.20389,-0.41104,0.29004
4441,-0.18915,-1.00000,0.20703
4442,-0.19028,-1.00000,0.11392
4444,-0.25632,-1.00000,0.03491
4445,-0.42795,-1.00000,-0.01840
4446,-0.68851,-1.00000,-0.04895
4447,-0.94348,-1.00000,-0.08121
4448,-1.00000,-1.00000,-0.15732
4450,-0.97580,-1.00000,-0.30682
4451,-0.71234,-1.00000,-0.50565
4452,-0.39740,-1.00000,-0.66672
4453,-0.15533,-1.00000,-0.68613
4454,-0.03357,0.29135,-0.51828
4455,0.00586,0.99997,-0.21954
4457,0.03107,0.99997,0.08026
4458,0.08041,0.99997,0.26044
4459,0.14774,0.99997,0.28445
4460,0.20898,0.99997,0.21268
4461,0.25156,0.99997,0.14746
4463,0.27859,0.99997,0.15491
4464,0.29626,0.99997,0.22009
4465,0.30630,0.99997,0.26691
4466,0.31000,0.99997,0.22534
4467,0.31058,0.99997,0.09543
4469,0.30618,0.99997,-0.04388
4470,0.28290,0.99997,-0.09268
4471,0.22333,0.99997,-0.01166
4472,0.12656,0.99997,0.14175
4473,0.01920,0.99997,0.25879
4475,-0.05722,0.99997,0.27118
4476,-0.07465,0.99997,0.20639
4477,-0.03784,0.99997,0.15167
4478,0.02054,0.99997,0.15765
4479,0.06290,0.99997,0.17599
4480,0.06879,0.99997,0.09854
4482,0.04272,0.99997,-0.13260
4483,0.00751,0.99997,-0.44946
4484,-0.00986,0.99997,-0.69656
4485,0.00803,0.99997,-0.75415
4486,0.05948,0.99997,-0.63525
4488,0.12329,0.99997,-0.46805
4489,0.16956,0.99997,-0.38309
4490,0.17682,0.99997,-0.41104
4491,0.14520,0.73422,-0.47803
4492,0.09491,0.55072,-0.48901
4494,0.05124,0.68161,-0.41190
4495,0.02734,0.81927,-0.28928
4496,0.01920,0.69345,-0.18335
4497,0.01559,0.26239,-0.11899
4498,0.01239,-0.30408,-0.07718
4500,0.01678,-0.79010,-0.03079
4501,0.03659,-1.00000,0.02335
4502,0.06625,-1.00000,0.06662
4503,0.08456,-1.00000,0.08450
4504,0.07034,-0.85934,0.08484
4505,0.02289,-0.55319,0.09116
4507,-0.03189,-0.15607,0.12143
4508,-0.05856,0.34149,0.17212
4509,-0.03952,0.92245,0.21939
4510,0.01007,0.99997,0.23541
4511,0.05374,0.99997,0.20966
4513,0.06241,0.99997,0.16162
4514,0.03607,0.97946,0.13251
4515,0.00046,0.24152,0.15485
4516,-0.01788,-0.23538,0.21927
4517,-0.01498,-0.27740,0.26828
4519,-0.01065,-0.04828,0.23221
4520,-0.02713,0.14087,0.08514
4521,-0.06543,0.13531,-0.12411
4522,-0.10196,0.03864,-0.29822
4523,-0.10889,0.02597,-0.35809
4525,-0.07922,0.10123,-0.29727
4526,-0.03320,0.07440,-0.17841
4527,-0.00006,-0.23883,-0.07373
4528,0.00760,-0.84647,-0.00159
4529,0.00323,-1.00000,0.08408
4530,0.01175,-1.00000,0.23904
4532,0.04514,-1.00000,0.45496
4533,0.09119,-1.00000,0.63568
4534,0.12408,-1.00000,0.65540
4535,0.12592,-1.00000,0.45764
4536,0.10013,-1.00000,0.11224
4538,0.06699,-0.27188,-0.22443
4539,0.04654,0.99997,-0.41827
4540,0.04407,0.99997,-0.44415
4541,0.04852,0.99997,-0.37900
4542,0.04401,0.99997,-0.31372
4544,0.02463,0.90192,-0.26987
4545,0.00125,0.99997,-0.19687
4546,-0.00583,0.99997,-0.04391
4547,0.01547,0.99997,0.17029
4548,0.05569,0.99997,0.35962
4550,0.08676,0.91736,0.43961
4551,0.08246,0.26675,0.39438
4552,0.04053,-0.26355,0.28036
4553,-0.01279,-0.48068,0.17044
4554,-0.04211,-0.33914,0.09647
4555,-0.03134,0.05133,0.03986
4557,0.00381,0.49268,-0.03201
4558,0.03021,0.80478,-0.12708
4559,0.02664,0.91013,-0.22253
4560,0.00146,0.84851,-0.28922
4561,-0.01666,0.72327,-0.31549
4563,-0.00635,0.62503,-0.31052
4564,0.02597,0.58533,-0.29019
4565,0.05112,0.58160,-0.26437
4566,0.04312,0.57529,-0.23495
4567,0.00317,0.54800,-0.20029
4569,-0.03964,0.51062,-0.16010
4570,-0.05154,0.48712,-0.11978
4571,-0.02231,0.49191,-0.09262
4572,0.02487,0.51962,-0.09393
4573,0.05066,0.55045,-0.12381
4575,0.02994,0.56116,-0.15125
4576,-0.02798,0.53403,-0.12274
4577,-0.08646,0.46210,-0.00208
4578,-0.10989,0.35373,0.18683
4579,-0.09091,0.23395,0.35757
4580,-0.05347,0.13580,0.41351
4582,-0.02979,0.08316,0.31641
4583,-0.03189,0.07556,0.11356
4584,-0.04327,0.08936,-0.09970
4585,-0.03775,0.09515,-0.24692
4586,-0.00711,0.07864,-0.30936
4588,0.02914,0.04800,-0.31348
4589,0.04184,0.02383,-0.29221
4590,0.02011,0.02194,-0.26059
4591,-0.01721,0.04208,-0.21994
4592,-0.03842,0.06906,-0.17120
4594,-0.02692,0.08359,-0.11914
4595,0.00577,0.07535,-0.06750
4596,0.03329,0.05063,-0.02017
4597,0.03979,0.02908,0.01083
4598,0.03253,0.02798,0.00400
4600,0.03128,0.04419,-0.05600
4601,0.04697,0.04916,-0.15640
4602,0.07153,0.00714,-0.25314
4603,0.08798,-0.09250,-0.29660
4604,0.08908,-0.21573,-0.26837
4605,0.08441,-0.29861,-0.19635
4607,0.08893,-0.29062,-0.13263
4608,0.10513,-0.19269,-0.11172
4609,0.11823,-0.05771,-0.12585
4610,0.11038,0.04910,-0.13885
4611,0.08051,0.09662,-0.12372
4613,0.04858,0.10309,-0.08463
4614,0.03830,0.10956,-0.04227
4615,0.05347,0.13809,-0.00366
4616,0.07147,0.17236,0.04214
4617,0.06204,0.17648,0.09210
4619,0.01559,0.13202,0.10489
4620,-0.04486,0.05688,0.03452
4621,-0.08014,-0.01175,-0.09344
4622,-0.06586,-0.05222,-0.15106
4623,-0.01172,-0.07458,0.00781
4625,0.04611,-0.09937,0.39691
4626,0.07294,-0.12289,0.82736
4627,0.05951,-0.11313,0.99997
4628,0.02524,-0.05307,0.82806
4629,-0.00012,0.00763,0.37302
4630,0.00018,-0.04358,-0.04611
4632,0.01932,-0.30142,-0.19382
4633,0.03555,-0.74133,-0.07352
4634,0.03189,-1.00000,0.11328
4635,0.01059,-1.00000,0.16559
4636,-0.00922,-1.00000,0.04379
4638,-0.00800,-0.78738,-0.13940
4639,0.01678,-0.18466,-0.25281
4640,0.04733,0.29053,-0.25677
4641,0.05844,0.48090,-0.19928
4642,0.03555,0.38736,-0.13757
4644,-0.01550,0.13840,-0.08377
4645,-0.07291,-0.09903,-0.02026
4646,-0.11121,-0.20767,0.05432
4647,-0.11325,-0.16446,0.10944
4648,-0.07706,-0.02975,0.11151
4650,-0.01691,0.10287,0.05954
4651,0.04184,0.16565,-0.01129
4652,0.07510,0.15308,-0.05951
4653,0.07486,0.11682,-0.06946
4654,0.05545,0.12219,-0.05688
4655,0.04272,0.19302,-0.04779
4657,0.05222,0.28656,-0.05191
4658,0.07507,0.32608,-0.05505
4659,0.08640,0.27554,-0.03534
4660,0.06955,0.19131,0.01303
4661,0.03366,0.18390,0.07062
4663,0.00580,0.29562,0.10602
4664,0.00409,0.39850,0.09940
4665,0.01822,0.23935,0.05411
4666,0.01859,-0.35590,-0.01105
4667,-0.01282,-1.00000,-0.07791
4669,-0.05856,-1.00000,-0.13535
4670,-0.07410,-1.00000,-0.17340
4671,-0.02472,-1.00000,-0.17862
4672,0.08017,-1.00000,-0.14276
4673,0.18597,-1.00000,-0.07764
4675,0.22873,-1.00000,-0.01715
4676,0.18042,-1.00000,0.00311
4677,0.06818,-1.00000,-0.02655
4678,-0.04617,-1.00000,-0.08063
4679,-0.10858,-1.00000,-0.11829
4680,-0.10458,-1.00000,-0.11505
4682,-0.05850,-0.08722,-0.07834
4683,-0.00708,0.93936,-0.03488
4684,0.02856,0.99997,-0.00504
4685,0.05020,0.99997,0.01053
4686,0.06845,0.99997,0.02142
4688,0.08389,0.99997,0.02954
4689,0.08270,0.97864,0.02386
4690,0.05124,0.79166,-0.00571
4691,-0.00522,0.68982,-0.05103
4692,-0.05920,0.65186,-0.08551
4694,-0.07941,0.63647,-0.08429
4695,-0.05588,0.60574,-0.04651
4696,-0.00861,0.54059,0.00174
4697,0.03067,0.44336,0.02789
4698,0.04773,0.33179,0.01886
4700,0.05820,0.23096,-0.01019
4701,0.09003,0.16330,-0.03076
4702,0.15085,0.13657,-0.02560
4703,0.21280,0.13580,-0.00177
4704,0.23111,0.12976,0.01831
4705,0.18243,0.09277,0.01901
4707,0.08884,0.02759,0.00693
4708,0.00537,-0.03247,0.00482
4709,-0.01993,-0.04785,0.02832
4710,0.01859,-0.00687,0.06638
4711,0.08011,0.06085,0.08627
4713,0.10785,0.10565,0.06223
4714,0.07074,0.09885,0.00183
4715,-0.01315,0.05890,-0.05737
4716,-0.08804,0.03903,-0.08020
4717,-0.09918,0.08386,-0.06320
4719,-0.03287,0.18887,-0.03073
4720,0.07129,0.29468,-0.00314
4721,0.14575,0.32193,0.02603
4722,0.14124,0.22357,0.07538
4723,0.05960,0.01947,0.13968
4725,-0.05057,-0.20844,0.17719
4726,-0.13058,-0.35953,0.14133
4727,-0.15057,-0.37018,0.02765
4728,-0.12119,-0.24948,-0.11337
4729,-0.07458,-0.07062,-0.21341
4730,-0.03577,0.07721,-0.23782
4732,-0.00906,0.14444,-0.20361
4733,0.01440,0.14542,-0.15326
4734,0.04150,0.13354,-0.11697
4735,0.06912,0.15012,-0.09796
4736,0.08740,0.19034,-0.08521
4738,0.08704,0.21490,-0.07010
4739,0.06412,0.19318,-0.05029
4740,0.02267,0.13513,-0.02487
4741,-0.02490,0.08124,0.00632
4742,-0.06100,0.06186,0.03839
4744,-0.07217,0.06763,0.06094
4745,-0.05893,0.06146,0.06570
4746,-0.03659,0.01877,0.05338
4747,-0.02325,-0.04538,0.03198
4748,-0.02515,-0.08975,0.00949
4750,-0.03326,-0.08640,-0.00974
4751,-0.03513,-0.04547,-0.02213
4752,-0.02844,-0.00208,-0.02338
4753,-0.02173,0.01855,-0.01294
4754,-0.02188,0.02017,0.00107
4755,-0.02402,0.02240,0.00595
4757,-0.01657,0.03455,-0.00406
4758,0.00314,0.04666,-0.02109
4759,0.02090,0.04495,-0.03052
4760,0.01593,0.03052,-0.02499
4761,-0.01923,0.01758,-0.01080
4763,-0.06973,0.01523,-0.00076
4764,-0.10938,0.01703,-0.00180
4765,-0.12061,0.01239,-0.01077
4766,-0.10431,0.00458,-0.02057
4767,-0.07336,0.00946,-0.02875
4769,-0.03964,0.03122,-0.03931
4770,-0.00894,0.04520,-0.05707
4771,0.01501,0.01590,-0.08057
4772,0.02734,-0.05841,-0.09985
4773,0.02612,-0.12183,-0.10159
4775,0.01837,-0.09286,-0.07837
4776,0.01709,0.06546,-0.03625
4777,0.02936,0.30038,0.00616
4778,0.04773,0.49649,0.02863
4779,0.05548,0.55789,0.02255
4780,0.04242,0.47675,-0.00424
4782,0.01495,0.33264,-0.03558
4783,-0.00900,0.22906,-0.06012
4784,-0.01401,0.22363,-0.07645
4785,0.00491,0.30200,-0.08667
4786,0.04538,0.40051,-0.08817
4788,0.10312,0.44846,-0.07446
4789,0.17038,0.40372,-0.04535
4790,0.22949,0.27448,-0.01324
4791,0.25467,0.12375,0.00314
4792,0.22769,0.04645,-0.00671
4794,0.15585,0.11615,-0.03702
4795,0.07349,0.32806,-0.07202
4796,0.02023,0.58640,-0.10040
4797,0.01270,0.75970,-0.12308
4798,0.03320,0.77097,-0.14801
4800,0.04706,0.65057,-0.17908
4801,0.03314,0.50696,-0.21066
4802,0.00204,0.43890,-0.23294
4803,-0.01428,0.46393,-0.24109
4804,0.00739,0.51941,-0.24008
4805,0.05872,0.52682,-0.24249
4807,0.10416,0.45770,-0.26270
4808,0.10968,0.34625,-0.30972
4809,0.07141,0.24640,-0.37921
4810,0.01926,0.17841,-0.44678
4811,-0.00742,0.11362,-0.47278
4813,0.00848,0.00653,-0.42383
4814,0.04892,-0.15826,-0.30249
4815,0.07654,-0.34634,-0.15839
4816,0.06448,-0.49683,-0.06213
4817,0.01590,-0.56711,-0.05325
4819,-0.04065,-0.56018,-0.10455
4820,-0.07285,-0.51376,-0.13840
4821,-0.06570,-0.46378,-0.08881
4822,-0.02731,-0.41580,0.04248
4823,0.02145,-0.34979,0.18600
4825,0.06204,-0.25253,0.26233
4826,0.08585,-0.14496,0.24548
4827,0.09143,-0.07498,0.17453
4828,0.07755,-0.07587,0.10767
4829,0.04242,-0.12634,0.06760
4830,-0.00870,-0.15479,0.03391
4832,-0.05670,-0.09711,-0.01453
4833,-0.07486,0.03635,-0.05789
4834,-0.04807,0.15045,-0.04486
4835,0.01010,0.13696,0.05331
4836,0.06140,-0.02615,0.20151
4838,0.06924,-0.24304,0.32013
4839,0.02686,-0.37823,0.35034
4840,-0.03754,-0.37527,0.30035
4841,-0.08310,-0.29346,0.22723
4842,-0.08679,-0.21817,0.17352
4844,-0.05603,-0.14685,0.12482
4845,-0.01675,0.00400,0.02872
4846,0.00827,0.25888,-0.14691
4847,0.01270,0.47849,-0.37708
4848,0.00461,0.46124,-0.59763
4850,-0.00293,0.19904,-0.75510
4851,-0.00079,0.00858,-0.83768
4852,0.01144,0.32043,-0.86386
4853,0.02469,0.99997,-0.84879
4854,0.02554,0.99997,-0.78671
4855,0.00708,0.99997,-0.66330
4857,-0.02240,0.99997,-0.47983
4858,-0.04269,0.99997,-0.26312
4859,-0.03723,-0.31439,-0.05380
4860,-0.00876,-1.00000,0.11420
4861,0.02075,-1.00000,0.22757
4863,0.02701,-0.91998,0.29651
4864,0.00244,-0.45621,0.34995
4865,-0.03937,-0.20163,0.42508
4866,-0.07651,-0.18460,0.55035
4867,-0.09509,-0.31406,0.72614
4869,-0.09482,-0.49744,0.91656
4870,-0.08234,-0.65021,0.99997
4871,-0.06216,-0.67761,0.99997
4872,-0.03510,-0.52310,0.99997
4873,-0.00342,-0.24347,0.91037
4875,0.02490,0.00650,0.71719
4876,0.03882,0.10205,0.50797
4877,0.03171,0.06442,0.28992
4878,0.00665,0.03235,0.05310
4879,-0.02545,0.11133,-0.20813
4880,-0.05283,0.25952,-0.47250
4882,-0.06796,0.33231,-0.68362
4883,-0.06784,0.23495,-0.77011
4884,-0.05145,0.02185,-0.69336
4885,-0.02017,-0.15796,-0.49603
4886,0.01797,-0.20575,-0.30591
4888,0.04556,-0.15894,-0.27081
4889,0.04227,-0.13962,-0.45926
4890,-0.00116,-0.22726,-0.80457
4891,-0.07208,-0.38373,-1.00000
4892,-0.14026,-0.49347,-1.00000
4894,-0.17654,-0.47083,-1.00000
4895,-0.17233,-0.33234,-1.00000
4896,-0.14282,-0.17972,-1.00000
4897,-0.11206,-0.12167,-1.00000
4898,-0.09262,-0.20599,-1.00000
4900,-0.07736,-0.40762,-0.97141
4901,-0.04971,-0.66296,-0.74796
4902,-0.00308,-0.90939,-0.60608
4903,0.04800,-1.00000,-0.57587
4904,0.07544,-1.00000,-0.58569
4905,0.06009,-1.00000,-0.54630
4907,0.01120,-1.00000,-0.46893
4908,-0.03787,-0.94843,-0.47964
4909,-0.05927,-0.83234,-0.68668
4910,-0.06253,-0.77542,-1.00000
4911,-0.09341,-0.74252,-1.00000
4913,-0.18961,-0.67346,-1.00000
4914,-0.32910,-0.56689,-0.53229
4915,-0.42819,-0.51321,-0.00146
4916,-0.40878,-0.61029,0.14795
4917,-0.28226,-0.81830,-0.17145
4919,-0.16455,-0.90897,-0.60693
4920,-0.18839,-0.60809,-0.62421
4921,-0.37906,0.15512,0.04059
4922,-0.60770,0.99997,0.99997
4923,-0.67654,0.99997,0.99997
4925,-0.47083,0.99997,0.99997
4926,-0.04855,0.99997,0.99997
4927,0.40546,0.83997,0.99997
4928,0.71597,0.33807,0.99997
4929,0.82675,0.14642,0.99997
4930,0.80368,0.16382,0.99997
4932,0.75146,0.19867,0.99997
4933,0.72821,0.14673,0.99997
4934,0.72348,0.03348,0.99997
4935,0.69708,-0.06656,0.99997
4936,0.62766,-0.11700,0.99997
4938,0.52893,-0.13226,0.99997
4939,0.42966,-0.13608,0.99997
4940,0.34583,-0.13254,0.99997
4941,0.27060,-0.11679,0.99997
4942,0.18729,-0.09637,0.99997
4944,0.08981,-0.09006,0.61700
4945,-0.00757,-0.10892,-0.66525
4946,-0.07932,-0.14703,-1.00000
4947,-0.10794,-0.19122,-0.59073
4948,-0.09772,-0.23206,0.99997
4950,-0.07138,-0.25970,0.99997
4951,-0.05280,-0.25623,0.99997
4952,-0.05054,-0.20599,0.99997
4953,-0.05569,-0.12186,0.99997
4954,-0.05420,-0.05246,0.99997
4955,-0.04132,-0.04532,0.11118
4957,-0.02432,-0.08954,-0.66165
4958,-0.01318,-0.10065,-1.00000
4959,-0.01004,0.01788,-1.00000
4960,-0.00845,0.27762,-1.00000
4961,-0.00269,0.56412,-1.00000
4963,0.00491,0.70413,-1.00000
4964,0.00568,0.59531,-1.00000
4965,-0.00610,0.28763,-1.00000
4966,-0.02740,-0.05457,-1.00000
4967,-0.04962,-0.27475,-1.00000
4969,-0.06638,-0.32431,-1.00000
4970,-0.07660,-0.26471,-1.00000
4971,-0.08057,-0.19070,-1.00000
4972,-0.07462,-0.15497,-1.00000
4973,-0.05234,-0.15262,-1.00000
4975,-0.01172,-0.15619,-0.98093
4976,0.03922,-0.15146,-0.77267
4977,0.08463,-0.14426,-0.39688
4978,0.10992,-0.14597,0.11322
4979,0.10980,-0.16153,0.60309
4980,0.08990,-0.18732,0.90247
4982,0.06140,-0.21234,0.94052
4983,0.03333,-0.22009,0.77448
4984,0.00800,-0.19675,0.52438
4985,-0.01685,-0.14502,0.28647
4986,-0.04108,-0.08954,0.09857
4988,-0.05652,-0.06146,-0.03577
4989,-0.05014,-0.07211,-0.11203
4990,-0.01727,-0.10150,-0.12061
4991,0.02606,-0.11615,-0.06891
4992,0.04712,-0.09998,0.00589
4994,0.01978,-0.06689,0.05502
4995,-0.04871,-0.04431,0.05246
4996,-0.11520,-0.04602,0.01236
4997,-0.13049,-0.06305,-0.02655
4998,-0.07950,-0.07779,-0.03458
5000,0.00473,-0.08228,-0.01270
5001,0.06775,-0.08102,0.01440
5002,0.07849,-0.07916,0.02371
5003,0.05035,-0.07318,0.01236
5004,0.02112,-0.05508,-0.00714
5005,0.01364,-0.02396,-0.02628
5007,0.01672,0.00903,-0.05215
5008,0.00336,0.02725,-0.09711
5009,-0.03516,0.02039,-0.15680
5010,-0.07529,-0.00766,-0.20242
5011,-0.08099,-0.03915,-0.19962
5013,-0.03741,-0.05093,-0.13953
5014,0.03329,-0.02829,-0.05219
5015,0.08801,0.02255,0.01114
5016,0.09509,0.07413,0.01230
5017,0.05554,0.09457,-0.05219
5019,-0.00153,0.07227,-0.15381
5020,-0.04260,0.02686,-0.24893
5021,-0.05228,-0.00546,-0.29468
5022,-0.03906,-0.00122,-0.26450
5023,-0.02390,0.03333,-0.17093
5025,-0.02246,0.07245,-0.08469
5026,-0.03464,0.09613,-0.11984
5027,-0.04752,0.10449,-0.36923
5028,-0.04782,0.10849,-0.82431
5029,-0.03406,0.11124,-1.00000
5030,-0.01874,0.10260,-1.00000
5032,-0.01843,0.07346,-1.00000
5033,-0.03903,0.03247,-1.00000
5034,-0.06815,0.00534,-1.00000
5035,-0.08401,0.01450,-1.00000
5036,-0.07446,0.05835,-1.00000
5038,-0.04935,0.11017,-0.91519
5039,-0.03183,0.13782,-0.79501
5040,-0.03464,0.12750,-0.66531
5041,-0.04446,0.09250,-0.55533
5042,-0.03436,0.06155,-0.49731
5044,0.00528,0.05771,-0.48572
5045,0.04861,0.08289,-0.47821
5046,0.05188,0.11783,-0.43262
5047,-0.00577,0.13525,-0.34183
5048,-0.09824,0.11661,-0.23578
5050,-0.17029,0.06223,-0.15369
5051,-0.18140,-0.01004,-0.11374
5052,-0.13400,-0.07495,-0.10458
5053,-0.06253,-0.11203,-0.10052
5054,0.00092,-0.11328,-0.08362
5055,0.04724,-0.08499,-0.05499
5057,0.08215,-0.04504,-0.02942
5058,0.10623,-0.01605,-0.02118
5059,0.10925,-0.01453,-0.03326
5060,0.08405,-0.04004,-0.05734
5061,0.03998,-0.07294,-0.08063
5063,-0.00146,-0.08652,-0.09225
5064,-0.02536,-0.06824,-0.08548
5065,-0.03485,-0.03235,-0.05899
5066,-0.04401,-0.01080,-0.02228
5067,-0.06000,-0.02707,-0.00043
5069,-0.07422,-0.07532,-0.02740
5070,-0.07147,-0.12378,-0.12155
5071,-0.04691,-0.13971,-0.25858
5072,-0.01312,-0.11407,-0.36887
5073,0.00995,-0.06537,-0.37369
5075,0.01306,-0.02255,-0.24100
5076,0.00607,-0.00443,-0.01675
5077,0.00873,-0.01166,0.19800
5078,0.03256,-0.03311,0.31180
5079,0.07059,-0.05634,0.30066
5080,0.10355,-0.07336,0.21573
5082,0.11597,-0.08133,0.13892
5083,0.10583,-0.08115,0.12442
5084,0.08081,-0.07745,0.16986
5085,0.04788,-0.07715,0.23209
5086,0.01001,-0.08560,0.26730
5088,-0.02719,-0.10211,0.26123
5089,-0.04956,-0.11862,0.22946
5090,-0.04123,-0.12344,0.19528
5091,-0.00046,-0.10837,0.16745
5092,0.05200,-0.07504,0.13693
5094,0.08545,-0.03613,0.09241
5095,0.08420,-0.00964,0.03732
5096,0.06210,-0.00897,-0.00830
5097,0.05032,-0.03397,-0.02338
5098,0.06787,-0.06921,-0.00406
5100,0.10254,-0.09271,0.03223
5101,0.12170,-0.08978,0.05963
5102,0.10468,-0.06345,0.06238
5103,0.06561,-0.03232,0.04404
5104,0.04315,-0.01682,0.02225
5105,0.06387,-0.02368,0.01501
5107,0.11313,-0.04184,0.02777
5108,0.14307,-0.05389,0.04941
5109,0.11334,-0.05353,0.05988
5110,0.02951,-0.05240,0.04596
5111,-0.05798,-0.06848,0.01453
5113,-0.09512,-0.10611,-0.01019
5114,-0.07132,-0.14661,-0.00623
5115,-0.02942,-0.16092,0.02448
5116,-0.03027,-0.13419,0.05463
5117,-0.10175,-0.07986,0.05518
5119,-0.21545,-0.02954,0.02261
5120,-0.30765,-0.00766,-0.01703
5121,-0.32428,-0.01352,-0.03171
5122,-0.25409,-0.02603,-0.01050
5123,-0.12939,-0.02466,0.03217
5125,-0.00235,-0.00632,0.07443
5126,0.08151,0.01477,0.10281
5127,0.09787,0.02066,0.10995
5128,0.04630,0.00235,0.08499
5129,-0.05240,-0.03726,0.01855
5130,-0.16171,-0.08780,-0.07700
5132,-0.24088,-0.13623,-0.15826
5133,-0.26239,-0.16968,-0.17358
5134,-0.22583,-0.17868,-0.10400
5135,-0.15622,-0.16095,0.01740
5136,-0.08508,-0.12375,0.13016
5138,-0.02924,-0.08102,0.19394
5139,0.01428,-0.04727,0.21359
5140,0.05215,-0.03192,0.22018
5141,0.07660,-0.03690,0.23209
5142,0.06732,-0.05630,0.23712
5144,0.01575,-0.07764,0.21228
5145,-0.05438,-0.08582,0.15479
5146,-0.09753,-0.07166,0.09039
5147,-0.08487,-0.04053,0.05014
5148,-0.03381,-0.01382,0.04211
5150,0.00421,-0.01828,0.04837
5151,-0.01010,-0.06769,0.04849
5152,-0.06851,-0.14969,0.04337
5153,-0.12579,-0.22845,0.05316
5154,-0.14120,-0.26495,0.09180
5155,-0.10617,-0.24173,0.14496
5157,-0.03278,-0.17593,0.17575
5158,0.07071,-0.10855,0.15463
5159,0.19534,-0.07651,0.08585
5160,0.29803,-0.08661,0.00568
5161,0.29028,-0.11130,-0.04578
5163,0.09143,-0.11066,-0.05353
5164,-0.28214,-0.06357,-0.03284
5165,-0.68027,0.01602,-0.01038
5166,-0.89374,0.08997,-0.00436
5167,-0.79874,0.12418,-0.02194
5169,-0.45377,0.11108,-0.06754
5170,-0.06238,0.07053,-0.14117
5171,0.17130,0.03134,-0.22095
5172,0.17743,0.01077,-0.25595
5173,0.04260,0.00720,-0.19891
5175,-0.08350,0.00842,-0.06320
5176,-0.10812,0.00552,0.05750
5177,-0.04752,0.00095,0.05585
5178,0.01468,0.00488,-0.07239
5179,0.01062,0.02560,-0.17438
5180,-0.06125,0.06137,-0.03156
5182,-0.15091,0.09970,0.45233
5183,-0.21146,0.12408,0.99997
5184,-0.24133,0.12292,0.99997
5185,-0.28259,0.09576,0.99997
5186,-0.38678,0.05353,0.99997
5188,-0.58066,0.01294,0.99997
5189,-0.85153,-0.01132,0.59366
5190,-1.00000,-0.01324,0.30545
5191,-1.00000,0.00317,0.13901
5192,-1.00000,0.02756,-0.01251
5194,-1.00000,0.04944,-0.18661
5195,-0.73477,0.06244,-0.32794
5196,-0.14413,0.06534,-0.36798
5197,0.35599,0.06000,-0.30634
5198,0.59647,0.04910,-0.21088
5200,0.54926,0.03470,-0.15176
5201,0.33063,0.01840,-0.14600
5202,0.10995,0.00189,-0.16327
5203,0.00287,-0.01172,-0.17084
5204,0.02570,-0.01822,-0.16193
5205,0.12122,-0.01425,-0.14539
5207,0.20795,-0.00095,-0.12415
5208,0.21518,0.01413,-0.09702
5209,0.10492,0.02042,-0.07785
5210,-0.10440,0.01154,-0.09424
5211,-0.32538,-0.00836,-0.15054
5213,-0.42999,-0.02570,-0.19656
5214,-0.31934,-0.02649,-0.15802
5215,0.00937,-0.00684,-0.02411
5216,0.45078,0.02280,0.09961
5217,0.84341,0.04306,0.06775
5219,0.99997,0.03799,-0.12418
5220,0.99997,0.00616,-0.22385
5221,0.76810,-0.03662,0.15427
5222,0.44403,-0.06619,0.99997
5223,0.17715,-0.06616,0.99997
5225,0.06299,-0.04068,0.99997
5226,0.10718,-0.01309,0.99997
5227,0.23328,-0.00909,0.99997
5228,0.34088,-0.03650,-0.47266
5229,0.37082,-0.07889,-1.00000
5230,0.32819,-0.10901,-1.00000
5232,0.25543,-0.11075,-0.98370
5233,0.19153,-0.08960,0.57712
5234,0.15564,-0.06366,0.99997
5235,0.15778,-0.04617,0.99997
5236,0.20734,-0.03702,0.99997
5238,0.30212,-0.02945,0.99997
5239,0.41156,-0.02081,0.99997
5240,0.48236,-0.01514,0.99997
5241,0.47171,-0.01584,0.99997
5242,0.38007,-0.02008,0.99997
5244,0.25339,-0.02237,0.71545
5245,0.15057,-0.02243,0.42801
5246,0.10397,-0.02618,0.28284
5247,0.10440,-0.03796,-0.05917
5248,0.11874,-0.05286,-0.89224
5250,0.12061,-0.05936,-1.00000
5251,0.10806,-0.05051,-1.00000
5252,0.09738,-0.03122,-1.00000
5253,0.10355,-0.01395,-1.00000
5254,0.12692,-0.00671,-1.00000
5255,0.15540,-0.00641,-0.48474
5257,0.17639,-0.00333,0.26367
5258,0.18576,0.00787,0.50458
5259,0.18637,0.02255,0.41742
5260,0.18069,0.03125,0.20743
5261,0.16708,0.02933,-0.02673
5263,0.14346,0.02151,-0.26987
5264,0.11401,0.01627,-0.51456
5265,0.09085,0.01648,-0.73468
5266,0.08725,0.01758,-0.90656
5267,0.10645,0.01556,-1.00000
5269,0.13467,0.01614,-1.00000
5270,0.14673,0.03235,-0.96646
5271,0.12338,0.06955,-0.81818
5272,0.06870,0.11322,-0.71936
5273,0.01077,0.13596,-0.81375
5275,-0.01871,0.12149,-1.00000
5276,-0.00897,0.08304,-1.00000
5277,0.02832,0.05432,-1.00000
5278,0.08441,0.05911,-1.00000
5279,0.17609,0.08939,-1.00000
5280,0.32886,0.11447,-0.70752
5282,0.52490,0.11270,-0.60892
5283,0.67004,0.09103,-0.73502
5284,0.63412,0.07266,-0.90466
5285,0.35083,0.06708,-1.00000
5286,-0.10687,0.05804,-1.00000
5288,-0.55399,0.02377,-1.00000
5289,-0.81339,-0.03204,-1.00000
5290,-0.83133,-0.07391,-1.00000
5291,-0.69348,-0.06348,-1.00000
5292,-0.53848,0.00314,-0.84344
5294,-0.45300,0.08615,-0.02368
5295,-0.43408,0.13147,0.44202
5296,-0.42969,0.11276,0.35226
5297,-0.40125,0.05032,-0.08963
5298,-0.35010,-0.00748,-0.47488
5300,-0.29993,-0.02185,-0.55588
5301,-0.26672,0.01044,-0.44119
5302,-0.24570,0.06085,-0.44296
5303,-0.21902,0.09464,-0.72672
5304,-0.17197,0.09540,-1.00000
5305,-0.10504,0.07077,-1.00000
5307,-0.03488,0.03940,-0.58047
5308,0.02011,0.01401,0.45587
5309,0.06158,-0.00479,0.99997
5310,0.11923,-0.02130,0.99997
5311,0.22726,-0.03531,0.99997
5313,0.38324,-0.04059,0.99997
5314,0.53076,-0.03235,0.99997
5315,0.59579,-0.01410,0.99997
5316,0.55060,0.00388,0.70999
5317,0.44092,0.01276,0.04147
5319,0.33942,0.01111,-0.83951
5320,0.26752,0.00385,-1.00000
5321,0.17001,-0.00281,-1.00000
5322,-0.02017,-0.00443,-1.00000
5323,-0.28796,0.00162,-1.00000
5325,-0.51562,0.01450,-1.00000
5326,-0.56982,0.02682,-1.00000
5327,-0.42023,0.02588,-1.00000
5328,-0.17358,0.00244,-1.00000
5329,0.01178,-0.03824,-0.75809
5330,0.05042,-0.07669,0.12006
5332,-0.02084,-0.09427,0.70670
5333,-0.10205,-0.08984,0.90503
5334,-0.12762,-0.08051,0.85507
5335,-0.10727,-0.08405,0.78098
5336,-0.08789,-0.09998,0.81436
5338,-0.09360,-0.10989,0.94440
5339,-0.10992,-0.09641,0.99997
5340,-0.11649,-0.06128,0.99997
5341,-0.11938,-0.02496,0.99997
5342,-0.14346,-0.00909,0.99997
5344,-0.19693,-0.02011,0.99997
5345,-0.25363,-0.04736,0.99997
5346,-0.27432,-0.07346,0.99997
5347,-0.24445,-0.08508,0.99997
5348,-0.18765,-0.07764,0.99997
5350,-0.14185,-0.05542,0.99997
5351,-0.12430,-0.03033,0.79648
5352,-0.12057,-0.01761,0.28961
5353,-0.10477,-0.02704,-0.32254
5354,-0.06821,-0.05484,-0.79141
5355,-0.02826,-0.08408,-0.90125
5357,-0.01105,-0.09512,-0.63586
5358,-0.02679,-0.07846,-0.20425
5359,-0.05994,-0.03946,0.10675
5360,-0.08163,0.00641,0.13876
5361,-0.07297,0.04227,-0.03860
5363,-0.04047,0.05634,-0.21210
5364,-0.01233,0.04596,-0.21805
5365,-0.01785,0.01987,-0.08054
5366,-0.06491,-0.00403,0.02127
5367,-0.13232,-0.00906,-0.07248
5369,-0.18356,0.00647,-0.33621
5370,-0.19180,0.02432,-0.54840
5371,-0.15735,0.01923,-0.45648
5372,-0.10403,-0.01804,0.01169
5373,-0.05994,-0.06812,0.66544
5375,-0.03903,-0.09549,0.99997
5376,-0.03766,-0.07736,0.99997
5377,-0.04364,-0.02377,0.99997
5378,-0.04660,0.02917,0.69534
5379,-0.04141,0.04730,0.47910
5380,-0.02603,0.02310,0.50897
5382,-0.00031,-0.02255,0.66248
5383,0.03250,-0.05945,0.69980
5384,0.06458,-0.06952,0.42719
5385,0.08585,-0.05432,-0.19327
5386,0.08838,-0.02847,-1.00000
5388,0.06949,-0.00934,-1.00000
5389,0.03265,-0.01044,-1.00000
5390,-0.01273,-0.03796,-1.00000
5391,-0.05249,-0.08643,-1.00000
5392,-0.07141,-0.13654,-1.00000
5394,-0.06030,-0.16144,-1.00000
5395,-0.02225,-0.14325,-1.00000
5396,0.02750,-0.08810,-1.00000
5397,0.06952,-0.02615,-1.00000
5398,0.09131,0.00809,-1.00000
5400,0.09302,0.00092,-1.00000
5401,0.08392,-0.03027,-1.00000
5402,0.07269,-0.05109,-1.00000
5403,0.05978,-0.03732,-0.71072
5404,0.03827,0.00751,-0.14981
5405,0.00330,0.05859,0.51376
5407,-0.03851,0.09213,0.99997
5408,-0.06903,0.10300,0.99997
5409,-0.07004,0.10333,0.99997
5410,-0.03775,0.10666,0.99997
5411,0.01099,0.11627,0.81866
5413,0.04761,0.12863,0.44901
5414,0.04904,0.14496,0.52686
5415,0.01135,0.17404,0.99997
5416,-0.04803,0.22180,0.99997
5417,-0.09869,0.27890,0.99997
5419,-0.11142,0.32324,0.99997
5420,-0.07349,0.33725,0.99997
5421,0.00049,0.32263,0.99997
5422,0.07123,0.29749,0.99997
5423,0.09747,0.27927,0.99997
5425,0.06763,0.27130,0.99997
5426,0.01389,0.26401,0.99997
5427,-0.01242,0.24466,0.99997
5428,0.00940,0.20337,0.99997
5429,0.04022,0.13376,0.99997
5430,0.00912,0.03693,-1.00000
5432,-0.11829,-0.06937,-1.00000
5433,-0.29364,-0.15012,-1.00000
5434,-0.41174,-0.17331,-1.00000
5435,-0.39209,-0.14038,-0.21561
5436,-0.24161,-0.09549,0.99997
5438,-0.04123,-0.09506,0.99997
5439,0.12823,-0.15799,0.99997
5440,0.24673,-0.24356,0.99997
5441,0.34711,-0.28235,0.99997
5442,0.45587,-0.23593,0.99997
5444,0.54956,-0.13116,0.99997
5445,0.57156,-0.03735,0.99997
5446,0.48810,-0.00900,0.99997
5447,0.32486,-0.04688,0.99997
5448,0.15005,-0.10745,0.99997
5450,0.02499,-0.14429,0.99997
5451,-0.03104,-0.13895,0.99997
5452,-0.03726,-0.10089,0.99997
5453,-0.02414,-0.05008,0.99997
5454,-0.01205,-0.00851,0.99997
5455,-0.00858,-0.00348,0.99997
5457,-0.01447,-0.06262,0.99997
5458,-0.02594,-0.19052,0.99997
5459,-0.03320,-0.34814,0.99997
5460,-0.02292,-0.46707,0.99997
5461,0.01331,-0.49832,0.99997
5463,0.07208,-0.45273,0.84232
5464,0.13989,-0.38770,0.05359
5465,0.20120,-0.34854,-0.83188
5466,0.24408,-0.32300,-1.00000
5467,0.26083,-0.25757,-1.00000
5469,0.24854,-0.11835,-1.00000
5470,0.21353,0.06836,-1.00000
5471,0.17490,0.23532,-1.00000
5472,0.15741,0.32462,-1.00000
5473,0.17426,0.31342,-1.00000
5475,0.21301,0.20230,-1.00000
5476,0.24026,0.00845,-1.00000
5477,0.22449,-0.20764,-1.00000
5478,0.15915,-0.31985,-1.00000
5479,0.06827,-0.18436,-0.90561
5480,-0.00851,0.24478,-0.00772
5482,-0.03696,0.83044,0.42374
5483,-0.00259,0.99997,0.78040
5484,0.08514,0.99997,0.99997
5485,0.19482,0.99997,0.99997
5486,0.28082,0.59521,0.99997
5488,0.30130,0.03696,0.99997
5489,0.24139,-0.37503,0.99997
5490,0.12589,-0.59158,0.85101
5491,0.00635,-0.64835,0.24020
5492,-0.07144,-0.61606,-0.39655
5494,-0.09448,-0.57352,-1.00000
5495,-0.08139,-0.57480,-1.00000
5496,-0.05746,-0.58411,-1.00000
5497,-0.03168,-0.43015,-1.00000
5498,0.00464,0.11966,-1.00000
5500,0.06143,0.99997,0.07880
5501,0.13599,0.99997,0.99997
5502,0.21292,0.99997,0.99997
5503,0.27267,0.99997,0.81894
5504,0.29742,0.99997,-0.40961
5505,0.27472,-0.31482,-1.00000
5507,0.20575,-1.00000,-1.00000
5508,0.11520,-1.00000,-1.00000
5509,0.04730,-1.00000,-1.00000
5510,0.03848,-0.19986,-1.00000
5511,0.08255,-0.21957,-0.99716
5513,0.12189,-1.00000,-1.00000
5514,0.08185,-1.00000,-1.00000
5515,-0.07217,-1.00000,-1.00000
5516,-0.30038,-1.00000,-1.00000
5517,-0.50772,-1.00000,-0.93301
5519,-0.60367,-1.00000,-0.41489
5520,-0.55844,-1.00000,0.35809
5521,-0.41486,0.41922,0.99997
5522,-0.25156,0.96207,0.99997
5523,-0.12927,0.81265,0.99997
5525,-0.05988,0.24063,0.61963
5526,-0.01791,-0.66083,0.43439
5527,0.02118,-1.00000,0.50668
5528,0.05136,-1.00000,0.64850
5529,0.04138,-1.00000,0.69641
5530,-0.02875,-1.00000,0.68765
5532,-0.13556,-1.00000,0.72354
5533,-0.21954,-1.00000,0.71051
5534,-0.23431,-1.00000,0.35770
5535,-0.19559,-1.00000,-0.47311
5536,-0.17883,-1.00000,-1.00000
5538,-0.25568,-1.00000,-1.00000
5539,-0.41928,-1.00000,-1.00000
5540,-0.57169,-1.00000,0.14771
5541,-0.59650,-0.46625,0.99997
5542,-0.45959,-0.44193,0.99997
5544,-0.24536,-1.00000,-0.23874
5545,-0.08984,-1.00000,-1.00000
5546,-0.06699,-1.00000,-1.00000
5547,-0.13129,-1.00000,-1.00000
5548,-0.16724,-1.00000,-1.00000
5550,-0.09579,-0.17307,-0.38394
5551,0.06113,0.48682,-0.12241
5552,0.21011,0.36533,-0.15198
5553,0.27026,0.31412,-0.06738
5554,0.23010,0.87003,0.25580
5555,0.13660,0.99997,0.61618
5557,0.04471,0.99997,0.81528
5558,-0.01843,0.99997,0.92795
5559,-0.05261,0.99997,0.99997
5560,-0.06833,0.99997,0.99997
5561,-0.08029,0.99997,0.99997
5563,-0.10947,0.99997,0.99997
5564,-0.17590,0.99997,0.99997
5565,-0.27921,0.99997,0.99997
5566,-0.38718,0.99997,0.73257
5567,-0.45029,0.85886,0.78369
5569,-0.43494,0.65668,0.99997
5570,-0.34781,0.84418,0.99997
5571,-0.23260,0.99997,0.99814
5572,-0.14230,0.99997,0.65283
5573,-0.10828,0.95276,0.45285
5575,-0.12448,0.80722,0.47418
5576,-0.15622,0.74005,0.49673
5577,-0.17072,0.71338,0.24832
5578,-0.17123,0.68402,-0.29166
5579,-0.20355,0.69455,-0.84140
5580,-0.31534,0.80624,-1.00000
5582,-0.49060,0.95282,-0.88071
5583,-0.62003,0.91415,-0.52249
5584,-0.55643,0.49637,-0.33890
5585,-0.22900,-0.22534,-0.49512
5586,0.27768,-0.85275,-0.85461
5588,0.76224,-0.90991,-1.00000
5589,0.99997,-0.22635,-1.00000
5590,0.99997,0.85733,-0.67542
5591,0.99997,0.99997,-0.19342
5592,0.93811,0.99997,0.18127
5594,0.95309,0.71115,0.36359
5595,0.99435,-0.58298,0.40909
5596,0.97507,-1.00000,0.41541
5597,0.86853,-1.00000,0.42404
5598,0.72864,-1.00000,0.40527
5600,0.62997,-0.86313,0.31815
5601,0.59778,-0.92487,0.17120
5602,0.59521,-1.00000,0.02368
5603,0.56970,-1.00000,-0.06491
5604,0.50488,-1.00000,-0.08197
5605,0.42792,-1.00000,-0.06134
5607,0.37381,-1.00000,-0.04306
5608,0.34808,-1.00000,-0.03653
5609,0.32440,-0.05417,-0.02075
5610,0.27374,0.49854,0.02261
5611,0.19293,0.74332,0.08047
5613,0.10501,0.99997,0.11368
5614,0.03568,0.99997,0.09372
5615,-0.00732,0.99997,0.03589
5616,-0.03275,0.99997,-0.00574
5617,-0.04907,0.99997,0.01819
5619,-0.05481,0.99997,0.10641
5620,-0.04739,0.99997,0.20285
5621,-0.03714,0.99997,0.24109
5622,-0.04547,0.99997,0.20029
5623,-0.08374,0.99997,0.12122
5625,-0.13351,0.99997,0.06726
5626,-0.15298,0.57422,0.06628
5627,-0.10876,0.20395,0.08780
5628,-0.00674,0.17020,0.07526
5629,0.10748,0.34763,0.00137
5630,0.18042,0.50684,-0.10605
5632,0.18726,0.50467,-0.18961
5633,0.14316,0.37195,-0.21173
5634,0.08401,0.24255,-0.18179
5635,0.03790,0.21436,-0.13907
5636,0.01257,0.27570,-0.11441
5638,0.00391,0.34589,-0.10776
5639,0.00937,0.36508,-0.09930
5640,0.03061,0.33887,-0.07724
5641,0.06497,0.30875,-0.05234
5642,0.10046,0.29828,-0.04596
5644,0.12277,0.29651,-0.06580
5645,0.12720,0.28458,-0.09396
5646,0.12042,0.26346,-0.10049
5647,0.10904,0.24768,-0.07037
5648,0.08777,0.23868,-0.02017
5650,0.04318,0.21597,0.01181
5651,-0.02853,0.16043,-0.00381
5652,-0.10883,0.08322,-0.06168
5653,-0.16446,0.02441,-0.12259
5654,-0.17206,0.01935,-0.14255
5655,-0.13641,0.06616,-0.10681
5657,-0.08524,0.12683,-0.04138
5658,-0.04636,0.15878,0.00702
5659,-0.02866,0.14575,0.00522
5660,-0.02289,0.10211,-0.04556
5661,-0.01685,0.05508,-0.11462
5663,-0.00784,0.02710,-0.16354
5664,-0.00137,0.03198,-0.16656
5665,-0.00299,0.07831,-0.11923
5666,-0.01428,0.16614,-0.03781
5667,-0.03638,0.27759,0.04590
5669,-0.07248,0.37451,0.09549
5670,-0.12292,0.41345,0.08719
5671,-0.17767,0.37082,0.02472
5672,-0.21777,0.25931,-0.06070
5673,-0.22873,0.12241,-0.12976
5675,-0.21368,0.01041,-0.15939
5676,-0.19211,-0.04553,-0.15173
5677,-0.18228,-0.04584,-0.12256
5678,-0.18420,-0.01541,-0.08420
5679,-0.18039,0.01657,-0.04150
5680,-0.15564,0.03589,-0.00150
5682,-0.11676,0.04855,0.02002
5683,-0.09152,0.06897,0.00751
5684,-0.10611,0.10199,-0.03720
5685,-0.16052,0.13538,-0.09045
5686,-0.22546,0.14999,-0.12360
5688,-0.26425,0.13739,-0.12579
5689,-0.26080,0.10794,-0.11057
5690,-0.22916,0.08170,-0.09891
5691,-0.19739,0.07190,-0.09689
5692,-0.18195,0.07663,-0.09012
5694,-0.17609,0.08463,-0.05984
5695,-0.16049,0.08685,-0.00378
5696,-0.12445,0.08334,0.05878
5697,-0.07663,0.08084,0.10110
5698,-0.03717,0.08585,0.10788
5700,-0.02094,0.09869,0.08142
5701,-0.02725,0.11166,0.03314
5702,-0.04303,0.11298,-0.02817
5703,-0.05276,0.09647,-0.09760
5704,-0.04669,0.07010,-0.16647
5705,-0.02472,0.05435,-0.21933
5707,0.00241,0.06671,-0.24442
5708,0.01584,0.10339,-0.24838
5709,-0.00122,0.13773,-0.25494
5710,-0.04797,0.14282,-0.28030
5711,-0.09912,0.12115,-0.30618
5713,-0.11780,0.11176,-0.28268
5714,-0.08344,0.16193,-0.16983
5715,-0.01013,0.28259,0.01529
5716,0.06250,0.42789,0.19293
5717,0.10037,0.52271,0.27029
5719,0.09848,0.52090,0.20718
5720,0.07666,0.44382,0.03943
5721,0.05542,0.36087,-0.15891
5722,0.03851,0.32404,-0.33566
5723,0.01898,0.31580,-0.48602
5725,-0.00363,0.26776,-0.62515
5726,-0.01767,0.14310,-0.74451
5727,-0.01172,0.00726,-0.80078
5728,0.01062,0.00650,-0.74872
5729,0.03217,0.25110,-0.58163
5730,0.03842,0.69693,-0.34033
5732,0.02991,0.99997,-0.08594
5733,0.01791,0.99997,0.13260
5734,0.01025,0.99997,0.28928
5735,0.00299,0.69952,0.37378
5736,-0.01471,0.19675,0.38696
5738,-0.04980,-0.15656,0.34869
5739,-0.09933,-0.29092,0.30212
5740,-0.15018,-0.26816,0.29709
5741,-0.18219,-0.19714,0.35822
5742,-0.17474,-0.14941,0.46408
5744,-0.11899,-0.13284,0.55728
5745,-0.03046,-0.12125,0.57767
5746,0.05167,-0.09671,0.49326
5747,0.08545,-0.06851,0.31046
5748,0.05466,-0.06003,0.06647
5750,-0.01920,-0.08096,-0.18631
5751,-0.09201,-0.10944,-0.39786
5752,-0.12613,-0.10156,-0.53967
5753,-0.10992,-0.02597,-0.61838
5754,-0.05856,0.10278,-0.67038
5755,-0.00351,0.22342,-0.73438
5757,0.02115,0.26767,-0.82135
5758,-0.00320,0.21237,-0.90845
5759,-0.06033,0.09854,-0.96378
5760,-0.09906,-0.00067,-0.97708
5761,-0.07184,-0.03500,-0.96262
5763,0.00397,-0.00659,-0.92831
5764,0.02219,0.04767,-0.84369
5765,-0.15204,0.09735,-0.64664
5766,-0.56525,0.13925,-0.29633
5767,-1.00000,0.18112,0.17023
5769,-1.00000,0.21240,0.63278
5770,-1.00000,0.20004,0.95285
5771,-1.00000,0.12051,0.99997
5772,-1.00000,-0.00180,0.99997
5773,-0.60910,-0.09161,0.93292
5775,-0.31180,-0.06992,0.88705
5776,-0.13516,0.08044,0.85217
5777,-0.02673,0.28641,0.71558
5778,0.04950,0.42667,0.38968
5779,0.09372,0.42010,-0.09106
5780,0.10147,0.29214,-0.57349
5782,0.09055,0.16049,-0.89072
5783,0.08881,0.14621,-0.97971
5784,0.10229,0.28271,-0.91129
5785,0.10678,0.49997,-0.81442
5786,0.07452,0.69290,-0.77039
5788,0.00726,0.80585,-0.77087
5789,-0.05991,0.85449,-0.76291
5790,-0.08670,0.87589,-0.71811
5791,-0.05981,0.87216,-0.64938
5792,-0.00089,0.81387,-0.56699
5794,0.05212,0.69278,-0.43796
5795,0.07108,0.55264,-0.21262
5796,0.05215,0.45248,0.09628
5797,0.01285,0.40121,0.36679
5798,-0.02151,0.34418,0.42310
5800,-0.03116,0.22629,0.16650
5801,-0.00839,0.06470,-0.32574
5802,0.04431,-0.05350,-0.82758
5803,0.11990,-0.05145,-1.00000
5804,0.20920,0.06216,-1.00000
5805,0.29843,0.19754,-0.81317
5807,0.36740,0.25333,-0.53638
5808,0.39590,0.17764,-0.39682
5809,0.37766,-0.02332,-0.40790
5810,0.32910,-0.30658,-0.43558
5811,0.28195,-0.60886,-0.29163
5813,0.26254,-0.86472,0.13382
5814,0.27536,-1.00000,0.78540
5815,0.30435,-1.00000,0.99997
5816,0.32861,-1.00000,0.99997
5817,0.33643,-1.00000,0.99997
5819,0.32727,-1.00000,0.99997
5820,0.30664,-1.00000,0.99997
5821,0.28308,-0.16086,0.99997
5822,0.26828,0.86649,0.99997
5823,0.27298,0.99997,0.50214
5825,0.29700,0.99997,-0.42325
5826,0.32449,0.71268,-0.71701
5827,0.33444,-0.15948,0.06250
5828,0.31946,-0.72284,0.99997
5829,0.29337,-0.82315,0.99997
5830,0.27655,-0.64331,0.99997
5832,0.27441,-0.46289,0.99997
5833,0.27451,-0.41254,0.99997
5834,0.26804,-0.42886,0.99997
5835,0.26868,-0.38702,0.99997
5836,0.29962,-0.24008,0.99997
5838,0.35349,-0.04321,0.99997
5839,0.36920,0.11340,0.99997
5840,0.26535,0.16745,0.99997
5841,0.01642,0.09518,0.99997
5842,-0.29391,-0.10162,-0.39474
5844,-0.50195,-0.39377,-1.00000
5845,-0.46747,-0.71277,-1.00000
5846,-0.17371,-0.96365,-1.00000
5847,0.25745,-1.00000,-1.00000
5848,0.64752,-1.00000,-1.00000
5850,0.87332,-0.86691,-1.00000
5851,0.92300,-0.68460,-1.00000
5852,0.86664,-0.53271,-1.00000
5853,0.78323,-0.44025,-1.00000
5854,0.71051,-0.42053,-1.00000
5855,0.64682,-0.47589,-1.00000
5857,0.58188,-0.57776,-1.00000
5858,0.51733,-0.65121,-1.00000
5859,0.46179,-0.60822,-1.00000
5860,0.41614,-0.42664,-1.00000
5861,0.36975,-0.20721,-0.63702
5863,0.31070,-0.13190,0.11914
5864,0.23709,-0.32751,0.56592
5865,0.15955,-0.73969,0.67883
5866,0.09503,-1.00000,0.59430
5867,0.05817,-1.00000,0.49594
5869,0.05341,-1.00000,0.48401
5870,0.07065,-0.69910,0.53366
5871,0.08823,-0.40427,0.55942
5872,0.08667,-0.37897,0.51248
5873,0.06482,-0.59875,0.42310
5875,0.04288,-0.87344,0.36322
5876,0.04443,-0.99936,0.37509
5877,0.07101,-0.89243,0.43442
5878,0.09595,-0.61185,0.47644
5879,0.08847,-0.28409,0.45685
5880,0.04733,-0.00735,0.39069
5882,0.00925,0.19159,0.33575
5883,0.01770,0.33572,0.33652
5884,0.07956,0.45016,0.38040
5885,0.15244,0.53586,0.40741
5886,0.17929,0.58069,0.36487
5888,0.13937,0.58606,0.25668
5889,0.06680,0.57620,0.14035
5890,0.01813,0.57721,0.07468
5891,0.02081,0.58716,0.06891
5892,0.05283,0.57083,0.08273
5894,0.07083,0.49200,0.07446
5895,0.05481,0.35620,0.04706
5896,0.02216,0.22153,0.04443
5897,0.00049,0.15994,0.10284
5898,-0.00693,0.19989,0.20743
5900,-0.02274,0.30151,0.29877
5901,-0.06296,0.38968,0.32318
5902,-0.11044,0.41446,0.27756
5903,-0.12830,0.38443,0.20721
5904,-0.10046,0.34424,0.16153
5905,-0.05402,0.32288,0.15195
5907,-0.03424,0.30530,0.15042
5908,-0.05695,0.25327,0.12540
5909,-0.08920,0.15112,0.07697
5910,-0.08133,0.02878,0.03650
5911,-0.01694,-0.06012,0.03271
5913,0.07065,-0.08273,0.06055
5914,0.13229,-0.05133,0.08392
5915,0.14896,-0.00867,0.07159
5916,0.14136,0.00815,0.02914
5917,0.13751,-0.00815,-0.00507
5919,0.13834,-0.03864,0.00247
5920,0.12030,-0.05893,0.04575
5921,0.06839,-0.05627,0.08228
5922,-0.00290,-0.03287,0.07114
5923,-0.06598,-0.00122,0.00922
5925,-0.11060,0.02158,-0.06824
5926,-0.14594,0.01855,-0.11957
5927,-0.16895,-0.01978,-0.12830
5928,-0.14340,-0.08765,-0.10693
5929,-0.02847,-0.16318,-0.07755
5930,0.16623,-0.21878,-0.05383
5932,0.36880,-0.23700,-0.04004
5933,0.50711,-0.21979,-0.03702
5934,0.58170,-0.18359,-0.04211
5935,0.65558,-0.14539,-0.04373
5936,0.75702,-0.11255,-0.02521
5938,0.81161,-0.08380,0.01953
5939,0.71371,-0.05789,0.07547
5940,0.48364,-0.03964,0.11722
5941,0.31531,-0.03650,0.13196
5942,0.39755,-0.04959,0.12808
5944,0.65335,-0.06900,0.11868
5945,0.70114,-0.07941,0.10193
5946,0.16638,-0.07220,0.06668
5947,-0.90460,-0.05377,0.02075
5948,-1.00000,-0.04044,0.00574
5950,-1.00000,-0.04364,0.07047
5951,-1.00000,-0.05814,0.22220
5952,-0.56418,-0.06540,0.40579
5953,0.39005,-0.05124,0.53802
5954,0.69504,-0.02151,0.56909
5955,0.43619,0.00043,0.51556
5957,0.05524,-0.00470,0.43945
5958,-0.08630,-0.03174,0.39819
5959,0.03448,-0.05249,0.41080
5960,0.19818,-0.04077,0.45941
5961,0.21497,0.00110,0.51001
5963,0.08316,0.04056,0.52963
5964,-0.07217,0.04138,0.49631
5965,-0.15533,-0.00504,0.40897
5966,-0.17578,-0.07230,0.29495
5967,-0.19775,-0.12155,0.20145
5969,-0.25082,-0.13235,0.16565
5970,-0.30051,-0.11453,0.18451
5971,-0.29236,-0.09253,0.21289
5972,-0.21118,-0.08017,0.19836
5973,-0.09647,-0.07053,0.12500
5975,-0.00696,-0.04825,0.02847
5976,0.02893,-0.00995,-0.03156
5977,0.03513,0.02866,-0.01880
5978,0.06799,0.04568,0.05093
5979,0.17206,0.03244,0.12173
5980,0.34409,0.00040,0.13913
5982,0.53018,-0.03055,0.08926
5983,0.65915,-0.04868,0.00748
5984,0.69220,-0.05600,-0.04871
5985,0.65683,-0.05853,-0.04202
5986,0.63177,-0.05612,0.01849
5988,0.67792,-0.04547,0.08655
5989,0.75897,-0.03262,0.11545
5990,0.73080,-0.03683,0.09351
5991,0.44604,-0.07468,0.04919
5992,-0.08511,-0.13812,0.02307
5994,-0.62766,-0.19290,0.03174
5995,-0.85529,-0.20618,0.05618
5996,-0.61349,-0.17944,0.06329
5997,-0.08289,-0.15140,0.03979
5998,0.33780,-0.16211,0.00681
6000,0.35651,-0.21143,0.00183
6001,0.02832,-0.25369,0.04437
6002,-0.32571,-0.23700,0.11523
6003,-0.45425,-0.14957,0.16742
6004,-0.44205,-0.02960,0.16000
6005,-0.64233,0.06894,0.08865
6007,-1.00000,0.11758,-0.01016
6008,-1.00000,0.12402,-0.08392
6009,-1.00000,0.10922,-0.09875
6010,-1.00000,0.08234,-0.05917
6011,-1.00000,0.03967,-0.00034
6013,-1.00000,-0.01834,0.03867
6014,-0.71014,-0.07675,0.03922
6015,0.15991,-0.11597,0.00854
6016,0.34396,-0.12827,-0.03287
6017,-0.01038,-0.12079,-0.06769
6019,-0.48160,-0.10349,-0.08923
6020,-0.67535,-0.07828,-0.09775
6021,-0.49039,-0.04272,-0.09357
6022,-0.14990,-0.00177,-0.07397
6023,0.02319,0.03070,-0.03604
6025,-0.10782,0.04425,0.01764
6026,-0.39313,0.04550,0.07455
6027,-0.55106,0.05463,0.11246
6028,-0.41418,0.08615,0.10681
6029,-0.04410,0.13297,0.04465
6030,0.35406,0.17053,-0.06274
6032,0.59827,0.17706,-0.17731
6033,0.62314,0.15070,-0.24713
6034,0.46295,0.10779,-0.23181
6035,0.19617,0.06769,-0.12747
6036,-0.08112,0.04077,0.02292
6038,-0.26401,0.02841,0.14655
6039,-0.27295,0.02975,0.18411
6040,-0.10962,0.04352,0.13586
6041,0.12479,0.06393,0.06976
6042,0.28873,0.08038,0.06766
6044,0.30066,0.08511,0.13925
6045,0.19608,0.08130,0.18109
6046,0.08984,0.07962,0.04166
6047,0.07877,0.08405,-0.33942
6048,0.17136,0.08325,-0.83759
6050,0.30499,0.06027,-1.00000
6051,0.42630,0.01376,-1.00000
6052,0.54987,-0.03244,-0.92297
6053,0.73013,-0.04486,-0.49402
6054,0.96741,-0.00961,-0.16324
6055,0.99997,0.05139,-0.00555
6057,0.99997,0.09210,0.07306
6058,0.66174,0.07199,0.20349
6059,-0.01913,-0.02017,0.41452
6060,-0.69974,-0.16382,0.61816
6061,-1.00000,-0.32254,0.71222
6063,-1.00000,-0.46460,0.67783
6064,-0.83249,-0.57486,0.57867
6065,-0.50632,-0.65207,0.48550
6066,-0.31256,-0.69345,0.42142
6067,-0.27936,-0.68085,0.37848
6069,-0.30737,-0.58844,0.36386
6070,-0.28189,-0.41824,0.40472
6071,-0.16577,-0.23508,0.50412
6072,-0.00708,-0.15308,0.60730
6073,0.12329,-0.25562,0.63239
6075,0.19611,-0.50037,0.54321
6076,0.23727,-0.70425,0.39062
6077,0.29019,-0.65457,0.27661
6078,0.37070,-0.27881,0.27374
6079,0.45566,0.26871,0.37625
6080,0.51074,0.69412,0.52087
6082,0.52563,0.76923,0.64670
6083,0.52310,0.49075,0.73212
6084,0.53555,0.06491,0.78275
6085,0.57367,-0.26205,0.79956
6086,0.61755,-0.37936,0.76920
6088,0.63498,-0.35358,0.68280
6089,0.60803,-0.32422,0.55508
6090,0.54367,-0.36526,0.41739
6091,0.46512,-0.43771,0.29349
6092,0.39761,-0.46136,0.18753
6094,0.36011,-0.42044,0.09610
6095,0.36093,-0.39182,0.02661
6096,0.38950,-0.46597,-0.00494
6097,0.40994,-0.63821,-0.00116
6098,0.37204,-0.78275,-0.00900
6100,0.24420,-0.74652,-0.11023
6101,0.04654,-0.48431,-0.36411
6102,-0.14883,-0.11047,-0.72739
6103,-0.26053,0.18396,-1.00000
6104,-0.25388,0.27750,-0.92020
6105,-0.16376,0.19958,-0.21878
6107,-0.06464,0.08310,0.99997
6108,-0.01419,0.04251,0.99997
6109,-0.01819,0.09048,0.99997
6110,-0.04208,0.15695,0.99997
6111,-0.05060,0.17303,0.99997
6113,-0.03500,0.13345,0.99997
6114,-0.00595,0.08728,0.99997
6115,0.03207,0.08139,0.99997
6116,0.09171,0.11697,0.99997
6117,0.18323,0.15503,0.99997
6119,0.28592,0.15598,0.99997
6120,0.34451,0.11218,0.99997
6121,0.30313,0.04822,0.99997
6122,0.15070,-0.00565,0.99997
6123,-0.06345,-0.03937,0.99997
6125,-0.26062,-0.06775,0.95004
6126,-0.38498,-0.11212,0.67169
6127,-0.43277,-0.17706,0.59503
6128,-0.43738,-0.24176,0.53354
6129,-0.43002,-0.27289,0.36575
6130,-0.41492,-0.24710,0.12964
6132,-0.37872,-0.16470,-0.05096
6133,-0.31836,-0.04691,-0.12976
6134,-0.25681,0.07632,-0.20633
6135,-0.23108,0.17465,-0.41208
6136,-0.26465,0.22107,-0.73669
6138,-0.34863,0.20090,-1.00000
6139,-0.44507,0.13074,-1.00000
6140,-0.50781,0.07172,-0.92343
6141,-0.50708,0.11053,-0.88284
6142,-0.44421,0.30215,-1.00000
6144,-0.34961,0.61185,-1.00000
6145,-0.26413,0.91241,-1.00000
6146,-0.21429,0.99997,-1.00000
6147,-0.19788,0.99628,-1.00000
6148,-0.19180,0.80118,-1.00000
6150,-0.17538,0.62732,-1.00000
6151,-0.14740,0.58255,-1.00000
6152,-0.12048,0.65408,-1.00000
6153,-0.10037,0.74255,-1.00000
6154,-0.07471,0.76328,-1.00000
6155,-0.02621,0.70712,0.39188
6157,0.04358,0.60489,0.99997
6158,0.10880,0.45145,0.99997
6159,0.14178,0.19388,0.99997
6160,0.14249,-0.18774,0.71835
6161,0.14178,-0.59674,0.19604
6163,0.17175,-0.84415,-0.00876
6164,0.23132,-0.78397,0.11102
6165,0.28146,-0.43900,0.34692
6166,0.27667,0.00125,0.45859
6167,0.20383,0.30896,0.38757
6169,0.09415,0.35947,0.28851
6170,-0.00015,0.18491,0.32123
6171,-0.04294,-0.06961,0.41278
6172,-0.03485,-0.23428,0.27362
6173,-0.00671,-0.20676,-0.29410
6175,0.00519,-0.02438,-1.00000
6176,-0.01758,0.13290,-1.00000
6177,-0.06723,0.06418,-1.00000
6178,-0.11774,-0.24728,-1.00000
6179,-0.14276,-0.52377,-0.83350
6180,-0.13306,-0.34985,-1.00000
6182,-0.10272,0.45975,-1.00000
6183,-0.08063,0.99997,-1.00000
6184,-0.09116,0.99997,-1.00000
6185,-0.13721,0.99997,-1.00000
6186,-0.19705,0.99997,-1.00000
6188,-0.23877,0.13220,-0.82077
6189,-0.24307,-0.64566,-0.33340
6190,-0.21786,-0.73398,-0.56781
6191,-0.19254,-0.40054,-0.86444
6192,-0.19412,-0.10950,-0.74988
6194,-0.22433,-0.09714,-0.29767
6195,-0.25732,-0.24457,0.08862
6196,-0.26239,-0.30209,0.17148
6197,-0.23157,-0.18375,0.13400
6198,-0.18518,-0.02951,0.37067
6200,-0.14841,-0.00906,0.99997
6201,-0.12326,-0.10516,0.99997
6202,-0.08899,-0.11682,0.99997
6203,-0.03528,0.12216,0.99997
6204,0.00589,0.53860,0.99997
6205,-0.02991,0.84741,0.99997
6207,-0.18658,0.79697,0.99997
6208,-0.43759,0.39908,0.99997
6209,-0.68945,-0.07877,0.99997
6210,-0.84183,-0.35217,0.99997
6211,-0.85452,-0.36026,0.99997
6213,-0.76590,-0.28448,0.99997
6214,-0.65222,-0.34644,0.92896
6215,-0.56824,-0.59811,-1.00000
6216,-0.51791,-0.90488,-1.00000
6217,-0.46982,-1.00000,-1.00000
6219,-0.39432,-1.00000,-1.00000
6220,-0.29034,-1.00000,-1.00000
6221,-0.18628,-1.00000,-1.00000
6222,-0.11914,-0.77377,-1.00000
6223,-0.10675,-0.32944,-1.00000
6225,-0.12790,0.24026,-1.00000
6226,-0.12564,0.73434,-1.00000
6227,-0.03815,0.99997,-1.00000
6228,0.15790,0.99997,-1.00000
6229,0.42227,0.99997,0.99997
6230,0.66803,0.99997,0.99997
6232,0.81296,0.99997,0.99997
6233,0.82794,0.99997,0.99997
6234,0.74567,0.99997,0.99997
6235,0.62589,0.99997,0.99997
6236,0.50940,0.99997,0.99997
6238,0.39923,0.89569,0.99997
6239,0.27817,-0.32175,0.99997
6240,0.13919,-1.00000,0.99997
6241,-0.00333,-1.00000,0.99997
6242,-0.12875,-0.39557,0.99997
6244,-0.22913,0.52948,0.99997
6245,-0.30673,0.99997,0.99997
6246,-0.35364,0.99997,0.99997
6247,-0.34238,0.44382,0.99997
6248,-0.24945,-0.46094,0.99997
6250,-0.09406,-1.00000,0.99997
6251,0.05356,-1.00000,0.99997
6252,0.11804,-1.00000,0.99997
6253,0.08673,-0.85043,0.99997
6254,0.03238,-0.66928,0.99997
6255,0.05829,-0.64548,0.99997
6257,0.20657,-0.76025,0.99997
6258,0.41336,-0.97815,0.99997
6259,0.55548,-1.00000,0.99997
6260,0.54916,-1.00000,0.99997
6261,0.41251,-1.00000,0.30408
6263,0.24042,-0.48309,-0.38376
6264,0.12277,0.54715,-0.66446
6265,0.08383,0.99997,-0.53839
6266,0.08948,0.99997,-0.19324
6267,0.09924,0.99997,0.09351
6269,0.10373,0.99997,0.10510
6270,0.11676,0.73645,-0.18887
6271,0.14417,-0.26562,-0.60889
6272,0.17139,-0.91504,-0.86676
6273,0.18213,-1.00000,-0.74078
6275,0.18167,-0.98862,-0.22131
6276,0.19406,-0.78903,0.46844
6277,0.23367,-0.71521,0.99997
6278,0.28287,-0.86658,0.99997
6279,0.30142,-1.00000,0.99997
6280,0.26044,-1.00000,0.75674
6282,0.16864,-1.00000,0.65717
6283,0.06674,-1.00000,0.78436
6284,-0.00327,-1.00000,0.99997
6285,-0.02594,-1.00000,0.99997
6286,-0.01599,-1.00000,0.99997
6288,-0.00015,-1.00000,0.99997
6289,0.00250,-1.00000,0.75586
6290,-0.01379,-1.00000,0.31009
6291,-0.04758,-1.00000,-0.32935
6292,-0.09579,-1.00000,-1.00000
6294,-0.15137,-0.44330,-1.00000
6295,-0.19907,0.30978,-1.00000
6296,-0.22119,0.48688,-1.00000
6297,-0.21280,0.24042,-1.00000
6298,-0.19073,0.02472,-1.00000
6300,-0.18201,0.22205,-1.00000
6301,-0.19580,0.87506,-1.00000
6302,-0.20612,0.99997,-1.00000
6303,-0.16727,0.99997,-1.00000
6304,-0.05429,0.99997,0.10135
6305,0.10919,0.99997,0.99997
6307,0.26404,0.99997,0.99997
6308,0.36020,0.99997,0.99997
6309,0.38983,0.99997,0.99997
6310,0.37836,0.99997,0.99997
6311,0.34720,0.99997,0.99997
6313,0.29181,0.99997,0.62268
6314,0.19855,0.19409,0.38416
6315,0.07837,-0.70758,0.78476
6316,-0.02637,-1.00000,0.99997
6317,-0.07513,-0.97519,0.99997
6319,-0.06860,-0.86414,0.99997
6320,-0.05121,-0.82523,0.99997
6321,-0.07104,-0.79254,0.99997
6322,-0.13702,-0.73413,0.94162
6323,-0.21375,-0.81711,0.99997
6325,-0.25543,-1.00000,0.99997
6326,-0.24304,-1.00000,0.99997
6327,-0.19318,-1.00000,0.99997
6328,-0.14059,-1.00000,0.99997
6329,-0.11707,-1.00000,0.99997
6330,-0.14056,-1.00000,0.99997
6332,-0.20999,-1.00000,0.99997
6333,-0.30002,-1.00000,0.67746
6334,-0.36444,-1.00000,0.14432
6335,-0.35956,-1.00000,-0.41901
6336,-0.27652,-1.00000,-0.83035
6338,-0.15402,-1.00000,-0.79709
6339,-0.05252,-0.11221,-0.26349
6340,-0.00894,0.60602,0.41150
6341,-0.01324,0.45673,0.67651
6342,-0.02905,-0.28381,0.23770
6344,-0.03513,-1.00000,-0.67905
6345,-0.04395,-1.00000,-1.00000
6346,-0.07932,-1.00000,-1.00000
6347,-0.13940,-1.00000,-1.00000
6348,-0.18741,-1.00000,-1.00000
6350,-0.18158,-1.00000,-0.84677
6351,-0.11423,-1.00000,-1.00000
6352,-0.02002,-0.29294,-1.00000
6353,0.05313,0.17172,-1.00000
6354,0.08081,0.25742,-1.00000
6355,0.07181,0.01569,-0.95712
6357,0.04831,-0.70181,-0.29343
6358,0.02307,-1.00000,0.15109
6359,-0.00296,-1.00000,0.28268
6360,-0.02673,-1.00000,0.24866
6361,-0.03754,-1.00000,0.26874
6363,-0.02994,-1.00000,0.42310
6364,-0.01950,-1.00000,0.60141
6365,-0.03638,-0.99796,0.66479
6366,-0.09601,-0.16885,0.65106
6367,-0.17636,0.23468,0.78967
6369,-0.22986,0.65942,0.99997
6370,-0.22235,0.99997,0.99997
6371,-0.16086,0.99997,0.99997
6372,-0.08023,0.99997,0.99997
6373,-0.00452,0.99997,0.99997
6375,0.07172,0.02753,0.23654
6376,0.15814,-1.00000,-1.00000
6377,0.22919,-1.00000,-1.00000
6378,0.22479,-1.00000,-1.00000
6379,0.10733,-1.00000,-1.00000
6380,-0.07672,-0.38287,-0.35248
6382,-0.20273,-0.33292,0.10724
6383,-0.15485,-1.00000,0.28235
6384,0.07556,-1.00000,0.27377
6385,0.37213,-1.00000,0.24255
6386,0.57822,-1.00000,0.28247
6388,0.61063,-0.10278,0.36890
6389,0.50378,0.99997,0.40204
6390,0.35596,0.99686,0.30008
6391,0.24005,-0.70020,0.07043
6392,0.16345,-1.00000,-0.18677
6394,0.09955,-1.00000,-0.33636
6395,0.03949,-1.00000,-0.28461
6396,0.00360,-0.69901,-0.03101
6397,0.00793,0.99997,0.32526
6398,0.03165,0.99997,0.62796
6400,0.02713,0.99997,0.74103
6401,-0.03729,0.99997,0.62411
6402,-0.14594,0.99997,0.35745
6403,-0.24567,0.99997,0.08957
6404,-0.28500,0.99997,-0.06171
6405,-0.24747,0.99997,-0.07925
6407,-0.15567,0.99997,-0.03333
6408,-0.05106,0.99997,-0.00351
6409,0.02985,0.77872,-0.01331
6410,0.06882,0.73285,-0.03513
6411,0.06693,0.80972,-0.04626
6413,0.03781,0.81192,-0.06494
6414,-0.00098,0.63809,-0.12378
6415,-0.03580,0.38712,-0.21466
6416,-0.06046,0.26135,-0.27515
6417,-0.07486,0.37109,-0.24207
6419,-0.08115,0.62445,-0.11981
6420,-0.08078,0.80450,0.01062
6421,-0.07495,0.76413,0.05719
6422,-0.06656,0.55554,-0.00546
6423,-0.06107,0.36682,-0.11969
6425,-0.06458,0.32104,-0.20151
6426,-0.07993,0.33298,-0.21057
6427,-0.10339,0.17432,-0.16907
6428,-0.12515,-0.30051,-0.12262
6429,-0.13403,-0.97552,-0.09265
6430,-0.12494,-1.00000,-0.06757
6432,-0.10321,-1.00000,-0.03226
6433,-0.08206,-1.00000,0.00479
6434,-0.07230,-0.44547,0.01749
6435,-0.07172,0.14404,-0.00742
6436,-0.06418,0.33807,-0.05087
6438,-0.03293,0.16422,-0.07504
6439,0.02023,-0.08218,-0.05783
6440,0.06662,-0.08151,-0.01382
6441,0.06491,0.21463,0.01990
6442,-0.00977,0.47363,0.02109
6444,-0.14508,0.19632,0.00729
6445,-0.29681,-0.86176,0.02167
6446,-0.41626,-1.00000,0.08841
6447,-0.47491,-1.00000,0.17926
6448,-0.46722,-1.00000,0.22836
6450,-0.39502,-1.00000,0.18997
6451,-0.25665,-1.00000,0.08813
6452,-0.05576,-0.68552,0.00589
6453,0.18118,0.28580,0.01450
6454,0.40225,0.67923,0.10449
6455,0.55389,0.49603,0.18915
6457,0.61398,-0.21973,0.18610
6458,0.60385,-1.00000,0.10333
6459,0.56699,-1.00000,0.04126
6460,0.53262,-1.00000,0.09808
6461,0.49576,-1.00000,0.26266
6463,0.43018,-1.00000,0.40088
6464,0.32086,-0.36871,0.35907
6465,0.18506,0.80862,0.09763
6466,0.06284,0.99997,-0.26273
6467,-0.01370,0.99997,-0.52200
6469,-0.04541,0.99997,-0.53922
6470,-0.06299,0.99997,-0.31799
6471,-0.09842,0.99997,0.01205
6472,-0.15665,0.99997,0.28455
6473,-0.21152,0.99997,0.38580
6475,-0.22894,0.99997,0.29904
6476,-0.19595,0.99997,0.09842
6477,-0.12933,0.67709,-0.09628
6478,-0.05844,-0.27194,-0.18771
6479,-0.00021,-1.00000,-0.15985
6480,0.04797,-1.00000,-0.08319
6482,0.09238,-0.93997,-0.04993
6483,0.12341,-0.11832,-0.08679
6484,0.11679,0.62912,-0.13043
6485,0.05841,0.99997,-0.10034
6486,-0.03149,0.99997,-0.00458
6488,-0.10345,0.99997,0.03473
6489,-0.11380,0.99997,-0.12009
6490,-0.06049,0.99997,-0.48154
6491,0.01328,0.99997,-0.89044
6492,0.05237,0.99997,-1.00000
6494,0.03107,0.99997,-1.00000
6495,-0.03146,0.99997,-0.70404
6496,-0.09195,0.99997,-0.31094
6497,-0.11789,0.99997,-0.03326
6498,-0.10797,0.98889,0.07623
6500,-0.08554,0.86572,0.08655
6501,-0.07675,0.74673,0.10254
6502,-0.09222,0.68747,0.17719
6503,-0.12332,0.70145,0.28409
6504,-0.15012,0.74622,0.35443
6505,-0.15210,0.75693,0.33801
6507,-0.11526,0.69543,0.24258
6508,-0.03467,0.57516,0.12888
6509,0.08496,0.44656,0.06848
6510,0.22888,0.35861,0.09528
6511,0.37396,0.32669,0.18463
6513,0.49512,0.33060,0.27460
6514,0.57574,0.33862,0.31204
6515,0.61569,0.33395,0.28632
6516,0.62708,0.31964,0.22571
6517,0.62024,0.30325,0.16501
6519,0.59186,0.28241,0.11798
6520,0.53104,0.24927,0.07898
6521,0.43976,0.20801,0.04660
6522,0.34561,0.18167,0.03860
6523,0.28751,0.19431,0.07785
6525,0.28110,0.24347,0.16156
6526,0.29742,0.29257,0.24741
6527,0.28116,0.29623,0.27661
6528,0.19678,0.23816,0.21808
6529,0.06128,0.14630,0.09540
6530,-0.06827,0.07043,-0.02844
6532,-0.14081,0.04263,-0.09637
6533,-0.14841,0.05627,-0.09482
6534,-0.12314,0.07886,-0.05548
6535,-0.10306,0.08261,-0.02371
6536,-0.10312,0.06335,-0.02374
6538,-0.11432,0.03555,-0.04645
6539,-0.12244,0.01505,-0.06500
6540,-0.12186,0.00888,-0.06018
6541,-0.11307,0.01697,-0.03415
6542,-0.09433,0.03635,-0.00552
6544,-0.06247,0.06033,0.00763
6545,-0.02271,0.07614,0.00049
6546,0.00650,0.07013,-0.01877
6547,0.00330,0.03992,-0.03961
6548,-0.03958,0.00165,-0.05850
6550,-0.10577,-0.01843,-0.07748
6551,-0.16495,-0.00308,-0.09396
6552,-0.19431,0.04251,-0.09393
6553,-0.19324,0.09473,-0.05902
6554,-0.17896,0.12939,0.01547
6555,-0.16821,0.13727,0.10800
6557,-0.16205,0.12582,0.17786
6558,-0.14801,0.10907,0.19073
6559,-0.11752,0.09708,0.14340
6560,-0.08026,0.09265,0.06677
6561,-0.05988,0.09424,0.00339
6563,-0.07336,0.09842,-0.02267
6564,-0.11316,0.09955,-0.01898
6565,-0.14963,0.09076,-0.01154
6566,-0.15399,0.06976,-0.01932
6567,-0.12146,0.04523,-0.04044
6569,-0.07507,0.03415,-0.06030
6570,-0.04691,0.04800,-0.07007
6571,-0.05328,0.07837,-0.07458
6572,-0.08380,0.09808,-0.08295
6573,-0.11270,0.08203,-0.09457
6575,-0.12097,0.03149,-0.09924
6576,-0.11084,-0.02130,-0.09039
6577,-0.10037,-0.03586,-0.07541
6578,-0.10403,0.00412,-0.06836
6579,-0.11728,0.07584,-0.07233
6580,-0.11981,0.13333,-0.07294
6582,-0.09488,0.14044,-0.05255
6583,-0.04626,0.09491,-0.01086
6584,0.00388,0.02603,0.03214
6585,0.03381,-0.02963,0.05621
6586,0.03940,-0.05508,0.06354
6588,0.03287,-0.06238,0.07812
6589,0.02679,-0.07758,0.12030
6590,0.02103,-0.11197,0.18097
6591,0.00702,-0.14255,0.22379
6592,-0.01715,-0.12137,0.21539
6594,-0.03851,-0.01334,0.15659
6595,-0.03836,0.16537,0.08411
6596,-0.01022,0.34232,0.03989
6597,0.03094,0.42960,0.03476
6598,0.05798,0.38351,0.04181
6600,0.05106,0.23584,0.02707
6601,0.01178,0.07062,-0.00998
6602,-0.03830,-0.03503,-0.02643
6603,-0.07184,-0.05823,0.02878
6604,-0.07254,-0.03101,0.16443
6605,-0.04376,-0.00226,0.32867
6607,-0.00534,0.00195,0.44504
6608,0.01944,-0.01212,0.47113
6609,0.01892,-0.02478,0.42612
6610,0.00024,-0.02579,0.36072
6611,-0.01740,-0.01950,0.30084
6613,-0.01929,-0.01505,0.22092
6614,-0.00912,-0.01581,0.07404
6615,-0.00674,-0.01855,-0.15204
6616,-0.02960,-0.01785,-0.40753
6617,-0.07324,-0.00751,-0.60815
6619,-0.10910,0.02029,-0.69223
6620,-0.10550,0.07098,-0.65988
6621,-0.05463,0.13736,-0.56677
6622,0.01700,0.19464,-0.48407
6623,0.06570,0.21344,-0.45499
6625,0.06186,0.18539,-0.47421
6626,0.01083,0.13815,-0.49780
6627,-0.05176,0.11823,-0.47748
6628,-0.08475,0.15134,-0.39920
6629,-0.06766,0.21667,-0.30075
6630,-0.01181,0.26523,-0.24890
6632,0.04794,0.26999,-0.28571
6633,0.07486,0.26022,-0.38220
6634,0.05212,0.30267,-0.44086
6635,-0.00800,0.44431,-0.35413
6636,-0.07397,0.66946,-0.08121
6638,-0.11725,0.90652,0.31192
6639,-0.13098,0.99997,0.68015
6640,-0.13010,0.99997,0.88007
6641,-0.13428,0.95590,0.85425
6642,-0.15012,0.69180,0.66687
6644,-0.16861,0.40817,0.46451
6645,-0.17697,0.24872,0.38226
6646,-0.17017,0.28748,0.45419
6647,-0.15164,0.42645,0.59607
6648,-0.12625,0.43359,0.68008
6650,-0.09683,0.15872,0.64703
6651,-0.06723,-0.24539,0.55844
6652,-0.04453,-0.35764,0.53467
6653,-0.03339,0.15967,0.62738
6654,-0.02933,0.99997,0.74472
6655,-0.02206,0.99997,0.70929
6657,-0.00909,0.99997,0.40686
6658,-0.00485,0.99997,-0.10297
6659,-0.03104,-0.01929,-0.61414
6660,-0.09436,-0.97101,-0.91635
6661,-0.17343,-1.00000,-0.93347
6663,-0.23141,-0.84985,-0.75436
6664,-0.24509,-0.50528,-0.55206
6665,-0.22314,-0.43506,-0.46930
6666,-0.19662,-0.49127,-0.55045
6667,-0.19037,-0.34515,-0.74197
6669,-0.20209,0.10257,-0.93668
6670,-0.20706,0.60355,-1.00000
6671,-0.18134,0.83453,-0.96396
6672,-0.12143,0.74316,-0.75974
6673,-0.04462,0.59323,-0.49753
6675,0.02579,0.67224,-0.27112
6676,0.07376,0.97760,-0.13193
6677,0.09283,0.99997,-0.06796
6678,0.08102,0.99997,-0.02917
6679,0.03964,0.47293,0.02774
6680,-0.02048,-0.22049,0.11533
6682,-0.07474,-0.69647,0.22424
6683,-0.09375,-0.83127,0.34351
6684,-0.06387,-0.75754,0.46649
6685,-0.00220,-0.68216,0.58115
6686,0.05106,-0.68768,0.66318
6688,0.06107,-0.69946,0.68555
6689,0.02582,-0.61069,0.63611
6690,-0.02264,-0.41263,0.52673
6691,-0.04581,-0.20578,0.38687
6692,-0.03134,-0.10532,0.25073
6694,-0.00238,-0.14758,0.14749
6695,0.00519,-0.27817,0.09641
6696,-0.02435,-0.40857,0.10245
6697,-0.07269,-0.47748,0.15262
6698,-0.10361,-0.47144,0.21838
6700,-0.09299,-0.41150,0.26788
6701,-0.04547,-0.33267,0.28226
6702,0.01382,-0.26968,0.26440
6703,0.06155,-0.24570,0.23352
6704,0.09113,-0.26205,0.20990
6705,0.11078,-0.29663,0.20184
6707,0.13074,-0.31763,0.20410
6708,0.15335,-0.30481,0.20718
6709,0.17233,-0.26236,0.20703
6710,0.17853,-0.21353,0.20590
6711,0.16519,-0.18195,0.20505
6713,0.13083,-0.17502,0.19815
6714,0.08051,-0.18106,0.17529
6715,0.02621,-0.18103,0.13501
6716,-0.01559,-0.16547,0.09155
6717,-0.03165,-0.14255,0.06644
6719,-0.02026,-0.12985,0.06900
6720,0.00574,-0.13715,0.08328
6721,0.02695,-0.15671,0.07751
6722,0.03085,-0.17264,0.03082
6723,0.02054,-0.17908,-0.04507
6725,0.01050,-0.18558,-0.11130
6726,0.01297,-0.20178,-0.13245
6727,0.02725,-0.22003,-0.10669
6728,0.04163,-0.22226,-0.06775
6729,0.04544,-0.20782,-0.05563
6730,0.03943,-0.20657,-0.08234
6732,0.03403,-0.25128,-0.12482
6733,0.03806,-0.33405,-0.15063
6734,0.04926,-0.40558,-0.15085
6735,0.05566,-0.43707,-0.14682
6736,0.04599,-0.48334,-0.16489
6738,0.01895,-0.65762,-0.20618
6739,-0.01666,-1.00000,-0.24426
6740,-0.04984,-1.00000,-0.25424
6741,-0.07596,-1.00000,-0.24347
6742,-0.09848,-1.00000,-0.25024
6744,-0.12332,-0.72177,-0.30960
6745,-0.15057,0.02463,-0.41824
6746,-0.17126,0.53165,-0.53262
6747,-0.17255,0.64380,-0.60245
6748,-0.14868,0.48193,-0.61029
6750,-0.10876,0.29904,-0.58374
6751,-0.07285,0.25287,-0.57187
6752,-0.05792,0.30615,-0.60593
6753,-0.06454,0.32697,-0.67313
6754,-0.07761,0.26251,-0.72137
6755,-0.08160,0.19565,-0.69244
6757,-0.07657,0.22702,-0.56464
6758,-0.07883,0.31921,-0.37476
6759,-0.10419,0.29617,-0.19644
6760,-0.14987,0.03693,-0.07849
6761,-0.19318,-0.31467,0.01422
6763,-0.20862,-0.36063,0.20096
6764,-0.18692,0.26706,0.60532
6765,-0.13797,0.99997,0.99997
6766,-0.07678,0.99997,0.99997
6767,-0.00946,0.99997,0.99997
6769,0.06653,0.99997,0.99997
6770,0.14966,0.99997,0.99997
6771,0.22592,0.99997,0.99997
6772,0.27539,0.99997,0.99997
6773,0.28757,0.90491,0.99997
6775,0.26913,0.57309,0.99997
6776,0.23676,0.33185,0.99997
6777,0.20377,0.06445,0.99997
6778,0.17566,-0.21579,0.99997
6779,0.15582,-0.43246,0.20474
6780,0.15128,-0.53577,-0.61279
6782,0.16721,-0.53516,-1.00000
6783,0.19531,-0.47687,-1.00000
6784,0.21167,-0.41144,-1.00000
6785,0.19168,-0.38116,-1.00000
6786,0.13138,-0.41949,-0.11740
6788,0.05438,-0.54495,0.94955
6789,-0.00378,-0.74628,0.99997
6790,-0.02203,-0.97290,0.99997
6791,-0.00812,-1.00000,0.99997
6792,0.00974,-1.00000,0.99997
6794,0.00504,-1.00000,0.99997
6795,-0.02863,-0.81122,0.99997
6796,-0.07520,-0.50189,0.99997
6797,-0.10736,-0.22742,0.99997
6798,-0.10251,-0.03940,0.92279
6800,-0.05554,0.06393,0.91275
6801,0.01645,0.11716,0.88239
6802,0.08075,0.15158,0.74072
6803,0.10550,0.17438,0.50378
6804,0.07782,0.17572,0.22098
6805,0.01114,0.14948,-0.08948
6807,-0.06418,0.10608,-0.42297
6808,-0.11896,0.06833,-0.72678
6809,-0.13788,0.05716,-0.88892
6810,-0.11996,0.07843,-0.81030
6811,-0.07294,0.11801,-0.49420
6813,-0.01041,0.14743,-0.06168
6814,0.04877,0.14035,0.32373
6815,0.08618,0.09299,0.55310
6816,0.09525,0.03268,0.61258
6817,0.08621,0.00159,0.55121
6819,0.07657,0.02325,0.42264
6820,0.07437,0.08047,0.25140
6821,0.07431,0.12827,0.03699
6822,0.07034,0.13254,-0.22302
6823,0.06650,0.09818,-0.51144
6825,0.06580,0.05716,-0.78268
6826,0.04660,0.02972,-0.97107
6827,-0.03781,-0.00003,-1.00000
6828,-0.21902,-0.06580,-0.89487
6829,-0.46191,-0.17636,-0.63174
6830,-0.65790,-0.29459,-0.29227
6832,-0.68552,-0.36377,0.04327
6833,-0.49539,-0.35696,0.29877
6834,-0.14859,-0.30173,0.41879
6835,0.22391,-0.25504,0.39789
6836,0.50302,-0.25412,0.31607
6838,0.63913,-0.29013,0.33560
6839,0.65118,-0.32657,0.61716
6840,0.58865,-0.33896,0.99997
6841,0.49698,-0.33469,0.99997
6842,0.40533,-0.33649,0.99997
6844,0.32645,-0.35263,0.99997
6845,0.25595,-0.36853,0.99997
6846,0.17432,-0.36707,0.87711
6847,0.06125,-0.35257,0.26248
6848,-0.08368,-0.34927,0.00290
6850,-0.23389,-0.37598,0.03021
6851,-0.35257,-0.42487,0.12866
6852,-0.41724,-0.46896,0.14441
6853,-0.42661,-0.48871,0.08139
6854,-0.38715,-0.48761,0.01352
6855,-0.30441,-0.47952,-0.05124
6857,-0.19632,-0.46426,-0.17419
6858,-0.10657,-0.42249,-0.35559
6859,-0.07870,-0.33841,-0.46533
6860,-0.09729,-0.22635,-0.38425
6861,-0.06796,-0.12863,-0.22223
6863,0.09937,-0.08252,-0.29843
6864,0.35248,-0.08737,-0.77707
6865,0.45871,-0.10464,-1.00000
6866,0.17252,-0.09286,-1.00000
6867,-0.49329,-0.04434,0.32132
6869,-1.00000,0.00980,0.99997
6870,-1.00000,0.02982,0.99997
6871,-0.72046,0.00461,0.99997
6872,0.32590,-0.03821,0.99997
6873,0.99997,-0.05682,-0.59909
6875,0.99997,-0.03214,-1.00000
6876,0.99997,0.01556,-1.00000
6877,0.95804,0.04474,-1.00000
6878,0.95859,0.02902,-1.00000
6879,0.99997,-0.02045,-1.00000
6880,0.99997,-0.06689,-1.00000
6882,0.99997,-0.08200,-1.00000
6883,0.99997,-0.06894,-1.00000
6884,0.99997,-0.05072,-1.00000
6885,0.99997,-0.03638,-0.97424
6886,0.99997,-0.00253,-0.88086
6888,0.74890,0.08405,-0.90836
6889,0.17484,0.22122,-0.92441
6890,-0.44766,0.35175,-0.84842
6891,-0.83481,0.39737,-0.69073
6892,-0.80399,0.32358,-0.50085
6894,-0.39542,0.17542,-0.31564
6895,0.17865,0.04752,-0.15118
6896,0.68774,0.01242,-0.01562
6897,0.99997,0.06961,0.08545
6898,0.99997,0.15765,0.14813
6900,0.99997,0.21167,0.16592
6901,0.99997,0.21133,0.13254
6902,0.78116,0.18085,0.05881
6903,0.47723,0.15305,-0.01651
6904,0.19672,0.13895,-0.04922
6905,0.04694,0.12915,-0.03140
6907,0.02502,0.11523,0.00070
6908,-0.03137,0.10184,0.01648
6909,-0.32516,0.09586,0.04565
6910,-0.87955,0.08887,0.15414
6911,-1.00000,0.05728,0.33664
6913,-1.00000,-0.01508,0.43768
6914,-1.00000,-0.11389,0.22348
6915,-0.09824,-0.19623,-0.41336
6916,0.84021,-0.22134,-1.00000
6917,0.99997,-0.18497,-1.00000
6919,0.99997,-0.12524,-1.00000
6920,0.99997,-0.09232,-1.00000
6921,0.83154,-0.10693,-1.00000
6922,0.93649,-0.14426,-0.28351
6923,0.99997,-0.15802,0.21301
6925,0.99997,-0.12201,0.45981
6926,0.99997,-0.05133,0.58029
6927,0.99997,0.01492,0.66696
6928,0.99997,0.05045,0.72296
6929,0.99997,0.06235,0.71692
6930,0.80939,0.07739,0.65436
6932,0.60504,0.11093,0.58127
6933,0.39810,0.14984,0.53418
6934,0.19632,0.16486,0.50888
6935,0.01413,0.13879,0.48337
6936,-0.13583,0.08356,0.45871
6938,-0.24237,0.03143,0.46097
6939,-0.29346,0.00989,0.49915
6940,-0.28238,0.02078,0.53033
6941,-0.22043,0.04053,0.48148
6942,-0.14264,0.04037,0.31845
6944,-0.09372,0.01190,0.09760
6945,-0.09879,-0.02255,-0.05811
6946,-0.14127,-0.02509,-0.05182
6947,-0.17026,0.02502,0.10190
6948,-0.13834,0.10791,0.28049
6950,-0.04205,0.17172,0.35681
6951,0.07040,0.17163,0.31555
6952,0.13541,0.10852,0.26654
6953,0.12589,0.03214,0.32071
6954,0.07584,0.00348,0.43555
6955,0.05475,0.04800,0.40179
6957,0.11292,0.13968,0.03430
6958,0.24280,0.22693,-0.58795
6959,0.38696,0.27478,-1.00000
6960,0.48206,0.28506,-1.00000
6961,0.50012,0.28311,-0.93018
6963,0.45367,0.28934,-0.99826
6964,0.36771,0.30466,-1.00000
6965,0.25043,0.31839,-1.00000
6966,0.09238,0.32446,-1.00000
6967,-0.10806,0.32745,-1.00000
6969,-0.32388,0.33469,-1.00000
6970,-0.50934,0.34671,-1.00000
6971,-0.63425,0.35767,0.51089
6972,-0.70612,0.36398,0.99997
6973,-0.75403,0.36938,0.99997
6975,-0.78732,0.37845,0.99997
6976,-0.77277,0.38480,0.99997
6977,-0.65942,0.36826,0.99997
6978,-0.43289,0.30853,0.99997
6979,-0.14639,0.20578,0.58884
6980,0.10400,0.08890,-1.00000
6982,0.24146,0.00043,-1.00000
6983,0.25604,-0.03217,-1.00000
6984,0.20203,-0.01556,0.94400
6985,0.15509,0.01605,0.99997
6986,0.16745,0.02805,0.99997
6988,0.24890,0.00912,0.99997
6989,0.37402,-0.02649,0.99997
6990,0.50302,-0.05670,0.99997
6991,0.60669,-0.06995,0.99997
6992,0.68579,-0.06888,0.99997
6994,0.77066,-0.06064,0.99997
6995,0.88971,-0.04770,0.99997
6996,0.99997,-0.02927,0.99997
6997,0.99997,-0.00803,0.99997
6998,0.99997,0.00797,0.99997
7000,0.73187,0.01187,0.99997
7001,0.33844,0.00433,0.99997
7002,-0.02463,-0.00833,0.99997
7003,-0.23816,-0.02148,0.46579
7004,-0.28522,-0.03571,0.38925
7005,-0.24432,-0.05289,0.51779
7007,-0.21350,-0.07187,0.31772
7008,-0.23602,-0.08929,-0.49100
7009,-0.28583,-0.10284,-1.00000
7010,-0.30963,-0.10904,-1.00000
7011,-0.27753,-0.09848,-1.00000
7013,-0.20160,-0.05991,-1.00000
7014,-0.11996,0.00311,-1.00000
7015,-0.06989,0.06018,-1.00000
7016,-0.06982,0.06934,-1.00000
7017,-0.11429,0.01578,-1.00000
7019,-0.17783,-0.06229,-1.00000
7020,-0.22739,-0.09445,0.60370
7021,-0.24030,-0.03445,0.99997
7022,-0.21725,0.09866,0.99997
7023,-0.17999,0.23553,0.99997
7025,-0.15280,0.31268,0.99997
7026,-0.14365,0.31567,0.99997
7027,-0.14062,0.27463,0.89368
7028,-0.12573,0.22928,-0.53220
7029,-0.09268,0.20450,-1.00000
7030,-0.05212,0.21185,-1.00000
7032,-0.02170,0.25919,-0.80411
7033,-0.01169,0.35211,-0.70248
7034,-0.01901,0.49698,-1.00000
7035,-0.03329,0.71271,-1.00000
7036,-0.04587,0.99997,-1.00000
7038,-0.05273,0.99997,-1.00000
7039,-0.04959,0.99997,-1.00000
7040,-0.02832,0.99997,-1.00000
7041,0.01694,0.99997,-1.00000
7042,0.07614,0.89960,0.08530
7044,0.11691,0.11862,0.99921
7045,0.09729,-0.34680,0.99997
7046,-0.00699,-0.32956,0.99997
7047,-0.18109,-0.02426,0.99997
7048,-0.37555,0.20380,0.99997
7050,-0.53629,0.18155,0.99997
7051,-0.63599,0.11490,0.94287
7052,-0.68225,0.39639,0.37839
7053,-0.69739,0.99997,0.00494
7054,-0.69186,0.99997,-0.07156
7055,-0.65756,0.99997,0.01550
7057,-0.58606,0.99997,-0.04361
7058,-0.49011,0.99997,-0.46796
7059,-0.40207,0.99997,-1.00000
7060,-0.34686,0.99997,-1.00000
7061,-0.31647,0.68420,-1.00000
7063,-0.27551,0.30609,-1.00000
7064,-0.19724,-0.21295,-1.00000
7065,-0.09555,-0.79025,-1.00000
7066,-0.01855,-1.00000,-1.00000
7067,-0.00436,-1.00000,-1.00000
7069,-0.04059,-0.82077,-1.00000
7070,-0.06931,-0.47052,-1.00000
7071,-0.03607,-0.35168,-0.62021
7072,0.06097,-0.51425,0.80057
7073,0.16885,-0.81796,0.99997
7075,0.22565,-1.00000,0.99997
7076,0.21088,-1.00000,0.99997
7077,0.15439,-1.00000,0.99997
7078,0.09976,-1.00000,0.99997
7079,0.06210,-1.00000,0.44559
7080,0.02167,-1.00000,-0.16995
7082,-0.04398,-1.00000,-0.61664
7083,-0.12631,-1.00000,-0.66833
7084,-0.18689,-1.00000,-0.33423
7085,-0.19266,-1.00000,0.06390
7086,-0.14966,-0.92056,0.12204
7088,-0.10165,-0.65686,-0.27667
7089,-0.09485,-0.41428,-0.79764
7090,-0.14120,-0.22684,-0.88229
7091,-0.21194,-0.13370,-0.19907
7092,-0.26208,-0.16229,0.99997
7094,-0.26123,-0.28403,0.99997
7095,-0.20609,-0.37415,0.99997
7096,-0.11188,-0.24118,0.99997
7097,0.00320,0.24646,0.99997
7098,0.12650,0.99997,0.99997
7100,0.25122,0.99997,0.99997
7101,0.37222,0.99997,0.91043
7102,0.48041,0.99997,0.65536
7103,0.55652,0.23093,0.49704
7104,0.57025,-0.89005,0.40091
7105,0.49252,-1.00000,0.29581
7107,0.31985,-1.00000,0.09521
7108,0.09290,-0.31891,-0.20886
7109,-0.11270,0.62024,-0.48392
7110,-0.22604,0.99997,-0.52277
7111,-0.22552,0.99997,-0.20282
7113,-0.15088,0.99997,0.40179
7114,-0.06918,0.75208,0.99997
7115,-0.02048,0.54483,0.99997
7116,0.01016,0.46381,0.99997
7117,0.07031,0.52237,0.99997
7119,0.18820,0.75842,0.99997
7120,0.34100,0.99997,0.88388
7121,0.47269,0.99997,0.46429
7122,0.54172,0.99997,0.03174
7123,0.55032,0.99997,-0.40152
7125,0.52829,0.99997,-0.81351
7126,0.49292,0.99997,-1.00000
7127,0.43314,0.99997,-1.00000
7128,0.33551,0.99997,-1.00000
7129,0.22165,0.99997,-1.00000
7130,0.15005,0.99997,-1.00000
7132,0.17337,0.99997,-1.00000
7133,0.29279,0.99997,-1.00000
7134,0.45645,0.99997,-1.00000
7135,0.60281,0.99997,-1.00000
7136,0.70050,0.99997,-1.00000
7138,0.74390,0.99997,-0.06564
7139,0.71902,0.99997,0.99997
7140,0.59430,0.99997,0.99997
7141,0.36517,0.99997,0.99997
7142,0.10919,0.99997,0.99997
7144,-0.02737,0.99997,0.99997
7145,0.06442,0.99997,0.99997
7146,0.33609,0.99997,0.99997
7147,0.56952,0.99997,0.99997
7148,0.51733,0.99997,0.99997
7150,0.09784,0.99997,0.99997
7151,-0.52008,0.23727,0.15997
7152,-1.00000,0.64914,-1.00000
7153,-1.00000,0.99997,-1.00000
7154,-0.98157,0.99997,-1.00000
7155,-0.60791,0.99997,-1.00000
7157,-0.27878,0.99997,-1.00000
7158,-0.09665,0.99997,-1.00000
7159,-0.02792,0.99997,-0.71155
7160,0.01132,0.99997,-0.30762
7161,0.06470,0.99997,0.14111
7163,0.11752,0.99997,0.47778
7164,0.14218,0.99997,0.44516
7165,0.14136,0.99997,-0.05734
7166,0.14410,0.99997,-0.84622
7167,0.16748,0.99997,-1.00000
7169,0.18982,0.99997,-1.00000
7170,0.16483,0.99997,-1.00000
7171,0.06329,0.99997,-1.00000
7172,-0.09567,-1.00000,-0.87241
7173,-0.25278,-1.00000,-0.52380
7175,-0.34952,-1.00000,-0.34485
7176,-0.36856,-1.00000,-0.31198
7177,-0.34021,-1.00000,-0.39044
7178,-0.31085,-1.00000,-0.53381
7179,-0.30334,-1.00000,-0.65054
7180,-0.30542,-1.00000,-0.61841
7182,-0.29303,0.44083,-0.36938
7183,-0.26132,0.99997,0.03067
7184,-0.22815,0.99997,0.39963
7185,-0.20789,0.99997,0.55542
7186,-0.18832,0.99997,0.43594
7188,-0.14230,0.99997,0.12823
7189,-0.06549,0.99997,-0.19879
7190,0.00375,0.99997,-0.38855
7191,0.01453,0.85269,-0.35544
7192,-0.03860,0.16757,-0.09918
7194,-0.08835,-0.29782,0.30264
7195,-0.03543,-0.21881,0.71445
7196,0.17203,0.38663,0.98645
7197,0.49042,0.99997,0.99997
7198,0.80865,0.99997,0.83597
7200,0.99997,0.99997,0.55930
7201,0.99997,0.94977,0.35837
7202,0.99997,0.70074,0.31082
7203,0.99997,0.70441,0.32703
7204,0.99997,0.59378,0.21255
7205,0.99997,-0.11810,-0.13635
7207,0.99844,-1.00000,-0.55594
7208,0.90649,-1.00000,-0.65875
7209,0.76834,-1.00000,-0.14337
7210,0.60455,-1.00000,0.85098
7211,0.45438,-0.78766,0.99997
7213,0.36111,0.63577,0.99997
7214,0.34558,0.94055,0.32523
7215,0.38519,0.02664,-1.00000
7216,0.42126,-1.00000,-1.00000
7217,0.39664,-1.00000,-1.00000
7219,0.29620,-1.00000,-1.00000
7220,0.15582,-1.00000,-1.00000
7221,0.03214,-1.00000,-1.00000
7222,-0.04053,-1.00000,-1.00000
7223,-0.07056,-1.00000,-1.00000
7225,-0.09509,-1.00000,-0.56918
7226,-0.14874,-1.00000,0.43066
7227,-0.24094,-1.00000,0.99997
7228,-0.35382,-0.86090,0.99997
7229,-0.45419,-0.47964,0.99997
7230,-0.50797,-0.30035,0.99997
7232,-0.49222,-0.51126,0.99997
7233,-0.40512,-1.00000,0.99997
7234,-0.27130,-1.00000,-0.43359
7235,-0.13574,-1.00000,-1.00000
7236,-0.04303,-0.83911,-1.00000
7238,-0.01071,0.81409,-1.00000
7239,-0.01605,0.99997,-1.00000
7240,-0.01157,0.99997,-1.00000
7241,0.03745,0.99997,-1.00000
7242,0.12094,0.99997,-1.00000
7244,0.18671,0.99997,-1.00000
7245,0.18039,0.99997,-1.00000
7246,0.09149,0.99997,-0.39313
7247,-0.03653,0.99997,0.16617
7248,-0.14493,0.99997,0.04440
7250,-0.21393,0.99997,-0.50415
7251,-0.27994,0.99997,-0.94861
7252,-0.39450,0.99997,-0.82190
7253,-0.56006,0.99997,-0.08197
7254,-0.70670,0.99997,0.79654
7255,-0.73938,0.99997,0.99997
7257,-0.61807,0.99997,0.60553
7258,-0.39755,0.99997,-0.51410
7259,-0.18860,-0.88037,-1.00000
7260,-0.07434,-1.00000,-1.00000
7261,-0.05643,-1.00000,-1.00000
7263,-0.07501,-1.00000,-0.10486
7264,-0.07587,-0.78802,0.69861
7265,-0.05820,0.65753,0.99997
7266,-0.06183,0.99997,0.99997
7267,-0.11572,0.99997,0.99997
7269,-0.20248,0.99997,0.99997
7270,-0.27332,0.99997,0.99997
7271,-0.29510,0.99997,0.99997
7272,-0.28137,0.99997,0.99997
7273,-0.27719,0.99997,0.99997
7275,-0.31332,0.99997,0.90356
7276,-0.37332,0.99997,0.73981
7277,-0.40518,0.99997,0.50107
7278,-0.36734,0.99997,0.16498
7279,-0.26740,0.99997,-0.14529
7280,-0.15747,0.91754,-0.26950
7282,-0.09045,0.49277,-0.16199
7283,-0.07620,0.41553,0.06528
7284,-0.07736,0.47757,0.24289
7285,-0.04755,0.44870,0.28488
7286,0.02472,0.26678,0.24057
7288,0.10535,0.04709,0.22321
7289,0.14484,-0.07388,0.29620
7290,0.11887,-0.08685,0.42258
7291,0.04434,-0.09457,0.51172
7292,-0.03781,-0.15771,0.50565
7294,-0.09219,-0.18634,0.42194
7295,-0.10626,-0.02676,0.32312
7296,-0.08871,0.32343,0.25323
7297,-0.05896,0.61929,0.20569
7298,-0.03784,0.55896,0.14691
7300,-0.03958,0.11957,0.06485
7301,-0.06314,-0.32861,-0.00897
7302,-0.08807,-0.34586,-0.02469
7303,-0.08481,0.05502,0.03909
7304,-0.03836,0.23505,0.15039
7305,0.03186,-0.58536,0.24277
7307,0.07712,-1.00000,0.26041
7308,0.05087,-1.00000,0.19321
7309,-0.05505,-1.00000,0.07806
7310,-0.19925,-1.00000,-0.02835
7311,-0.31384,-1.00000,-0.08310
7313,-0.34525,0.99997,-0.07645
7314,-0.28308,0.99997,-0.02945
7315,-0.16019,0.99997,0.02377
7316,-0.02899,0.99997,0.05811
7317,0.06732,0.99997,0.06955
7319,0.11197,0.99997,0.07016
7320,0.11533,0.99997,0.06967
7321,0.10260,0.99997,0.06079
7322,0.09637,0.99997,0.02426
7323,0.10352,0.34671,-0.04855
7325,0.11340,-0.56400,-0.13708
7326,0.10968,-0.67822,-0.19901
7327,0.08798,-0.34262,-0.20078
7328,0.06503,-0.05695,-0.14478
7329,0.06888,-0.07123,-0.06790
7330,0.11374,-0.29312,-0.01559
7332,0.18063,-0.48343,-0.01581
7333,0.22385,-0.48932,-0.07056
7334,0.20526,-0.33530,-0.15863
7335,0.13046,-0.18286,-0.23792
7336,0.05222,-0.23590,-0.25528
7338,0.03018,-0.61023,-0.18060
7339,0.07721,-1.00000,-0.05136
7340,0.14108,-1.00000,0.02246
7341,0.14392,-1.00000,-0.07074
7342,0.04776,-0.54794,-0.34259
7344,-0.11368,0.33942,-0.67438
7345,-0.26703,0.39371,-0.91122
7346,-0.36276,-0.85287,-1.00000
7347,-0.40894,-1.00000,-1.00000
7348,-0.44489,-1.00000,-1.00000
7350,-0.48901,-1.00000,-1.00000
7351,-0.51770,-1.00000,-1.00000
7352,-0.49515,0.75845,-0.95343
7353,-0.41769,0.99997,-0.76257
7354,-0.32269,0.99997,-0.94919
7355,-0.25470,0.99997,-1.00000
7357,-0.22726,0.99997,-1.00000
7358,-0.21985,0.99997,-1.00000
7359,-0.20670,0.04465,-1.00000
7360,-0.18286,-0.72974,-1.00000
7361,-0.16132,-0.48300,-1.00000
7363,-0.15228,0.35016,-0.89719
7364,-0.15216,0.99997,0.41861
7365,-0.15320,0.99997,0.99997
7366,-0.15692,0.77054,0.99997
7367,-0.17181,0.26602,0.99997
7369,-0.19745,0.08127,0.99997
7370,-0.21555,0.23010,0.99997
7371,-0.20166,0.40045,0.99997
7372,-0.14682,0.31061,0.83847
7373,-0.06769,-0.01865,-0.17664
7375,0.00571,-0.31833,-1.00000
7376,0.05173,-0.35147,-1.00000
7377,0.06857,-0.12585,-1.00000
7378,0.06744,0.13895,-1.00000
7379,0.05823,0.21771,-0.36954
7380,0.04272,0.05399,0.23410
7382,0.02014,-0.22644,0.69025
7383,-0.00516,-0.43393,0.99997
7384,-0.02310,-0.44754,0.99997
7385,-0.02512,-0.27036,0.99997
7386,-0.01114,0.00354,0.97467
7388,0.01074,0.26437,0.43787
7389,0.03012,0.44757,-0.04752
7390,0.03961,0.54840,-0.27322
7391,0.03564,0.59561,-0.25266
7392,0.01755,0.61447,-0.17981
7394,-0.01166,0.61060,-0.23492
7395,-0.04355,0.58105,-0.43381
7396,-0.06561,0.53201,-0.65186
7397,-0.06699,0.48090,-0.76544
7398,-0.04532,0.44229,-0.75549
7400,-0.00931,0.41721,-0.68732
7401,0.02618,0.39798,-0.62021
7402,0.04852,0.38074,-0.55496
7403,0.05338,0.36652,-0.46179
7404,0.04440,0.34912,-0.33780
7405,0.02829,0.30862,-0.22397
7407,0.00977,0.22562,-0.16705
7408,-0.00894,0.10614,-0.17325
7409,-0.02524,-0.01151,-0.20181
7410,-0.03461,-0.08188,-0.20239
7411,-0.03357,-0.08862,-0.15735
7413,-0.02478,-0.05759,-0.09232
7414,-0.01788,-0.03287,-0.05023
7415,-0.02222,-0.03952,-0.05414
7416,-0.03738,-0.06790,-0.08923
7417,-0.05084,-0.09061,-0.11563
7419,-0.04761,-0.09152,-0.10004
7420,-0.02316,-0.07718,-0.04187
7421,0.01236,-0.06387,0.02661
7422,0.04330,-0.05783,0.06656
7423,0.06079,-0.04996,0.06561
7425,0.06619,-0.02820,0.04929
7426,0.06348,0.00677,0.05865
7427,0.05154,0.03888,0.11090
7428,0.02634,0.04767,0.17801
7429,-0.01077,0.02344,0.20557
7430,-0.04984,-0.02505,0.15805
7432,-0.07959,-0.07385,0.05133
7433,-0.09531,-0.09448,-0.05734
7434,-0.09720,-0.06668,-0.11301
7435,-0.08124,0.01126,-0.10214
7436,-0.03812,0.11899,-0.05557
7438,0.03256,0.22049,-0.01721
7439,0.10742,0.28049,-0.00940
7440,0.14679,0.28339,-0.02255
7441,0.12634,0.24261,-0.03244
7442,0.06509,0.19159,-0.02466
7444,0.01740,0.16092,-0.00571
7445,0.02884,0.15762,0.00613
7446,0.09537,0.16296,-0.00015
7447,0.16580,0.14969,-0.01654
7448,0.18707,0.10449,-0.02188
7450,0.14999,0.03677,-0.00174
7451,0.09338,-0.03171,0.03497
7452,0.06589,-0.08429,0.05930
7453,0.08508,-0.11774,0.04614
7454,0.13004,-0.13715,-0.00162
7455,0.16653,-0.14667,-0.05219
7457,0.17511,-0.14767,-0.07144
7458,0.15707,-0.14334,-0.05283
7459,0.12210,-0.14005,-0.02286
7460,0.07773,-0.14011,-0.01596
7461,0.03006,-0.13406,-0.04312
7463,-0.01212,-0.10507,-0.08435
7464,-0.03986,-0.04590,-0.11063
7465,-0.05139,0.02859,-0.11264
7466,-0.05231,0.08859,-0.10709
7467,-0.04645,0.11325,-0.11526
7469,-0.02859,0.10791,-0.13538
7470,0.01077,0.09726,-0.13654
7471,0.07184,0.10092,-0.08151
7472,0.13928,0.11703,0.03995
7473,0.19122,0.12921,0.19528
7475,0.21503,0.12695,0.32440
7476,0.21295,0.11496,0.37656
7477,0.19333,0.10193,0.34250
7478,0.15991,0.08533,0.25992
7479,0.11249,0.05292,0.18814
7480,0.05661,0.00098,0.16928
7482,0.00717,-0.05453,0.20316
7483,-0.02310,-0.09058,0.25314
7484,-0.03842,-0.10236,0.27777
7485,-0.05936,-0.11044,0.26227
7486,-0.10263,-0.13516,0.22360
7488,-0.16095,-0.16180,0.18610
7489,-0.20560,-0.13727,0.15128
7490,-0.21136,-0.01318,0.09351
7491,-0.17938,0.19815,-0.01013
7492,-0.13446,0.40979,-0.14267
7494,-0.10062,0.51328,-0.24289
7495,-0.08160,0.46143,-0.24799
7496,-0.06522,0.31125,-0.15237
7497,-0.04315,0.18402,-0.02878
7498,-0.02173,0.17181,0.01486
7500,-0.01187,0.26862,-0.08524
7501,-0.01224,0.38522,-0.29800
7502,-0.00781,0.43283,-0.51874
7503,0.01324,0.39917,-0.64545
7504,0.04288,0.35001,-0.64664
7505,0.05646,0.36044,-0.56750
7507,0.03406,0.44446,-0.47897
7508,-0.02130,0.54883,-0.42065
7509,-0.08585,0.61072,-0.38580
7510,-0.13428,0.61673,-0.34897
7511,-0.15775,0.60428,-0.29776
7513,-0.16531,0.60648,-0.23642
7514,-0.17123,0.60065,-0.16565
7515,-0.18076,0.51813,-0.07047
7516,-0.18613,0.31287,0.06598
7517,-0.17380,0.02490,0.23660
7519,-0.13684,-0.23007,0.40247
7520,-0.08450,-0.35138,0.51291
7521,-0.04303,-0.35156,0.53552
7522,-0.04459,-0.36502,0.47031
7523,-0.10623,-0.53580,0.34149
7525,-0.21146,-0.86569,0.18140
7526,-0.31088,-1.00000,0.02106
7527,-0.35129,-1.00000,-0.11227
7528,-0.31650,-0.72137,-0.20016
7529,-0.24631,0.00974,-0.23938
7530,-0.20999,0.72107,-0.24002
7532,-0.24841,0.99997,-0.21027
7533,-0.33368,0.99997,-0.14273
7534,-0.38550,0.99997,-0.02133
7535,-0.33636,0.99997,0.15146
7536,-0.18912,0.99997,0.33389
7538,-0.01566,0.99997,0.45825
7539,0.10229,0.68881,0.47311
7540,0.13510,0.24982,0.37970
7541,0.11600,-0.08569,0.22879
7542,0.09708,-0.08282,0.08221
7544,0.09869,0.33243,-0.02579
7545,0.10022,0.99997,-0.09824
7546,0.07455,0.99997,-0.15607
7547,0.02454,0.99997,-0.21417
7548,-0.01801,0.99997,-0.27002
7550,-0.02686,0.99997,-0.30420
7551,-0.01016,0.99997,-0.28784
7552,-0.00140,0.30276,-0.19962
7553,-0.02094,-0.20740,-0.05353
7554,-0.04993,-0.40704,0.08090
7555,-0.04547,-0.32016,0.09799
7557,0.01581,-0.10226,-0.07675
7558,0.10913,0.03775,-0.41302
7559,0.17749,-0.04263,-0.76581
7560,0.17789,-0.32507,-0.95996
7561,0.11594,-0.63705,-0.91559
7563,0.03842,-0.77701,-0.70752
7564,-0.00476,-0.67123,-0.49637
7565,0.00555,-0.42542,-0.38303
7566,0.05283,-0.20865,-0.31940
7567,0.10361,-0.06873,-0.16733
7569,0.12955,0.13477,0.14474
7570,0.11923,0.58792,0.52283
7571,0.08105,0.99997,0.77744
7572,0.03934,0.99997,0.80417
7573,0.02161,0.99997,0.69025
7575,0.03793,0.99997,0.62088
7576,0.06549,0.99997,0.66336
7577,0.05569,0.19199,0.65118
7578,-0.03537,-0.26624,0.31339
7579,-0.21329,-0.24490,-0.44614
7580,-0.43469,0.09390,-1.00000
7582,-0.62851,0.47946,-1.00000
7583,-0.73441,0.69748,-1.00000
7584,-0.73312,0.65463,-1.00000
7585,-0.65109,0.37012,-0.93869
7586,-0.53778,-0.04565,-0.57578
7588,-0.43256,-0.42542,-0.70673
7589,-0.34653,-0.62958,-1.00000
7590,-0.27411,-0.65259,-1.00000
7591,-0.22101,-0.64844,-1.00000
7592,-0.21298,-0.81470,-1.00000
7594,-0.26651,-1.00000,-1.00000
7595,-0.34949,-1.00000,-1.00000
7596,-0.38892,-1.00000,-0.84711
7597,-0.34213,-1.00000,-0.75760
7598,-0.27048,-1.00000,-0.70596
7600,-0.32501,-1.00000,-0.49097
7601,-0.62540,-1.00000,0.05600
7602,-1.00000,-1.00000,0.93573
7603,-1.00000,-0.92490,0.99997
7604,-1.00000,0.99997,0.99997
7605,-1.00000,0.99997,0.99997
7607,-0.81146,0.99997,0.99997
7608,-0.10153,0.99997,0.99997
7609,0.31995,0.99997,0.99997
7610,0.19189,0.99997,0.99997
7611,-0.57498,0.05566,0.99997
7613,-1.00000,-0.64795,0.99997
7614,-1.00000,-1.00000,0.99997
7615,-1.00000,-1.00000,0.99997
7616,-1.00000,-1.00000,0.99997
7617,-1.00000,-1.00000,0.99997
7619,-1.00000,-1.00000,0.99997
7620,-1.00000,-1.00000,0.99997
7621,-1.00000,-1.00000,0.99997
7622,-0.29977,-1.00000,0.48602
7623,-0.13516,-1.00000,-1.00000
7625,-0.25284,-1.00000,-1.00000
7626,-0.20300,-1.00000,-1.00000
7627,0.22800,-1.00000,-1.00000
7628,0.88034,-1.00000,-1.00000
7629,0.99997,-1.00000,-1.00000
7630,0.99997,-1.00000,-1.00000
7632,0.99997,-1.00000,-1.00000
7633,0.99997,-1.00000,-1.00000
7634,0.99997,-1.00000,-1.00000
7635,0.99997,-1.00000,-1.00000
7636,0.99997,-1.00000,-1.00000
7638,0.99997,-1.00000,-1.00000
7639,0.99997,-1.00000,-1.00000
7640,0.99997,-1.00000,-1.00000
7641,0.99997,-1.00000,-1.00000
7642,0.99997,-1.00000,-1.00000
7644,0.99997,-0.36273,-1.00000
7645,0.71710,0.27878,-0.15466
7646,0.29727,0.60205,0.72827
7647,0.22958,0.63818,0.96448
7648,0.29544,0.55823,0.78214
7650,0.23596,0.52689,0.54324
7651,-0.05011,0.58566,0.46555
7652,-0.44684,0.66147,0.52414
7653,-0.72958,0.67172,0.57458
7654,-0.73587,0.61249,0.53552
7655,-0.47159,0.54938,0.45340
7657,-0.09564,0.53699,0.42416
7658,0.19211,0.55997,0.48505
7659,0.28876,0.55521,0.58713
7660,0.26611,0.48489,0.65347
7661,0.32251,0.38190,0.64844
7663,0.61945,0.32117,0.59601
7664,0.99997,0.34924,0.54779
7665,0.99997,0.44153,0.54102
7666,0.99997,0.52530,0.57819
7667,0.99997,0.54169,0.63132
7669,0.64511,0.48694,0.66098
7670,0.10715,0.40207,0.63922
7671,-0.11813,0.33032,0.56769
7672,-0.06934,0.28741,0.47867
7673,0.04135,0.26547,0.41525
7675,0.04712,0.25372,0.40244
7676,-0.04279,0.24911,0.43112
7677,-0.10883,0.25018,0.46832
7678,-0.08389,0.25055,0.48398
7679,-0.02594,0.24496,0.47119
7680,-0.02811,0.23996,0.44495
7682,-0.07999,0.25082,0.42389
7683,-0.04871,0.28317,0.41296
7684,0.18524,0.31897,0.40082
7685,0.57593,0.32559,0.37283
7686,0.91257,0.28302,0.32834
7688,0.98828,0.20349,0.28735
7689,0.77942,0.12408,0.28076
7690,0.46399,0.07904,0.32849
7691,0.26450,0.07736,0.42181
7692,0.26883,0.10245,0.52368
7694,0.39206,0.12952,0.58817
7695,0.49335,0.14218,0.58444
7696,0.51416,0.13589,0.51004
7697,0.50360,0.11246,0.38983
7698,0.52823,0.07599,0.26764
7700,0.58228,0.03519,0.19241
7701,0.59692,0.00549,0.19501
7702,0.52866,0.00320,0.25931
7703,0.41827,0.03253,0.31308
7704,0.35059,0.07648,0.26718
7705,0.35873,0.10394,0.09109
7707,0.38190,0.09207,-0.13638
7708,0.32886,0.04764,-0.26294
7709,0.18417,0.00629,-0.17282
7710,0.04276,0.00592,0.12204
7711,0.03036,0.05356,0.49759
7713,0.18442,0.11600,0.82516
7714,0.41406,0.14655,0.99997
7715,0.58011,0.12622,0.99997
7716,0.61862,0.08157,0.99997
7717,0.59091,0.05975,0.99997
7719,0.61685,0.08356,0.77115
7720,0.76001,0.12943,0.32013
7721,0.96967,0.15274,0.04752
7722,0.99997,0.13660,0.17535
7723,0.99997,0.11349,0.65930
7725,0.97034,0.13303,0.99997
7726,0.71677,0.20157,0.99997
7727,0.45126,0.25473,0.99997
7728,0.22858,0.19867,0.99997
7729,0.06567,-0.00711,0.99997
7730,-0.04108,-0.30148,0.99997
7732,-0.10022,-0.56042,0.99997
7733,-0.12411,-0.69583,0.99997
7734,-0.13229,-0.72141,0.99997
7735,-0.14618,-0.71664,0.99997
7736,-0.17438,-0.71997,0.99997
7738,-0.20428,-0.66599,0.99997
7739,-0.21353,-0.44754,0.99997
7740,-0.19708,-0.04758,0.99997
7741,-0.18457,0.40851,0.99997
7742,-0.22440,0.76465,0.99997
7744,-0.33893,0.99997,0.99997
7745,-0.48779,0.99997,0.99997
7746,-0.57986,0.99997,0.99997
7747,-0.53552,0.99997,0.99997
7748,-0.35254,0.99997,0.99997
7750,-0.11719,0.99997,0.99997
7751,0.05484,0.99997,-0.42392
7752,0.10147,0.37610,-1.00000
7753,0.05301,-0.87640,-1.00000
7754,-0.00281,-1.00000,-1.00000
7755,0.00449,-1.00000,-1.00000
7757,0.07758,-1.00000,-1.00000
7758,0.16248,-1.00000,-1.00000
7759,0.20343,-1.00000,-1.00000
7760,0.18967,-1.00000,-1.00000
7761,0.15601,-1.00000,-1.00000
7763,0.14270,-1.00000,-1.00000
7764,0.15482,-1.00000,-1.00000
7765,0.15973,-1.00000,-1.00000
7766,0.12521,-0.75461,-1.00000
7767,0.06192,0.01602,-1.00000
7769,0.02588,0.82742,-1.00000
7770,0.07156,0.99997,-1.00000
7771,0.19345,0.99997,-1.00000
7772,0.31345,0.43970,0.99997
7773,0.33572,-0.25623,0.99997
7775,0.22946,-0.62570,0.99997
7776,0.06787,-0.56943,0.99997
7777,-0.01553,-0.29492,0.99997
7778,0.07776,-0.13147,0.99997
7779,0.34042,-0.27411,0.99997
7780,0.66843,-0.61920,0.99997
7782,0.93692,-0.80112,0.99997
7783,0.99997,-0.43600,0.99997
7784,0.99997,0.55618,0.99997
7785,0.99997,0.99997,0.99997
7786,0.99997,0.99997,0.99997
7788,0.99997,0.99997,0.99997
7789,0.90033,0.99997,0.99997
7790,0.71420,0.04547,0.99997
7791,0.44321,-0.73096,0.99997
7792,0.12140,-0.61926,0.99997
7794,-0.20398,0.14432,0.99997
7795,-0.49582,0.99997,0.99997
7796,-0.73520,0.99997,0.99997
7797,-0.91110,0.99997,0.99997
7798,-1.00000,0.99997,0.99997
7800,-0.99243,0.99997,0.99997
7801,-0.85120,0.99997,0.14886
7802,-0.59204,0.99997,-0.56467
7803,-0.26468,0.99997,-0.81924
7804,0.05695,0.99997,-0.63547
7805,0.30804,0.99997,-0.29575
7807,0.46173,0.99997,-0.22821
7808,0.53265,0.99997,-0.80121
7809,0.55386,0.99997,-1.00000
7810,0.54617,0.60385,-1.00000
7811,0.50439,-0.53400,-1.00000
7813,0.41116,-1.00000,-1.00000
7814,0.26373,-1.00000,-1.00000
7815,0.08911,-1.00000,0.83051
7816,-0.06668,-0.78683,0.99997
7817,-0.16669,-0.21167,0.99997
7819,-0.20444,-0.06702,0.99997
7820,-0.20270,-0.54077,-0.51495
7821,-0.19321,-1.00000,-1.00000
7822,-0.19519,-1.00000,-1.00000
7823,-0.20801,-1.00000,-1.00000
7825,-0.21921,-1.00000,-1.00000
7826,-0.21863,-1.00000,-1.00000
7827,-0.20828,-1.00000,-1.00000
7828,-0.20200,-1.00000,-1.00000
7829,-0.21600,-1.00000,-1.00000
7830,-0.25571,-1.00000,0.38763
7832,-0.30826,-1.00000,0.99997
7833,-0.34805,-1.00000,0.99997
7834,-0.35324,-0.78217,0.98151
7835,-0.32056,-0.67642,0.61523
7836,-0.26569,-1.00000,0.99997
7838,-0.20840,-1.00000,0.99997
7839,-0.15833,-1.00000,0.99997
7840,-0.11502,-1.00000,0.99997
7841,-0.08078,-1.00000,0.99997
7842,-0.06754,-1.00000,-0.81192
7844,-0.08386,-1.00000,-1.00000
7845,-0.11334,-1.00000,-1.00000
7846,-0.11057,-0.88519,-1.00000
7847,-0.03088,-0.70941,-1.00000
7848,0.12598,-0.62756,-1.00000
7850,0.29822,-0.73471,-1.00000
7851,0.39490,-1.00000,-1.00000
7852,0.35834,-1.00000,-1.00000
7853,0.20673,-1.00000,-1.00000
7854,0.02023,-1.00000,-0.66916
7855,-0.11722,-1.00000,-0.37411
7857,-0.17215,-1.00000,-0.55630
7858,-0.16959,-1.00000,-1.00000
7859,-0.15604,-1.00000,-1.00000
7860,-0.15524,-1.00000,-1.00000
7861,-0.15530,-0.93655,-1.00000
7863,-0.13251,0.12112,-1.00000
7864,-0.08371,0.99997,-1.00000
7865,-0.03497,0.99997,-1.00000
7866,-0.01917,0.99997,-1.00000
7867,-0.04568,0.99997,-1.00000
7869,-0.09140,0.99997,-1.00000
7870,-0.12161,0.06262,-1.00000
7871,-0.12088,-1.00000,-1.00000
7872,-0.10471,-1.00000,-1.00000
7873,-0.10132,-1.00000,-1.00000
7875,-0.12247,-1.00000,-1.00000
7876,-0.15317,-1.00000,-1.00000
7877,-0.17053,-0.90637,-1.00000
7878,-0.17102,-0.27460,-1.00000
7879,-0.17609,-0.34875,-1.00000
7880,-0.21017,-0.72064,-1.00000
7882,-0.27621,-0.95871,-1.00000
7883,-0.35760,-1.00000,-0.85727
7884,-0.44531,-1.00000,-0.58203
7885,-0.55673,-1.00000,-0.28195
7886,-0.71948,-1.00000,0.00012
7888,-0.93188,-1.00000,0.24509
7889,-1.00000,-1.00000,0.44653
7890,-1.00000,-1.00000,0.58142
7891,-1.00000,-1.00000,0.59708
7892,-1.00000,-0.46600,0.45105
7894,-0.82529,0.99997,0.19342
7895,-0.49445,0.99997,0.00708
7896,-0.14581,0.99997,0.11359
7897,0.16846,0.99997,0.56897
7898,0.37885,0.99997,0.99997
7900,0.42093,0.99997,0.99997
7901,0.27997,0.43100,0.99997
7902,0.01419,-1.00000,0.36404
7903,-0.27338,-1.00000,0.00031
7904,-0.49585,-1.00000,0.53601
7905,-0.62653,-1.00000,0.99997
7907,-0.69247,-1.00000,0.99997
7908,-0.73410,-0.71170,0.99997
7909,-0.77322,-0.34705,0.99997
7910,-0.81323,-1.00000,0.99997
7911,-0.85526,-1.00000,0.99997
7913,-0.89920,-1.00000,0.08292
7914,-0.92587,-1.00000,-1.00000
7915,-0.88748,-1.00000,-1.00000
7916,-0.73419,-0.84018,-1.00000
7917,-0.46445,0.99997,-1.00000
7919,-0.15195,0.99997,-1.00000
7920,0.08679,0.99997,-1.00000
7921,0.16852,0.99997,-1.00000
7922,0.10233,0.99997,-1.00000
7923,-0.01938,0.99997,-0.35986
7925,-0.09225,0.99997,0.10065
7926,-0.07401,0.99997,0.00690
7927,-0.00192,0.99997,-0.38690
7928,0.05377,0.99997,-0.74673
7929,0.05383,0.99997,-0.89310
7930,0.01648,0.99997,-0.86029
7932,-0.00894,0.99997,-0.78049
7933,0.00992,0.99997,-0.73822
7934,0.06299,0.99997,-0.72446
7935,0.11179,0.99997,-0.69272
7936,0.12445,0.99997,-0.62766
7938,0.09906,0.99997,-0.55557
7939,0.05893,0.87231,-0.50632
7940,0.02908,0.73560,-0.48090
7941,0.01678,0.63675,-0.45633
7942,0.01144,0.53790,-0.41159
7944,0.00037,0.41483,-0.34366
7945,-0.01620,0.27368,-0.26306
7946,-0.02509,0.14447,-0.18149
7947,-0.01471,0.06674,-0.10532
7948,0.01089,0.07159,-0.03644
7950,0.03278,0.15369,0.02551
7951,0.03372,0.24683,0.08191
7952,0.01489,0.24359,0.13440
7953,-0.00333,0.07843,0.18539
7954,0.00186,-0.18481,0.24185
7955,0.03680,-0.36493,0.31570
7957,0.08752,-0.31204,0.41232
7958,0.13232,-0.08264,0.50903
7959,0.15784,0.03897,0.54898
7960,0.16339,-0.26416,0.47650
7961,0.15369,-1.00000,0.30258
7963,0.13058,-1.00000,0.14151
7964,0.09360,-1.00000,0.16153
7965,0.04602,-1.00000,0.46088
7966,-0.00204,-1.00000,0.96478
7967,-0.03726,-1.00000,0.99997
7969,-0.05060,-1.00000,0.99997
7970,-0.04285,-1.00000,0.99997
7971,-0.02545,-1.00000,0.99997
7972,-0.01611,-1.00000,0.58331
7973,-0.02719,-1.00000,0.24802
7975,-0.05170,-0.88599,0.09085
7976,-0.05930,0.99997,0.03091
7977,-0.01498,0.99997,-0.03793
7978,0.08743,0.99997,-0.14655
7979,0.20673,0.99997,-0.21976
7980,0.27716,0.22562,-0.14230
7982,0.26294,-1.00000,0.11475
7983,0.19702,-1.00000,0.40045
7984,0.16269,-1.00000,0.42288
7985,0.22736,-1.00000,-0.06683
7986,0.38611,-0.35605,-1.00000
7988,0.56610,0.99997,-1.00000
7989,0.68628,0.99997,-1.00000
7990,0.71591,0.99997,-1.00000
7991,0.68161,0.99997,-1.00000
7992,0.62634,0.99997,-1.00000
7994,0.56796,0.99997,-0.86664
7995,0.49594,0.99997,-0.02597
7996,0.39990,0.99997,0.47409
7997,0.29254,0.99997,0.64166
7998,0.20270,-0.30426,0.62015
8000,0.14975,-1.00000,0.64328
8001,0.12878,-1.00000,0.92410
8002,0.12088,-0.79010,0.99997
8003,0.11395,0.99997,0.99997
8004,0.11105,0.99997,0.99997
8005,0.12061,0.99997,0.99997
8007,0.14340,0.99997,0.99997
8008,0.17291,0.99997,0.79626
8009,0.20667,0.99997,-0.06894
8010,0.25143,0.99997,-0.63791
8011,0.31256,0.99997,-0.91913
8013,0.37836,0.99997,-1.00000
8014,0.42041,0.99997,-1.00000
8015,0.41489,0.99997,-1.00000
8016,0.36530,0.99997,-1.00000
8017,0.30090,0.60818,-1.00000
8019,0.24969,0.69150,-1.00000
8020,0.21368,0.99997,-1.00000
8021,0.17276,0.99997,-0.96243
8022,0.11386,0.99997,-0.96851
8023,0.05182,0.99997,-0.99805
8025,0.01724,0.99997,-0.94220
8026,0.02225,0.99997,-0.73145
8027,0.04248,0.99997,-0.39838
8028,0.03787,0.80716,-0.06207
8029,-0.00711,0.65018,0.16229
8030,-0.06479,0.58096,0.25360
8032,-0.08844,0.59906,0.29266
8033,-0.05618,0.66476,0.37775
8034,0.00806,0.71207,0.52563
8035,0.05600,0.70068,0.65308
8036,0.05814,0.65555,0.65543
8038,0.02777,0.64346,0.50555
8039,0.00626,0.69965,0.27954
8040,0.02545,0.77841,0.08923
8041,0.08157,0.79050,-0.00888
8042,0.14142,0.70132,-0.04477
8044,0.17157,0.58713,-0.08685
8045,0.16434,0.57019,-0.16980
8046,0.14038,0.68024,-0.26462
8047,0.12997,0.78394,-0.30997
8048,0.15189,0.67914,-0.26727
8050,0.20618,0.28360,-0.15118
8051,0.28140,-0.26407,-0.01688
8052,0.36340,-0.70309,0.07700
8053,0.43469,-0.86194,0.09943
8054,0.46976,-0.77838,0.05466
8055,0.44150,-0.62225,-0.02979
8057,0.34442,-0.52127,-0.12024
8058,0.21854,-0.47916,-0.18921
8059,0.14423,-0.44806,-0.22156
8060,0.19748,-0.43304,-0.21765
8061,0.39172,-0.48453,-0.19290
8063,0.65396,-0.59949,-0.16840
8064,0.86304,-0.68726,-0.15494
8065,0.92612,-0.67850,-0.14359
8066,0.83530,-0.65295,-0.11768
8067,0.65994,-0.79584,-0.08160
8069,0.48553,-1.00000,-0.07700
8070,0.35251,-1.00000,-0.15878
8071,0.24362,-1.00000,-0.33932
8072,0.12033,-1.00000,-0.54907
8073,-0.03195,-0.25867,-0.66104
8075,-0.19070,0.57919,-0.57385
8076,-0.31842,0.93805,-0.29019
8077,-0.39307,0.71884,0.07733
8078,-0.41916,0.12241,0.38257
8079,-0.41708,-0.57349,0.54361
8080,-0.40683,-1.00000,0.58426
8082,-0.40057,-1.00000,0.59299
8083,-0.40213,-1.00000,0.64270
8084,-0.40741,-1.00000,0.73917
8085,-0.40488,-1.00000,0.83139
8086,-0.38275,-0.19571,0.86124
8088,-0.34085,0.75439,0.80396
8089,-0.29593,0.99997,0.67316
8090,-0.26974,0.99997,0.49857
8091,-0.26706,0.99997,0.30478
8092,-0.26578,0.99997,0.10709
8094,-0.23297,0.99997,-0.07968
8095,-0.15482,0.99997,-0.23395
8096,-0.05017,0.94827,-0.32910
8097,0.04724,0.86868,-0.34332
8098,0.12103,0.80920,-0.27164
8100,0.18423,0.73083,-0.13571
8101,0.25665,0.64154,0.01462
8102,0.33188,0.57220,0.11536
8103,0.37155,0.53036,0.11877
8104,0.33725,0.48676,0.02612
8105,0.22937,0.41245,-0.10272
8107,0.09299,0.32462,-0.18008
8108,-0.01450,0.28290,-0.14896
8109,-0.06006,0.33090,-0.02740
8110,-0.04233,0.43985,0.09909
8111,0.02820,0.51697,0.13831
8113,0.14294,0.47861,0.06073
8114,0.28336,0.32315,-0.07758
8115,0.40247,0.13593,-0.17728
8116,0.43460,0.02151,-0.16959
8117,0.33795,0.02277,-0.06311
8119,0.13254,0.09586,0.07043
8120,-0.10800,0.15604,0.15564
8121,-0.30878,0.14905,0.16693
8122,-0.44370,0.08621,0.13626
8123,-0.53769,0.01974,0.11362
8125,-0.62451,-0.01215,0.11771
8126,-0.70563,-0.01779,0.12003
8127,-0.75189,-0.03668,0.07614
8128,-0.74146,-0.09598,-0.02322
8129,-0.69034,-0.18512,-0.13022
8130,-0.63980,-0.27328,-0.17490
8132,-0.61273,-0.34839,-0.13446
8133,-0.58588,-0.43039,-0.07455
8134,-0.51254,-0.53558,-0.11517
8135,-0.37668,-0.62488,-0.33542
8136,-0.22375,-0.59845,-0.69312
8138,-0.13058,-0.36484,-1.00000
8139,-0.13696,0.06332,-1.00000
8140,-0.20404,0.53574,-1.00000
8141,-0.24353,0.84048,-0.66125
8142,-0.19431,0.84186,-0.22791
8144,-0.07654,0.57175,0.11990
8145,0.02698,0.19965,0.30521
8146,0.04260,-0.09256,0.34219
8147,-0.03574,-0.22891,0.30127
8148,-0.14966,-0.26193,0.26050
8150,-0.22925,-0.29504,0.27261
8151,-0.24222,-0.38113,0.35510
8152,-0.20166,-0.48093,0.49478
8153,-0.13947,-0.50797,0.65729
8154,-0.08035,-0.41293,0.79575
8155,-0.03693,-0.23389,0.86160
8157,-0.01849,-0.07062,0.82169
8158,-0.03369,-0.00604,0.67776
8159,-0.08258,-0.04080,0.47397
8160,-0.14883,-0.09586,0.27780
8161,-0.20392,-0.08054,0.14212
8163,-0.22168,0.03418,0.07687
8164,-0.19235,0.19901,0.05588
8165,-0.12589,0.33688,0.05106
8166,-0.04510,0.40805,0.05569
8167,0.02576,0.42957,0.07150
8169,0.07050,0.43845,0.07761
8170,0.08463,0.44623,0.02835
8171,0.07358,0.43521,-0.10193
8172,0.04767,0.39536,-0.26868
8173,0.01810,0.35306,-0.36536
8175,-0.00552,0.35126,-0.30356
8176,-0.01743,0.39859,-0.10010
8177,-0.01855,0.44443,0.11557
8178,-0.01727,0.41534,0.19247
8179,-0.02377,0.28336,0.07370
8180,-0.04050,0.10141,-0.16531
8182,-0.05710,-0.03195,-0.38675
8183,-0.05750,-0.04880,-0.50162
8184,-0.03412,0.03653,-0.52423
8185,0.00412,0.14288,-0.53201
8186,0.03903,0.18689,-0.58191
8188,0.05856,0.14194,-0.66382
8189,0.06467,0.04816,-0.72363
8190,0.06604,-0.02509,-0.72131
8191,0.06500,-0.02933,-0.66510
8192,0.05484,0.03668,-0.59720
8194,0.03101,0.13620,-0.55286
8195,0.00330,0.22491,-0.53229
8196,-0.00763,0.27777,-0.50586
8197,0.01135,0.29608,-0.44366
8198,0.04938,0.29535,-0.34329
8200,0.07639,0.28824,-0.23373
8201,0.06702,0.27832,-0.15097
8202,0.02286,0.26733,-0.10474
8203,-0.02859,0.26425,-0.06894
8204,-0.05817,0.28241,-0.01132
8205,-0.05963,0.32413,0.06137
8207,-0.05225,0.36896,0.09274
8208,-0.05902,0.38187,0.02386
8209,-0.08319,0.33972,-0.14053
8210,-0.10587,0.25278,-0.31781
8211,-0.10532,0.15924,-0.40997
8213,-0.07806,0.09396,-0.38284
8214,-0.04102,0.05981,-0.27722
8215,-0.01517,0.02975,-0.14096
8216,-0.00864,-0.02008,0.03168
8217,-0.01395,-0.07791,0.26724
8219,-0.01868,-0.09796,0.51144
8220,-0.01630,-0.03879,0.58505
8221,-0.00845,0.09503,0.28540
8222,-0.00089,0.24670,-0.42914
8223,0.00122,0.34409,-1.00000
8225,-0.00458,0.35165,-1.00000
8226,-0.01685,0.29617,-1.00000
8227,-0.02991,0.24875,-1.00000
8228,-0.03687,0.27798,-1.00000
8229,-0.03381,0.41077,-0.89240
8230,-0.02084,0.62732,-0.36465
8232,0.00177,0.88989,-0.05505
8233,0.03595,0.99997,0.02847
8234,0.07983,0.99997,-0.07404
8235,0.11722,0.99997,-0.27777
8236,0.11884,0.99997,-0.46030
8238,0.06366,0.99997,-0.51221
8239,-0.03394,0.99997,-0.41272
8240,-0.12064,0.99997,-0.25833
8241,-0.13742,0.99997,-0.19772
8242,-0.06506,0.99997,-0.31244
8244,0.05844,0.99997,-0.54373
8245,0.16690,0.99997,-0.73566
8246,0.21390,0.99997,-0.76175
8247,0.19595,0.99997,-0.62692
8248,0.13403,0.99997,-0.45642
8250,0.03958,0.99997,-0.38800
8251,-0.09775,-0.14981,-0.46329
8252,-0.29135,-1.00000,-0.60565
8253,-0.53030,-1.00000,-0.68881
8254,-0.76874,-1.00000,-0.63037
8255,-0.93658,-1.00000,-0.44418
8257,-0.96451,-0.81723,-0.23010
8258,-0.81561,0.35223,-0.11664
8259,-0.51651,0.99997,-0.18399
8260,-0.16830,0.99997,-0.40128
8261,0.08493,0.99997,-0.62070
8263,0.12698,0.99997,-0.65485
8264,-0.05954,0.99997,-0.40396
8265,-0.36749,-0.66266,0.05884
8266,-0.59937,-1.00000,0.52591
8267,-0.54736,-1.00000,0.80280
8269,-0.09952,-1.00000,0.85294
8270,0.65234,-1.00000,0.82028
8271,0.99997,-1.00000,0.91046
8272,0.99997,-1.00000,0.99997
8273,0.94684,-1.00000,0.99997
8275,-0.35477,-1.00000,0.99997
8276,-1.00000,-1.00000,0.99997
8277,-1.00000,-1.00000,0.99997
8278,-1.00000,-1.00000,0.99997
8279,-0.05356,-1.00000,0.99997
8280,0.99997,-1.00000,0.99997
8282,0.99997,-1.00000,0.69000
8283,-0.10941,-1.00000,0.36374
8284,-1.00000,-1.00000,0.11447
8285,-1.00000,-1.00000,-0.00955
8286,-1.00000,-0.36057,0.01312
8288,-0.05313,0.33673,0.14194
8289,0.99997,0.57632,0.29575
8290,0.99997,0.39661,0.41592
8291,0.99997,0.04300,0.50516
8292,0.99997,-0.20267,0.59924
8294,0.99997,-0.20657,0.70178
8295,0.47455,-0.04239,0.75394
8296,-0.03574,0.10617,0.67557
8297,-0.43045,0.11026,0.43765
8298,-0.65500,-0.00165,0.09354
8300,-0.68314,-0.07443,-0.25818
8301,-0.59424,0.04077,-0.53607
8302,-0.52530,0.35504,-0.70224
8303,-0.52502,0.71304,-0.74234
8304,-0.46988,0.89560,-0.64151
8305,-0.15491,0.77820,-0.39651
8307,0.50519,0.41989,-0.05020
8308,0.99997,0.00885,0.30081
8309,0.99997,-0.28448,0.55063
8310,0.99997,-0.41241,0.64850
8311,0.99997,-0.42419,0.62585
8313,0.99997,-0.35544,0.56461
8314,0.99997,-0.16660,0.53821
8315,0.99997,0.19614,0.57361
8316,0.99997,0.68661,0.65210
8317,0.99997,0.99997,0.73093
8319,0.99997,0.99997,0.76422
8320,0.99997,0.99997,0.72040
8321,0.99997,0.94522,0.59967
8322,0.99997,0.62216,0.44131
8323,0.99997,0.36954,0.30182
8325,0.99997,0.18573,0.21118
8326,0.93005,0.05411,0.14703
8327,0.82809,0.02960,0.06076
8328,0.81094,0.21588,-0.06244
8329,0.93848,0.64987,-0.17395
8330,0.99997,0.99997,-0.20520
8332,0.99997,0.99997,-0.14685
8333,0.99997,0.99997,-0.07605
8334,0.99997,0.99997,-0.08636
8335,0.99997,0.99997,-0.18176
8336,0.99997,0.68066,-0.24805
8338,0.99997,0.05313,-0.15002
8339,0.99997,-0.50266,0.12772
8340,0.99997,-0.86456,0.43637
8341,0.83936,-0.92041,0.57068
8342,0.38474,-0.65170,0.43826
8344,0.01614,-0.19281,0.13614
8345,0.01514,0.21689,-0.13376
8346,0.40982,0.37375,-0.22787
8347,0.82455,0.23117,-0.15585
8348,0.70261,-0.09964,-0.03540
8350,-0.22867,-0.46115,0.02905
8351,-1.00000,-0.76422,0.02243
8352,-1.00000,-1.00000,-0.00705
8353,-1.00000,-1.00000,-0.02344
8354,-1.00000,-1.00000,-0.03589
8355,-1.00000,-1.00000,-0.06012
8357,-1.00000,-1.00000,-0.06812
8358,-1.00000,-1.00000,-0.00122
8359,-1.00000,-0.77036,0.15417
8360,-1.00000,-0.63696,0.31247
8361,-1.00000,-0.61081,0.33481
8363,-1.00000,-0.62411,0.15378
8364,-1.00000,-0.59943,-0.13782
8365,-1.00000,-0.51648,-0.33325
8366,-1.00000,-0.42545,-0.26990
8367,-1.00000,-0.39935,0.03580
8369,-1.00000,-0.46573,0.39682
8370,-1.00000,-0.57355,0.59720
8371,-1.00000,-0.62167,0.54031
8372,-0.09473,-0.52982,0.28677
8373,0.99997,-0.29980,-0.01837
8375,0.99997,-0.02209,-0.23788
8376,0.99997,0.17960,-0.27960
8377,0.99997,0.22894,-0.09381
8378,0.99997,0.14752,0.31342
8379,0.99997,0.03952,0.84521
8380,0.99997,0.01981,0.99997
8382,0.99997,0.13531,0.99997
8383,0.99997,0.33734,0.99997
8384,0.99997,0.52649,0.99997
8385,0.02795,0.63409,0.47604
8386,-0.59586,0.67194,-0.08020
8388,-0.30835,0.70590,-0.61423
8389,0.76413,0.77838,-1.00000
8390,0.99997,0.85364,-1.00000
8391,0.99997,0.84225,-1.00000
8392,0.99997,0.68677,-1.00000
8394,0.99997,0.42828,-0.53232
8395,0.23560,0.18872,-0.00140
8396,-0.95578,0.08060,0.31491
8397,-1.00000,0.12363,0.37671
8398,-0.92047,0.23935,0.28564
8400,-0.26791,0.32309,0.17322
8401,0.23511,0.32599,0.11108
8402,0.51361,0.27948,0.11240
8403,0.75226,0.25116,0.18320
8404,0.99997,0.27936,0.34012
8405,0.99997,0.34308,0.57294
8407,0.99997,0.38565,0.81082
8408,0.99997,0.36502,0.95212
8409,0.99997,0.28711,0.93997
8410,0.99997,0.19864,0.80792
8411,0.99997,0.14972,0.64661
8413,0.99997,0.15781,0.52484
8414,0.99997,0.19913,0.44174
8415,0.99997,0.23096,0.35034
8416,0.72147,0.22485,0.22021
8417,0.27951,0.18506,0.07523
8419,0.02362,0.14062,-0.02478
8420,-0.04422,0.11984,-0.03394
8421,0.00974,0.12872,0.04364
8422,0.09924,0.14847,0.15689
8423,0.15588,0.15131,0.24133
8425,0.14734,0.12125,0.25623
8426,0.07925,0.06482,0.20419
8427,-0.01935,0.00604,0.12555
8428,-0.12448,-0.02847,0.07141
8429,-0.24030,-0.02527,0.07224
8430,-0.39014,0.00879,0.12070
8432,-0.57526,0.05029,0.18207
8433,-0.73972,0.07260,0.22375
8434,-0.78781,0.06152,0.23941
8435,-0.65430,0.02457,0.24646
8436,-0.37027,-0.01422,0.26050
8438,-0.05981,-0.03159,0.27277
8439,0.13892,-0.02322,0.25528
8440,0.16534,-0.00723,0.19080
8441,0.06772,-0.00784,0.09836
8442,-0.04437,-0.03165,0.02734
8444,-0.08005,-0.05817,0.02112
8445,-0.01852,-0.05588,0.08102
8446,0.09274,-0.01270,0.16226
8447,0.17746,0.04688,0.20523
8448,0.17880,0.07626,0.17761
8450,0.09549,0.04495,0.09497
8451,-0.00992,-0.03271,0.00775
8452,-0.04391,-0.10474,-0.03314
8453,0.05206,-0.12140,-0.00754
8454,0.24619,-0.07471,0.06351
8455,0.42282,-0.00311,0.13150
8457,0.46146,0.04138,0.14941
8458,0.32913,0.03345,0.09955
8459,0.10675,-0.01303,0.00525
8460,-0.07697,-0.06619,-0.08060
8461,-0.14569,-0.10587,-0.10428
8463,-0.12128,-0.13284,-0.04169
8464,-0.08188,-0.15421,0.08725
8465,-0.08215,-0.16736,0.22760
8466,-0.11328,-0.16281,0.31766
8467,-0.13150,-0.14105,0.32117
8469,-0.11441,-0.12149,0.24585
8470,-0.08490,-0.13034,0.13754
8471,-0.08533,-0.17743,0.05234
8472,-0.13440,-0.24493,0.02405
8473,-0.21045,-0.29855,0.04849
8475,-0.27109,-0.30991,0.09418
8476,-0.28555,-0.27267,0.12823
8477,-0.25107,-0.20288,0.13647
8478,-0.18677,-0.12857,0.12497
8479,-0.11713,-0.07635,0.10831
8480,-0.05969,-0.05978,0.09821
8482,-0.02130,-0.07236,0.09958
8483,-0.00052,-0.09015,0.10980
8484,0.00735,-0.08676,0.11780
8485,0.00543,-0.05347,0.10590
8486,-0.00623,-0.00827,0.05930
8488,-0.02744,0.01633,-0.02023
8489,-0.05264,-0.00079,-0.10788
8490,-0.06998,-0.05112,-0.16354
8491,-0.06757,-0.10272,-0.15131
8492,-0.04269,-0.12625,-0.06146
8494,-0.00589,-0.11798,0.07529
8495,0.02429,-0.10028,0.19431
8496,0.03220,-0.09872,0.23309
8497,0.01389,-0.11618,0.18286
8498,-0.02191,-0.12729,0.11182
8500,-0.06003,-0.10117,0.11865
8501,-0.08771,-0.03461,0.23593
8502,-0.10080,0.03638,0.37216
8503,-0.10327,0.06381,0.37421
8504,-0.10165,0.03503,0.18359
8505,-0.09833,-0.00806,-0.05350
8507,-0.09061,-0.00684,-0.05206
8508,-0.07550,0.04883,0.39224
8509,-0.05573,0.10150,0.99997
8510,-0.03888,0.08978,0.99997
8511,-0.02951,0.03555,0.99997
8513,-0.02179,0.04449,0.99997
8514,-0.00211,0.18713,0.99997
8515,0.03802,0.37646,0.99997
8516,0.08957,0.40689,0.95071
8517,0.12665,0.17120,0.80884
8519,0.12308,-0.14380,0.69031
8520,0.07401,-0.12433,0.34143
8521,0.00555,0.53104,-0.26843
8522,-0.03796,0.99997,-0.85025
8523,-0.02353,0.99997,-0.97260
8525,0.04523,0.99997,-0.40155
8526,0.12802,0.99997,0.66986
8527,0.17685,0.99997,0.99997
8528,0.17282,-0.22906,0.99997
8529,0.13846,-1.00000,0.99997
8530,0.11243,-1.00000,0.99997
8532,0.10825,-1.00000,0.99997
8533,0.09836,-0.88110,0.69431
8534,0.04303,-0.79434,0.42209
8535,-0.06094,-1.00000,0.09064
8536,-0.16168,-1.00000,-0.29169
8538,-0.18817,-1.00000,-0.55188
8539,-0.11276,-0.99219,-0.54623
8540,0.01749,-0.00864,-0.32840
8541,0.11255,0.86154,-0.11020
8542,0.10803,0.99997,-0.07706
8544,0.01254,0.56750,-0.27728
8545,-0.10498,-0.23752,-0.69186
8546,-0.17218,-0.81985,-1.00000
8547,-0.16510,-1.00000,-1.00000
8548,-0.11484,-1.00000,-1.00000
8550,-0.07214,-0.95935,-1.00000
8551,-0.06424,-0.68637,-1.00000
8552,-0.07892,0.16272,-1.00000
8553,-0.08258,0.99997,-0.77826
8554,-0.05185,0.99997,0.25558
8555,0.00928,0.99997,-0.07285
8557,0.07724,0.99997,-1.00000
8558,0.13062,0.99997,-1.00000
8559,0.16373,0.99997,-1.00000
8560,0.18213,0.99997,-1.00000
8561,0.18814,0.99997,-0.02820
8563,0.17334,0.99997,0.99997
8564,0.12628,0.99997,0.99997
8565,0.04715,-0.01465,-0.03857
8566,-0.04486,-1.00000,-1.00000
8567,-0.11819,-1.00000,-1.00000
8569,-0.14490,-1.00000,-1.00000
8570,-0.11520,-1.00000,-1.00000
8571,-0.04361,-0.85287,-1.00000
8572,0.03763,-0.83633,-1.00000
8573,0.09622,-0.96732,-1.00000
8575,0.12027,-1.00000,-0.35947
8576,0.12589,-0.85992,0.99997
8577,0.14166,-0.54739,0.99997
8578,0.17886,-0.24374,0.99997
8579,0.21530,-0.10980,0.99997
8580,0.21219,-0.20004,0.99997
8582,0.15262,-0.40939,0.99997
8583,0.06451,-0.50223,0.99997
8584,0.00168,-0.23795,0.99997
8585,-0.00122,0.46036,0.99997
8586,0.04391,0.99997,0.41437
8588,0.09628,0.99997,-0.72568
8589,0.12909,0.99997,-0.62726
8590,0.15158,0.99997,0.40927
8591,0.18820,0.99997,0.99997
8592,0.24139,0.99997,0.46313
8594,0.28421,0.99997,-1.00000
8595,0.29410,0.99997,-1.00000
8596,0.29077,0.99997,-1.00000
8597,0.32910,0.99997,-1.00000
8598,0.44437,0.99997,-1.00000
8600,0.60172,0.99997,-0.80206
8601,0.70663,0.99997,-0.12045
8602,0.67731,0.99997,0.56763
8603,0.51724,0.22632,0.99997
8604,0.32050,-0.84235,0.99997
8605,0.20007,-1.00000,0.99997
8607,0.20065,-1.00000,0.99997
8608,0.26968,-1.00000,0.99997
8609,0.30853,-0.90521,0.99997
8610,0.25485,-1.00000,0.08340
8611,0.12564,-1.00000,-0.50629
8613,-0.00858,-1.00000,-0.58298
8614,-0.08694,-1.00000,-0.46790
8615,-0.10187,-1.00000,-0.40155
8616,-0.09262,-1.00000,-0.48740
8617,-0.10489,-1.00000,-0.76437
8619,-0.15634,-1.00000,-1.00000
8620,-0.23196,-1.00000,-1.00000
8621,-0.30298,-1.00000,-1.00000
8622,-0.34622,0.07031,-1.00000
8623,-0.35001,0.99997,-1.00000
8625,-0.31055,0.99997,-1.00000
8626,-0.23038,0.99997,-1.00000
8627,-0.12286,0.99997,-1.00000
8628,-0.01404,0.03818,-1.00000
8629,0.06635,-0.72650,-0.72150
8630,0.10184,-0.80035,-0.08569
8632,0.09982,-0.48706,0.38937
8633,0.08502,-0.14960,0.56870
8634,0.08054,0.08148,0.47278
8635,0.09290,0.30334,0.26340
8636,0.11295,0.61441,0.11243
8638,0.12839,0.91373,0.07343
8639,0.13321,0.92307,0.07938
8640,0.12784,0.42694,0.06613
8641,0.11575,-0.47043,0.08011
8642,0.10541,-1.00000,0.23022
8644,0.11194,-1.00000,0.51517
8645,0.14661,-1.00000,0.72986
8646,0.19495,-0.86328,0.61340
8647,0.20758,-0.84641,0.13843
8648,0.12653,-1.00000,-0.36707
8650,-0.06253,-1.00000,-0.45959
8651,-0.29773,-1.00000,-0.00040
8652,-0.46790,-1.00000,0.66513
8653,-0.48715,0.95050,0.99545
8654,-0.35767,0.99997,0.76157
8655,-0.16632,0.99997,0.27441
8657,-0.01825,0.99997,0.08875
8658,0.03574,0.99997,0.46497
8659,0.02020,0.99997,0.99997
8660,-0.00153,0.99997,0.99997
8661,0.01843,0.99997,0.99997
8663,0.08389,0.99997,0.57779
8664,0.16278,0.99997,-0.02350
8665,0.21249,0.99997,-0.21396
8666,0.20340,0.99997,-0.02765
8667,0.13223,0.99997,0.24063
8669,0.02603,0.99997,0.34753
8670,-0.06763,0.99997,0.29126
8671,-0.10504,0.99997,0.24130
8672,-0.07288,-0.16083,0.32559
8673,0.00378,-1.00000,0.48950
8675,0.08096,-1.00000,0.53787
8676,0.12848,-1.00000,0.30756
8677,0.14893,0.42233,-0.16702
8678,0.16943,0.99997,-0.61459
8679,0.21661,0.99997,-0.65683
8680,0.29529,0.99997,-0.05161
8682,0.38406,0.99997,0.99997
8683,0.44699,0.99997,0.99997
8684,0.45392,0.99997,0.99997
8685,0.40097,0.99997,0.99997
8686,0.31717,0.99997,0.99997
8688,0.24774,0.99997,-0.14041
8689,0.21902,0.99997,-1.00000
8690,0.21356,0.99997,-1.00000
8691,0.18298,0.99997,-1.00000
8692,0.09515,0.99997,-0.76324
8694,-0.02740,0.99997,-0.17197
8695,-0.11935,0.99997,0.08127
8696,-0.12894,0.99997,-0.07715
8697,-0.06555,0.17682,-0.53458
8698,0.00967,-1.00000,-1.00000
8700,0.04202,-1.00000,-1.00000
8701,0.03070,-1.00000,-1.00000
8702,0.01959,-1.00000,-1.00000
8703,0.04437,-1.00000,-1.00000
8704,0.09396,-0.64423,-1.00000
8705,0.12347,-0.58063,-1.00000
8707,0.10083,-0.78821,-1.00000
8708,0.03653,-0.99142,-1.00000
8709,-0.03046,-1.00000,-1.00000
8710,-0.06909,-0.80524,-1.00000
8711,-0.07614,-0.40540,-1.00000
8713,-0.06595,0.16711,-1.00000
8714,-0.04947,0.84924,-1.00000
8715,-0.02856,0.99997,-0.63165
8716,-0.00659,0.99997,-0.42068
8717,0.00323,0.99997,-0.63062
8719,-0.01495,0.90714,-1.00000
8720,-0.06381,0.21539,-1.00000
8721,-0.12622,-0.16232,-1.00000
8722,-0.17526,-0.06012,-0.67700
8723,-0.19095,0.38333,-0.01486
8725,-0.17010,0.85898,0.27072
8726,-0.12506,0.99997,0.09888
8727,-0.07654,0.99997,-0.25793
8728,-0.04590,0.96548,-0.44171
8729,-0.04630,0.85364,-0.28946
8730,-0.07333,0.86084,0.09402
8732,-0.10284,0.95093,0.46420
8733,-0.10410,0.99997,0.61307
8734,-0.06317,0.93277,0.46991
8735,0.00415,0.69275,0.11011
8736,0.06644,0.36761,-0.29343
8738,0.10922,0.09375,-0.55237
8739,0.15308,-0.01984,-0.55615
8740,0.23462,0.03796,-0.32983
8741,0.36487,0.17984,-0.00842
8742,0.50848,0.28967,0.26089
8744,0.60867,0.30463,0.41183
8745,0.63370,0.24359,0.47400
8746,0.59583,0.16840,0.51215
8747,0.52399,0.12317,0.55856
8748,0.42770,0.10849,0.60019
8750,0.30060,0.10205,0.61484
8751,0.16141,0.09192,0.60455
8752,0.07455,0.08514,0.59000
8753,0.10486,0.09076,0.58121
8754,0.23871,0.10297,0.56216
8755,0.35928,0.10516,0.50690
8757,0.32346,0.08508,0.40796
8758,0.08279,0.04163,0.28784
8759,-0.26419,-0.02161,0.18405
8760,-0.54471,-0.10056,0.12320
8761,-0.64603,-0.18185,0.10464
8763,-0.59137,-0.23474,0.10431
8764,-0.49728,-0.22681,0.09225
8765,-0.46417,-0.16003,0.05222
8766,-0.50357,-0.08786,-0.00937
8767,-0.55487,-0.07693,-0.06940
8769,-0.55627,-0.13528,-0.10458
8770,-0.49557,-0.18399,-0.10629
8771,-0.40411,-0.12640,-0.08328
8772,-0.31775,0.03442,-0.05243
8773,-0.25021,0.16116,-0.02817
8775,-0.19888,0.10605,-0.01993
8776,-0.16440,-0.10297,-0.03568
8777,-0.15671,-0.22290,-0.08078
8778,-0.18063,-0.00552,-0.14789
8779,-0.22018,0.50391,-0.20859
8780,-0.24289,0.88779,-0.22125
8782,-0.22464,0.63876,-0.15613
8783,-0.17267,-0.41190,-0.01825
8784,-0.12344,-1.00000,0.15286
8785,-0.11533,-1.00000,0.30746
8786,-0.15906,-1.00000,0.41272
8788,-0.23148,-1.00000,0.46057
8789,-0.29550,-1.00000,0.45566
8790,-0.32657,-1.00000,0.40381
8791,-0.32471,-1.00000,0.31717
8792,-0.30743,-1.00000,0.22781
8794,-0.29437,-1.00000,0.18387
8795,-0.29480,-1.00000,0.21680
8796,-0.30228,-1.00000,0.30197
8797,-0.29675,-1.00000,0.35330
8798,-0.25696,-0.97540,0.27237
8800,-0.17865,0.65149,0.02197
8801,-0.08618,0.99997,-0.33481
8802,-0.02106,0.77820,-0.66718
8803,-0.01074,-0.26663,-0.85947
8804,-0.04285,-0.75031,-0.87860
8805,-0.07227,-0.02756,-0.77606
8807,-0.05939,0.99997,-0.63104
8808,-0.00647,0.99997,-0.49240
8809,0.04294,0.99997,-0.36713
8810,0.04303,0.99997,-0.25137
8811,-0.01303,0.43994,-0.15839
8813,-0.08749,0.00201,-0.10779
8814,-0.13174,0.71890,-0.09198
8815,-0.12714,0.99997,-0.06564
8816,-0.09570,0.99997,0.01746
8817,-0.07434,0.56183,0.15231
8819,-0.08002,-1.00000,0.27219
8820,-0.09760,-1.00000,0.30011
8821,-0.09842,-1.00000,0.21869
8822,-0.06854,-1.00000,0.09036
8823,-0.02057,-0.52313,0.00409
8825,0.01807,0.23712,-0.00262
8826,0.02658,0.08856,0.02631
8827,0.00284,-0.36227,0.01071
8828,-0.03998,-0.38754,-0.09033
8829,-0.08298,0.20706,-0.24246
8830,-0.10977,0.99997,-0.36667
8832,-0.11081,0.99997,-0.40109
8833,-0.08789,0.99997,-0.33832
8834,-0.05588,0.99997,-0.21490
8835,-0.03607,0.99997,-0.07614
8836,-0.04092,0.99997,0.04840
8838,-0.06180,0.99997,0.14670
8839,-0.07324,0.99997,0.21524
8840,-0.05341,0.39490,0.25461
8841,-0.00345,-0.91785,0.27002
8842,0.05099,-1.00000,0.26883
8844,0.07755,-1.00000,0.25372
8845,0.05826,-0.15024,0.21954
8846,-0.00125,0.79498,0.15915
8847,-0.07730,0.99997,0.07465
8848,-0.14069,0.99997,-0.01633
8850,-0.16907,0.94107,-0.08575
8851,-0.15710,0.85101,-0.10873
8852,-0.12048,0.89023,-0.07690
8853,-0.08859,0.88376,-0.00485
8854,-0.08664,0.70700,0.07422
8855,-0.11960,0.40759,0.12167
8857,-0.17264,0.14478,0.11096
8858,-0.22647,0.05057,0.04111
8859,-0.27072,0.13922,-0.06146
8860,-0.29938,0.30328,-0.15576
8861,-0.29663,0.37704,-0.20700
8863,-0.23511,0.24545,-0.20297
8864,-0.09641,-0.04337,-0.15543
8865,0.10397,-0.25909,-0.08752
8866,0.31467,-0.14734,-0.01883
8867,0.47565,0.30475,0.04105
8869,0.55072,0.73340,0.08783
8870,0.53796,0.59457,0.11569
8871,0.45581,-0.39359,0.11703
8872,0.32602,-1.00000,0.08908
8873,0.17148,-1.00000,0.03906
8875,0.02310,-1.00000,-0.01694
8876,-0.08313,-1.00000,-0.06049
8877,-0.12439,-1.00000,-0.07626
8878,-0.10843,-0.53113,-0.05597
8879,-0.06992,0.21609,-0.00278
8880,-0.04556,0.57382,0.06406
8882,-0.04935,0.82605,0.11136
8883,-0.06873,0.99997,0.10721
8884,-0.08307,0.99997,0.04211
8885,-0.08493,0.99997,-0.05978
8886,-0.08438,0.99997,-0.15274
8888,-0.09497,0.99280,-0.19824
8889,-0.11630,0.69211,-0.18958
8890,-0.13123,0.55576,-0.15283
8891,-0.12097,0.55865,-0.12415
8892,-0.08490,0.59796,-0.12231
8894,-0.04678,0.59857,-0.13831
8895,-0.03934,0.55887,-0.14917
8896,-0.07837,0.51974,-0.14182
8897,-0.14691,0.51062,-0.12497
8898,-0.20398,0.52856,-0.11786
8900,-0.21237,0.55624,-0.12640
8901,-0.16394,0.58493,-0.13162
8902,-0.08344,0.61459,-0.10489
8903,-0.00931,0.63638,-0.03876
8904,0.03116,0.62436,0.03714
8905,0.03378,0.55109,0.07477
8907,0.01178,0.41443,0.04819
8908,-0.01700,0.24789,-0.02167
8909,-0.03873,0.10251,-0.08310
8910,-0.04575,0.01434,-0.09772
8911,-0.03711,-0.01532,-0.07248
8913,-0.01971,-0.01321,-0.05026
8914,-0.00565,-0.01019,-0.06937
8915,-0.00299,-0.02127,-0.13010
8916,-0.00653,-0.04166,-0.19687
8917,0.00082,-0.05600,-0.22913
8919,0.03299,-0.05051,-0.21164
8920,0.08459,-0.02216,-0.16110
8921,0.13028,0.01688,-0.11002
8922,0.14301,0.04294,-0.08493
8923,0.11688,0.03485,-0.09253
8925,0.07324,-0.00845,-0.11713
8926,0.04379,-0.06274,-0.12930
8927,0.04517,-0.09570,-0.10257
8928,0.06717,-0.09509,-0.03198
8929,0.08441,-0.07990,0.05869
8930,0.07935,-0.08051,0.13000
8932,0.05560,-0.10583,0.15359
8933,0.03110,-0.13248,0.13156
8934,0.01999,-0.13058,0.09265
8935,0.02161,-0.10001,0.06879
8936,0.02545,-0.07593,0.07266
8938,0.02362,-0.09457,0.09363
8939,0.01660,-0.15344,0.11111
8940,0.00848,-0.20917,0.11111
8941,-0.00040,-0.21811,0.09238
8942,-0.01266,-0.17877,0.06229
8944,-0.02628,-0.13220,0.02921
8945,-0.03125,-0.12109,-0.00159
8946,-0.01727,-0.14883,-0.02750
8947,0.01373,-0.17938,-0.04666
8948,0.04382,-0.17493,-0.05765
8950,0.05005,-0.13153,-0.06113
8951,0.02261,-0.07840,-0.06192
8952,-0.02478,-0.04456,-0.06686
8953,-0.06100,-0.02817,-0.07761
8954,-0.05646,0.00131,-0.08459
8955,-0.00278,0.07053,-0.07184
8957,0.07886,0.17056,-0.03387
8958,0.14633,0.25635,0.00873
8959,0.15948,0.28149,0.01633
8960,0.10419,0.23950,-0.03857
8961,0.00293,0.17401,-0.14069
8963,-0.09778,0.14368,-0.23511
8964,-0.15598,0.16855,-0.26892
8965,-0.15823,0.20822,-0.23575
8966,-0.12210,0.19943,-0.17911
8967,-0.07712,0.12320,-0.14856
8969,-0.04309,0.03674,-0.15131
8970,-0.02350,0.02948,-0.14932
8971,-0.01498,0.13940,-0.10727
8972,-0.01758,0.31137,-0.04294
8973,-0.03290,0.44562,-0.02740
8975,-0.05328,0.49261,-0.13058
8976,-0.05856,0.49918,-0.36093
8977,-0.02792,0.55585,-0.65198
8978,0.04056,0.69742,-0.90363
8979,0.12186,0.85623,-1.00000
8980,0.17697,0.91483,-1.00000
8982,0.17749,0.80487,-0.89969
8983,0.12430,0.56046,-0.68365
8984,0.04669,0.28754,-0.43594
8985,-0.01578,0.09113,-0.21649
8986,-0.03601,0.02573,-0.07776
8988,-0.01291,0.08966,-0.03867
8989,0.03082,0.23947,-0.06885
8990,0.06363,0.40176,-0.10440
8991,0.06393,0.49106,-0.08804
8992,0.03091,0.44669,-0.00015
8994,-0.01791,0.27246,0.14392
8995,-0.06042,0.03992,0.32059
8996,-0.08386,-0.15891,0.51483
8997,-0.08997,-0.27393,0.70883
8998,-0.08887,-0.31976,0.86279
9000,-0.08865,-0.34351,0.92151
9001,-0.08981,-0.37445,0.85297
9002,-0.08804,-0.40643,0.68378
9003,-0.08118,-0.42310,0.49194
9004,-0.07440,-0.42984,0.35678
9005,-0.07947,-0.45270,0.30957
9007,-0.10947,-0.50455,0.32709
9008,-0.17072,-0.55765,0.36667
9009,-0.25531,-0.55649,0.40326
9010,-0.33768,-0.46536,0.43436
9011,-0.38123,-0.30832,0.45813
9013,-0.35626,-0.16235,0.45721
9014,-0.26074,-0.10498,0.40805
9015,-0.12799,-0.15753,0.30347
9016,-0.01166,-0.27042,0.16214
9017,0.04449,-0.36301,0.01541
9019,0.03076,-0.38458,-0.11496
9020,-0.02792,-0.34534,-0.22711
9021,-0.09399,-0.29318,-0.33258
9022,-0.14291,-0.26172,-0.44144
9023,-0.17410,-0.24191,-0.54947
9025,-0.20065,-0.20474,-0.63248
9026,-0.22800,-0.14758,-0.65302
9027,-0.24002,-0.10754,-0.58286
9028,-0.20755,-0.11899,-0.43188
9029,-0.11865,-0.15848,-0.25784
9030,-0.00784,-0.14532,-0.13406
9032,0.05176,-0.01236,-0.09006
9033,0.00528,0.22003,-0.07578
9034,-0.11734,0.45065,0.00500
9035,-0.19717,0.59097,0.20752
9036,-0.11948,0.65515,0.47852
9038,0.09897,0.74991,0.67703
9039,0.27441,0.96872,0.67474
9040,0.18356,0.99997,0.45270
9041,-0.22952,0.99997,0.11105
9042,-0.75308,0.99997,-0.21332
9044,-1.00000,0.99997,-0.44525
9045,-0.84372,0.99997,-0.60260
9046,-0.26477,0.99997,-0.74268
9047,0.38348,0.99997,-0.88303
9048,0.80035,0.99997,-0.97214
9050,0.91641,0.99997,-0.93686
9051,0.87988,0.99997,-0.76361
9052,0.85916,0.99997,-0.53885
9053,0.86887,0.99997,-0.40500
9054,0.78043,0.99997,-0.45987
9055,0.48376,0.99997,-0.67944
9057,0.02905,0.99997,-0.93018
9058,-0.37772,0.99997,-1.00000
9059,-0.50491,0.99997,-0.98700
9060,-0.23602,0.99997,-0.71783
9061,0.36459,0.99997,-0.30228
9063,0.99997,0.99997,0.19711
9064,0.99997,0.41086,0.68436
9065,0.99997,-0.21725,0.99997
9066,0.99997,-0.80103,0.99997
9067,0.85095,-1.00000,0.82468
9069,0.53986,-1.00000,0.55035
9070,0.64774,-1.00000,0.50183
9071,0.99997,-1.00000,0.73587
9072,0.99997,-1.00000,0.97360
9073,0.99997,-1.00000,0.80948
9075,0.43292,-1.00000,0.11801
9076,-0.24246,-1.00000,-0.71747
9077,-0.50928,-1.00000,-1.00000
9078,-0.29327,-1.00000,-0.33762
9079,0.05432,-1.00000,0.99997
9080,0.06845,-0.53384,0.99997
9082,-0.42059,0.48932,0.99997
9083,-1.00000,0.99997,0.99997
9084,-1.00000,0.99997,0.99997
9085,-1.00000,0.99997,0.99997
9086,-0.62857,0.99997,0.99997
9088,0.37680,0.99997,0.99997
9089,0.99997,0.99997,0.99997
9090,0.99997,0.60220,0.99997
9091,0.99997,0.11566,0.99997
9092,0.99997,-0.29028,0.99997
9094,0.99997,-0.51614,0.99997
9095,0.99997,-0.55508,0.99997
9096,0.99997,-0.48340,0.99997
9097,0.99997,-0.39105,0.99997
9098,0.90961,-0.31598,0.99997
9100,0.16107,-0.23813,0.99997
9101,-0.38867,-0.12817,0.75211
9102,-0.67355,0.00504,-1.00000
9103,-0.78946,0.11676,-1.00000
9104,-0.84464,0.16928,-1.00000
9105,-0.82071,0.16397,-1.00000
9107,-0.60425,0.13004,-1.00000
9108,-0.16486,0.08841,-1.00000
9109,0.32175,0.03668,-1.00000
9110,0.57156,-0.03003,-1.00000
9111,0.44705,-0.09500,-1.00000
9113,0.11786,-0.13037,-1.00000
9114,-0.05453,-0.13754,-1.00000
9115,0.17816,-0.16736,-1.00000
9116,0.73831,-0.28387,-1.00000
9117,0.99997,-0.49377,-1.00000
9119,0.99997,-0.71051,-1.00000
9120,0.99997,-0.80096,-1.00000
9121,0.99997,-0.68625,-1.00000
9122,0.99997,-0.41263,-1.00000
9123,0.99997,-0.12735,-0.80847
9125,0.99997,0.02490,-0.00360
9126,0.99997,0.00058,0.26379
9127,0.99997,-0.12701,0.17508
9128,0.99414,-0.23859,0.03369
9129,0.82803,-0.26086,0.01770
9130,0.81046,-0.20532,0.09073
9132,0.85303,-0.13586,0.11533
9133,0.85550,-0.10660,0.02243
9134,0.80240,-0.12476,-0.12885
9135,0.76212,-0.15933,-0.22580
9136,0.80307,-0.17462,-0.20618
9138,0.91547,-0.15573,-0.09183
9139,0.99997,-0.11118,0.05234
9140,0.99997,-0.06033,0.17001
9141,0.89529,-0.01920,0.23132
9142,0.73737,0.00748,0.22723
9144,0.62799,0.02774,0.16766
9145,0.60901,0.05710,0.08508
9146,0.65286,0.10709,0.02466
9147,0.69986,0.17386,0.01675
9148,0.71082,0.23563,0.05560
9150,0.68893,0.26538,0.10773
9151,0.66254,0.24994,0.14389
9152,0.65463,0.20029,0.16223
9153,0.66687,0.14264,0.18167
9154,0.68423,0.09924,0.21570
9155,0.68762,0.07623,0.25684
9157,0.66336,0.06897,0.28644
9158,0.60754,0.07547,0.29688
9159,0.52719,0.09976,0.29947
9160,0.43622,0.14053,0.31058
9161,0.34665,0.17914,0.33267
9163,0.26163,0.18646,0.35434
9164,0.17834,0.14697,0.36926
9165,0.09875,0.07724,0.38895
9166,0.03488,0.01648,0.42722
9167,0.00009,-0.00507,0.46783
9169,-0.00555,0.00922,0.45462
9170,0.00131,0.02859,0.32922
9171,0.00244,0.02634,0.09122
9172,-0.00406,0.00461,-0.17914
9173,-0.00305,-0.01025,-0.36761
9175,0.01874,0.00433,-0.40561
9176,0.05548,0.04410,-0.30966
9177,0.08658,0.08084,-0.14716
9178,0.09869,0.08643,0.02676
9179,0.10043,0.05484,0.19016
9180,0.11084,0.00525,0.32101
9182,0.13339,-0.03342,0.37170
9183,0.14478,-0.04202,0.30679
9184,0.11404,-0.02161,0.17334
9185,0.03558,0.00983,0.11011
9186,-0.05783,0.03082,0.25546
9188,-0.11786,0.03076,0.63272
9189,-0.11911,0.01669,0.99997
9190,-0.07828,0.00766,0.99997
9191,-0.03644,0.01944,0.99997
9192,-0.02322,0.05121,0.99997
9194,-0.03571,0.08453,0.99997
9195,-0.04953,0.09613,0.99997
9196,-0.04712,0.07458,0.56619
9197,-0.03494,0.02765,-0.83514
9198,-0.03607,-0.02521,-1.00000
9200,-0.06772,-0.06693,-1.00000
9201,-0.12524,-0.09250,-1.00000
9202,-0.18414,-0.10629,-0.84283
9203,-0.21524,-0.11295,0.19977
9204,-0.20129,-0.11044,0.76794
9205,-0.14609,-0.09250,0.88318
9207,-0.07318,-0.05722,0.88388
9208,-0.01364,-0.01367,0.99997
9209,0.01215,0.01968,0.99997
9210,0.00876,0.02563,0.99997
9211,0.00287,0.00052,0.99997
9213,0.02197,-0.04044,0.99997
9214,0.07031,-0.07083,0.99997
9215,0.12329,-0.06982,0.99997
9216,0.14713,-0.03699,0.99997
9217,0.12634,0.00659,0.99997
9219,0.07419,0.03299,0.99997
9220,0.01813,0.02661,0.99997
9221,-0.02258,-0.00717,0.66006
9222,-0.04547,-0.05017,0.35626
9223,-0.05591,-0.08621,0.02887
9225,-0.05597,-0.10913,-0.37531
9226,-0.04495,-0.11871,-0.78473
9227,-0.02731,-0.11398,-1.00000
9228,-0.01337,-0.09329,-1.00000
9229,-0.00934,-0.06052,-0.80313
9230,-0.00912,-0.02686,-0.63367
9232,-0.00064,-0.00421,-0.72958
9233,0.01862,0.00308,-1.00000
9234,0.03592,-0.00192,-1.00000
9235,0.03613,-0.01645,-1.00000
9236,0.01974,-0.04156,-1.00000
9238,0.00430,-0.07556,-1.00000
9239,0.00620,-0.10669,-1.00000
9240,0.02191,-0.11847,-1.00000
9241,0.03006,-0.10693,-1.00000
9242,0.01276,-0.09055,-1.00000
9244,-0.02557,-0.09659,-1.00000
9245,-0.06122,-0.13379,-1.00000
9246,-0.07214,-0.17908,-1.00000
9247,-0.05664,-0.19537,-1.00000
9248,-0.03290,-0.16544,-1.00000
9250,-0.02203,-0.10803,-1.00000
9251,-0.03128,-0.06049,-1.00000
9252,-0.05063,-0.04556,-1.00000
9253,-0.06369,-0.05685,-1.00000
9254,-0.06149,-0.07394,-0.30203
9255,-0.04788,-0.08826,0.67349
9257,-0.03314,-0.11020,0.99997
9258,-0.02280,-0.15182,0.99997
9259,-0.01245,-0.20679,0.99997
9260,0.00650,-0.25006,0.99997
9261,0.03528,-0.25836,0.99997
9263,0.06186,-0.22943,0.99997
9264,0.06775,-0.18301,0.77356
9265,0.04279,-0.14395,-0.16901
9266,-0.00455,-0.12433,-1.00000
9267,-0.05063,-0.11792,-1.00000
9269,-0.07156,-0.10696,-1.00000
9270,-0.05823,-0.07358,-1.00000
9271,-0.01968,-0.00998,-1.00000
9272,0.02573,0.07599,-1.00000
9273,0.06396,0.16183,0.06396
9275,0.09079,0.21967,0.66116
9276,0.10660,0.23083,0.62350
9277,0.10739,0.19614,0.25113
9278,0.08395,0.13351,-0.14694
9279,0.03290,0.06598,-0.48331
9280,-0.03128,0.01031,-0.88159
9282,-0.07852,-0.02429,-1.00000
9283,-0.08340,-0.03220,-1.00000
9284,-0.04770,-0.01202,-1.00000
9285,-0.00272,0.02441,-1.00000
9286,0.01407,0.04794,-1.00000
9288,-0.01053,0.02719,-1.00000
9289,-0.05533,-0.04245,-1.00000
9290,-0.08383,-0.12192,-1.00000
9291,-0.07419,-0.14841,-1.00000
9292,-0.03397,-0.08371,-1.00000
9294,0.01068,0.05032,-1.00000
9295,0.03714,0.18381,-0.12125
9296,0.03964,0.25186,0.99997
9297,0.02628,0.24020,0.99997
9298,0.00861,0.18332,0.99997
9300,-0.00491,0.12207,0.99997
9301,-0.01004,0.06854,0.99997
9302,-0.00647,0.01337,0.99997
9303,0.00110,-0.04004,0.99997
9304,0.00510,-0.06064,-0.14294
9305,0.00110,-0.01849,-1.00000
9307,-0.00705,0.07260,-1.00000
9308,-0.00977,0.14886,-1.00000
9309,-0.00101,0.14111,-1.00000
9310,0.01501,0.03027,-1.00000
9311,0.02756,-0.13962,-1.00000
9313,0.03040,-0.30139,-1.00000
9314,0.02887,-0.41562,-1.00000
9315,0.03549,-0.48389,-1.00000
9316,0.05811,-0.52032,-1.00000
9317,0.09137,-0.52142,-1.00000
9319,0.11929,-0.47189,-1.00000
9320,0.12735,-0.37698,-0.64999
9321,0.11407,-0.27881,0.99997
9322,0.09293,-0.22964,0.99997
9323,0.08167,-0.24734,0.99997
9325,0.08600,-0.30145,0.99997
9326,0.09195,-0.34753,0.99997
9327,0.07626,-0.36905,0.65366
9328,0.03052,-0.37546,0.51801
9329,-0.02289,-0.35706,0.84128
9330,-0.04178,-0.25906,0.99997
9332,-0.00085,-0.03021,0.99997
9333,0.07663,0.28372,0.99997
9334,0.12424,0.50284,0.99997
9335,0.07816,0.40622,0.99997
9336,-0.07166,-0.09366,0.99997
9338,-0.26801,-0.84079,0.99997
9339,-0.42358,-1.00000,0.99997
9340,-0.47803,-1.00000,0.99997
9341,-0.43088,-1.00000,0.99997
9342,-0.33063,-1.00000,0.99997
9344,-0.23645,-0.84048,0.99997
9345,-0.18497,-0.73184,0.99997
9346,-0.17987,-0.85818,0.05701
9347,-0.20215,-1.00000,-0.23465
9348,-0.22894,-1.00000,0.38220
9350,-0.24997,-1.00000,0.99997
9351,-0.27200,-1.00000,0.99997
9352,-0.30646,-1.00000,0.99997
9353,-0.34589,-1.00000,0.99997
9354,-0.35190,-1.00000,0.99997
9355,-0.27466,-1.00000,0.99997
9357,-0.09671,-0.85474,0.99997
9358,0.13702,-0.44189,0.99997
9359,0.33749,-0.38239,-1.00000
9360,0.43134,-0.68512,-1.00000
9361,0.41214,-1.00000,-1.00000
9363,0.33829,-1.00000,-1.00000
9364,0.28073,-1.00000,-1.00000
9365,0.27026,-0.99680,-0.94308
9366,0.28708,-0.48978,-0.81839
9367,0.29086,0.19275,-0.63150
9369,0.25632,0.99997,-0.26642
9370,0.18658,0.99997,0.08582
9371,0.10770,0.99997,0.13144
9372,0.05786,0.99997,-0.23178
9373,0.07266,0.99997,-0.82111
9375,0.16058,0.99997,-1.00000
9376,0.28009,0.99997,-1.00000
9377,0.34943,0.60504,-1.00000
9378,0.30051,-0.60324,-0.79865
9379,0.14038,-1.00000,-0.06778
9380,-0.03967,-1.00000,0.76584
9382,-0.12906,-1.00000,0.99997
9383,-0.08615,-1.00000,0.99997
9384,0.02988,-1.00000,0.99997
9385,0.11368,-1.00000,0.99997
9386,0.10355,-1.00000,0.99997
9388,0.02548,-1.00000,0.99997
9389,-0.04141,-1.00000,0.99997
9390,-0.03653,-1.00000,0.91669
9391,0.03998,-1.00000,0.54919
9392,0.14194,-1.00000,0.26868
9394,0.22076,-1.00000,0.13834
9395,0.25464,-1.00000,0.16910
9396,0.24747,-1.00000,0.28815
9397,0.21402,-1.00000,0.37442
9398,0.17038,-1.00000,0.33850
9400,0.13205,-1.00000,0.18094
9401,0.10989,-1.00000,-0.01813
9402,0.10205,-0.81958,-0.16455
9403,0.09076,-0.67340,-0.21252
9404,0.05286,-0.66574,-0.17645
9405,-0.02167,-0.66153,-0.09674
9407,-0.11801,-0.52216,-0.00330
9408,-0.20410,-0.21536,0.08829
9409,-0.25125,0.15811,0.15536
9410,-0.25229,0.43478,0.15906
9411,-0.22223,0.50055,0.07108
9413,-0.18146,0.36496,-0.08487
9414,-0.13736,0.14807,-0.22614
9415,-0.08173,-0.00851,-0.26215
9416,-0.00806,-0.04169,-0.17078
9417,0.06613,-0.00497,-0.03003
9419,0.09671,-0.01715,0.03445
9420,0.04028,-0.16275,-0.04779
9421,-0.10544,-0.42233,-0.22424
9422,-0.28336,-0.68607,-0.34979
9423,-0.40503,-0.83572,-0.29544
9425,-0.41122,-0.82861,-0.04785
9426,-0.31845,-0.72076,0.28049
9427,-0.20807,-0.61743,0.53345
9428,-0.16019,-0.59290,0.61548
9429,-0.18591,-0.64081,0.53741
9430,-0.22083,-0.69122,0.38077
9432,-0.19107,-0.67807,0.22229
9433,-0.09299,-0.59888,0.08118
9434,-0.00592,-0.50986,-0.08023
9435,-0.01740,-0.45764,-0.31479
9436,-0.12900,-0.41702,-0.64069
9438,-0.24130,-0.31436,-1.00000
9439,-0.24200,-0.13544,-1.00000
9440,-0.11343,-0.01321,-1.00000
9441,0.05209,-0.17670,-1.00000
9442,0.14914,-0.76529,-0.80835
9444,0.16724,-1.00000,-0.26151
9445,0.19244,-1.00000,0.21060
9446,0.29901,-1.00000,0.47101
9447,0.45102,-1.00000,0.50409
9448,0.52802,-1.00000,0.40411
9450,0.45316,-1.00000,0.29776
9451,0.28616,-1.00000,0.26175
9452,0.17636,-1.00000,0.29160
9453,0.21814,-1.00000,0.33304
9454,0.35568,-1.00000,0.34140
9455,0.43082,0.14319,0.31979
9457,0.32254,0.99997,0.30515
9458,0.04358,0.99997,0.31241
9459,-0.28485,0.99997,0.28906
9460,-0.53625,0.99997,0.14136
9461,-0.65924,0.99997,-0.16071
9463,-0.67957,0.84738,-0.48083
9464,-0.65198,-0.46664,-0.53806
9465,-0.61899,-1.00000,-0.09171
9466,-0.60052,-1.00000,0.83023
9467,-0.59970,-1.00000,0.99997
9469,-0.60730,-1.00000,0.99997
9470,-0.60632,-0.70154,0.99997
9471,-0.58408,-0.49588,0.99997
9472,-0.54532,-1.00000,0.80447
9473,-0.50992,-1.00000,-0.01535
9475,-0.49399,-1.00000,-0.53485
9476,-0.49289,-1.00000,-0.81226
9477,-0.48502,-0.66406,-0.98190
9478,-0.45294,0.99997,-1.00000
9479,-0.39954,0.99997,-1.00000
9480,-0.34232,0.99997,-1.00000
9482,-0.29343,0.99997,-1.00000
9483,-0.24713,0.99997,-1.00000
9484,-0.18771,0.99997,-1.00000
9485,-0.10971,0.99997,-0.72968
9486,-0.02933,0.99997,-0.17807
9488,0.02454,0.99997,0.30389
9489,0.03201,0.99997,0.51169
9490,-0.00174,0.99997,0.40054
9491,-0.04825,0.99997,0.11996
9492,-0.07333,0.99997,-0.10391
9494,-0.05731,0.99997,-0.13135
9495,-0.00549,0.99997,0.01547
9496,0.05573,0.99997,0.20511
9497,0.09381,0.99997,0.30899
9498,0.08777,0.99997,0.28195
9500,0.03995,0.99997,0.17041
9501,-0.02533,0.99997,0.06570
9502,-0.07660,0.99997,0.04019
9503,-0.09506,0.22507,0.09744
9504,-0.08447,-1.00000,0.16376
9505,-0.06348,-1.00000,0.13394
9507,-0.04721,-1.00000,-0.04861
9508,-0.03531,-0.53281,-0.33554
9509,-0.01801,-0.01630,-0.59378
9510,0.00647,-0.78229,-0.69696
9511,0.02328,-1.00000,-0.61679
9513,0.01266,-1.00000,-0.43872
9514,-0.02762,-1.00000,-0.28958
9515,-0.07269,-0.41995,-0.24210
9516,-0.08652,0.99997,-0.27499
9517,-0.05151,0.99997,-0.31302
9519,0.01538,0.99997,-0.30045
9520,0.07571,0.99997,-0.24084
9521,0.09970,0.99997,-0.17752
9522,0.08740,0.99997,-0.14429
9523,0.06335,0.99997,-0.13702
9525,0.05200,0.99997,-0.12845
9526,0.05780,0.99997,-0.10461
9527,0.06613,0.99997,-0.08344
9528,0.06137,0.99997,-0.09628
9529,0.04272,0.99896,-0.15009
9530,0.02332,0.42389,-0.20813
9532,0.01462,0.08286,-0.21225
9533,0.01312,0.01483,-0.13217
9534,0.00278,0.10495,-0.00040
9535,-0.02814,0.17191,0.10275
9536,-0.07224,0.11102,0.10925
9538,-0.10556,-0.03751,0.02118
9539,-0.10663,-0.15082,-0.08676
9540,-0.07510,-0.14743,-0.13058
9541,-0.03308,-0.05490,-0.09305
9542,-0.00757,0.03397,-0.03867
9544,-0.00946,0.06198,-0.04468
9545,-0.02695,0.06067,-0.11124
9546,-0.03833,0.10175,-0.14932
9547,-0.03177,0.19925,-0.07852
9548,-0.01553,0.27307,0.04984
9550,-0.01089,0.22693,0.03647
9551,-0.03354,0.06543,-0.32700
9552,-0.07809,-0.08786,-1.00000
9553,-0.11801,-0.12033,-1.00000
9554,-0.12311,-0.08487,-1.00000
9555,-0.08319,-0.19379,-1.00000
9557,-0.01996,-0.61383,-1.00000
9558,0.02603,-1.00000,-1.00000
9559,0.02576,-1.00000,-1.00000
9560,-0.01514,-1.00000,-1.00000
9561,-0.06201,-1.00000,-1.00000
9563,-0.08304,-1.00000,-1.00000
9564,-0.07693,-0.85385,-1.00000
9565,-0.07022,-1.00000,-0.87207
9566,-0.08597,-1.00000,-0.55234
9567,-0.11810,-1.00000,-0.46039
9569,-0.13843,-0.83105,-0.59174
9570,-0.12897,-0.16974,-0.72925
9571,-0.10287,0.38162,-0.57349
9572,-0.08960,0.63263,0.02466
9573,-0.10013,0.63107,0.90842
9575,-0.11172,0.55136,0.99997
9576,-0.09024,0.51932,0.99997
9577,-0.02765,0.53845,0.99997
9578,0.04599,0.54785,0.96094
9579,0.08774,0.51642,0.26437
9580,0.07831,0.47491,-0.18024
9582,0.03455,0.47348,-0.34720
9583,-0.00919,0.52646,-0.37772
9584,-0.02740,0.60172,-0.41721
9585,-0.01385,0.65573,-0.50708
9586,0.02463,0.67325,-0.59650
9588,0.07562,0.67245,-0.62216
9589,0.12177,0.67603,-0.56686
9590,0.14185,0.67941,-0.45779
9591,0.12125,0.64917,-0.33163
9592,0.06467,0.55417,-0.21027
9594,-0.00305,0.40167,-0.10110
9595,-0.05325,0.24365,-0.00888
9596,-0.07251,0.14349,0.05661
9597,-0.06702,0.12958,0.08069
9598,-0.04990,0.17441,0.05270
9600,-0.02682,0.21799,-0.01700
9601,0.00534,0.21457,-0.08524
9602,0.04678,0.16418,-0.09314
9603,0.08511,0.10464,-0.01709
9604,0.09988,0.07489,0.08813
9605,0.07880,0.08307,0.11493
9607,0.03128,0.10464,0.00372
9608,-0.01367,0.10736,-0.16907
9609,-0.02560,0.07907,-0.22861
9610,0.00574,0.03549,-0.07349
9611,0.06165,0.00510,0.16296
9613,0.10535,0.00650,0.14206
9614,0.10602,0.03668,-0.43478
9615,0.05899,0.07660,-1.00000
9616,-0.01227,0.10574,-1.00000
9617,-0.07269,0.11285,-1.00000
9619,-0.09769,0.09723,-1.00000
9620,-0.08459,0.06436,-1.00000
9621,-0.04797,0.02252,-1.00000
9622,-0.00589,-0.01822,-1.00000
9623,0.03043,-0.04822,-1.00000
9625,0.05756,-0.06320,-1.00000
9626,0.07449,-0.06711,-1.00000
9627,0.07874,-0.06726,-1.00000
9628,0.06802,-0.06479,-1.00000
9629,0.04456,-0.05157,-1.00000
9630,0.01761,-0.01944,-1.00000
9632,0.00055,0.02707,-0.99268
9633,0.00360,0.07019,-0.80670
9634,0.02713,0.09567,-0.57626
9635,0.06006,0.10992,-0.32489
9636,0.08536,0.13684,-0.10425
9638,0.08987,0.19385,0.04691
9639,0.07135,0.27020,0.12439
9640,0.03806,0.33224,0.15219
9641,0.00189,0.35117,0.15991
9642,-0.02917,0.32623,0.16507
9644,-0.05304,0.28064,0.17252
9645,-0.06958,0.23801,0.18417
9646,-0.07666,0.20663,0.20453
9647,-0.07135,0.18518,0.23434
9648,-0.05530,0.17538,0.26303
9650,-0.03735,0.18039,0.27277
9651,-0.02808,0.18973,0.25345
9652,-0.02994,0.17487,0.21289
9653,-0.03375,0.11060,0.16974
9654,-0.02701,0.00562,0.13644
9655,-0.00772,-0.09244,0.11142
9657,0.01160,-0.12906,0.08914
9658,0.01639,-0.08527,0.07416
9659,0.00806,0.00903,0.07877
9660,0.00708,0.10184,0.10440
9661,0.03433,0.15778,0.12827
9663,0.08759,0.17422,0.11676
9664,0.13831,0.16693,0.05774
9665,0.15521,0.14838,-0.02005
9666,0.13196,0.12198,-0.06491
9667,0.09103,0.09140,-0.04468
9669,0.06006,0.06726,0.02539
9670,0.04736,0.06058,0.09641
9671,0.04224,0.07089,0.12842
9672,0.03671,0.08505,0.12106
9673,0.03995,0.08990,0.10468
9675,0.06610,0.08609,0.10501
9676,0.10947,0.08798,0.11801
9677,0.13919,0.10861,0.11877
9678,0.12497,0.14389,0.09201
9679,0.06958,0.17206,0.05127
9680,0.01178,0.16986,0.02780
9682,-0.00690,0.13254,0.04150
9683,0.01929,0.07892,0.08209
9684,0.05530,0.03653,0.11807
9685,0.05945,0.01923,0.12283
9686,0.02289,0.01740,0.09482
9688,-0.02414,0.00937,0.05444
9689,-0.04514,-0.01773,0.02362
9690,-0.03482,-0.05692,0.00858
9691,-0.02267,-0.09009,0.00143
9692,-0.03845,-0.10547,-0.00183
9694,-0.07565,-0.10727,0.01059
9695,-0.09332,-0.10904,0.05637
9696,-0.05811,-0.11935,0.13181
9697,0.01532,-0.13321,0.19757
9698,0.06967,-0.13412,0.19907
9700,0.05591,-0.10385,0.11209
9701,-0.01871,-0.03363,-0.02774
9702,-0.09402,0.06708,-0.14493
9703,-0.11081,0.16974,-0.18228
9704,-0.06323,0.23846,-0.14703
9705,0.00061,0.25256,-0.10266
9707,0.02786,0.22513,-0.11313
9708,0.00974,0.19879,-0.18951
9709,-0.01648,0.21622,-0.28513
9710,-0.00861,0.28668,-0.33899
9711,0.04001,0.37924,-0.32867
9713,0.09799,0.45184,-0.29080
9714,0.12753,0.49078,-0.29758
9715,0.11557,0.52179,-0.40704
9716,0.07861,0.57822,-0.61615
9717,0.04343,0.65524,-0.84396
9719,0.02521,0.69904,-0.96094
9720,0.02029,0.65012,-0.85791
9721,0.01382,0.50671,-0.51794
9722,-0.00641,0.34308,-0.03937
9723,-0.03952,0.25317,0.41498
9725,-0.06982,0.26428,0.70987
9726,-0.07593,0.30734,0.80402
9727,-0.04617,0.28854,0.74533
9728,0.00983,0.20535,0.61285
9729,0.06381,0.18723,0.46222
9730,0.08542,0.39648,0.31134
9732,0.06219,0.86270,0.15552
9733,0.00748,0.99997,-0.01996
9734,-0.04855,0.99997,-0.23639
9735,-0.07846,0.99997,-0.50665
9736,-0.07281,0.99997,-0.80341
9738,-0.04282,0.99997,-1.00000
9739,-0.00891,0.99997,-1.00000
9740,0.01392,0.99997,-0.98117
9741,0.02396,0.99997,-0.70538
9742,0.02740,0.99997,-0.44601
9744,0.02667,0.76843,-0.33963
9745,0.01498,0.18323,-0.40408
9746,-0.01529,-0.24982,-0.53665
9747,-0.05823,-0.43219,-0.61826
9748,-0.09103,-0.40289,-0.63611
9750,-0.09018,-0.24591,-0.70999
9751,-0.05475,-0.01614,-0.98117
9752,-0.01236,0.24689,-1.00000
9753,0.00259,0.46881,-1.00000
9754,-0.01932,0.54684,-1.00000
9755,-0.05328,0.43121,-1.00000
9757,-0.06534,0.19394,-1.00000
9758,-0.04892,-0.00858,-0.90842
9759,-0.03479,-0.06766,-1.00000
9760,-0.06183,-0.02902,-1.00000
9761,-0.13638,-0.06204,-1.00000
9763,-0.22144,-0.30768,-0.70020
9764,-0.26697,-0.74081,0.92377
9765,-0.25061,-1.00000,0.99997
9766,-0.19116,-1.00000,0.99997
9767,-0.12881,-1.00000,0.99997
9769,-0.09769,-1.00000,0.99997
9770,-0.11331,-0.98221,0.99997
9771,-0.17026,-0.86514,0.99997
9772,-0.23727,-0.80862,0.99997
9773,-0.26157,-0.74298,0.99997
9775,-0.20432,-0.63751,0.99997
9776,-0.09348,-0.52130,0.99997
9777,-0.02954,-0.43600,0.99997
9778,-0.09982,-0.38666,0.99997
9779,-0.26056,-0.34467,0.99997
9780,-0.32773,-0.28915,0.99997
9782,-0.14679,-0.23126,0.99997
9783,0.18390,-0.19107,0.99997
9784,0.28180,-0.15747,0.81210
9785,-0.24405,-0.08188,-0.48135
9786,-1.00000,0.08023,-1.00000
9788,-1.00000,0.31979,-1.00000
9789,-1.00000,0.56766,-1.00000
9790,-1.00000,0.73987,-1.00000
9791,-1.00000,0.79495,-1.00000
9792,0.20349,0.75528,-1.00000
9794,0.99997,0.67996,-1.00000
9795,0.99997,0.61801,-1.00000
9796,0.99997,0.57877,-1.00000
9797,0.99997,0.53671,-1.00000
9798,0.99997,0.46097,-1.00000
9800,0.99997,0.34741,-1.00000
9801,0.99997,0.23117,-1.00000
9802,0.99997,0.16574,-1.00000
9803,0.99997,0.17584,-1.00000
9804,0.99997,0.21851,-1.00000
9805,0.99997,0.19684,-1.00000
9807,0.99686,0.03552,-1.00000
9808,0.78528,-0.23788,-1.00000
9809,0.57959,-0.49023,-1.00000
9810,0.47165,-0.58493,-0.81274
9811,0.51593,-0.50549,-0.44293
9813,0.68399,-0.37073,-0.47342
9814,0.86978,-0.30112,-1.00000
9815,0.94260,-0.25513,-1.00000
9816,0.82397,-0.01514,-1.00000
9817,0.54678,0.62207,-1.00000
9819,0.24689,0.99997,-1.00000
9820,0.06799,0.99997,-1.00000
9821,0.03598,0.99997,-1.00000
9822,0.01379,0.99997,-0.95599
9823,-0.19278,0.99997,-0.94742
9825,-0.63861,0.99997,-1.00000
9826,-1.00000,0.49246,-1.00000
9827,-1.00000,0.14688,-1.00000
9828,-0.87955,0.04083,-1.00000
9829,-0.02267,-0.00406,-1.00000
9830,0.82321,-0.08807,-0.54379
9832,0.99997,-0.20499,0.40048
9833,0.56552,-0.30844,0.69693
9834,-0.66339,-0.38165,0.37634
9835,-1.00000,-0.45071,-0.27921
9836,-1.00000,-0.55151,-0.90195
9838,-1.00000,-0.69260,-1.00000
9839,-1.00000,-0.84372,-1.00000
9840,-1.00000,-0.95288,-0.48221
9841,-0.10703,-0.97903,0.06683
9842,0.99997,-0.91980,0.38766
9844,0.99997,-0.81549,0.48676
9845,0.99997,-0.72235,0.59924
9846,0.99997,-0.67264,0.88126
9847,0.99997,-0.65173,0.99997
9848,0.99997,-0.61227,0.82376
9850,0.99997,-0.51251,-0.35892
9851,0.99997,-0.34619,-1.00000
9852,0.80780,-0.14285,-1.00000
9853,-0.16800,0.05588,-1.00000
9854,-0.93500,0.21954,-1.00000
9855,-1.00000,0.33640,-1.00000
9857,-0.71402,0.40683,-1.00000
9858,-0.00284,0.43564,-1.00000
9859,0.59311,0.42883,-0.88089
9860,0.85864,0.39417,-0.63278
9861,0.86081,0.34122,-0.21323
9863,0.80164,0.28088,0.33572
9864,0.81964,0.22430,0.74170
9865,0.91943,0.18115,0.79047
9866,0.99997,0.15613,0.57742
9867,0.99997,0.14618,0.50983
9869,0.99997,0.14264,0.99997
9870,0.99997,0.13873,0.99997
9871,0.82068,0.13690,0.99997
9872,0.47455,0.14816,0.99997
9873,0.12323,0.18213,0.99997
9875,-0.09125,0.23520,0.99997
9876,-0.09491,0.28799,0.99997
9877,0.06769,0.31787,0.99997
9878,0.27155,0.31848,0.99997
9879,0.39737,0.30893,0.99997
9880,0.39771,0.32095,0.99997
9882,0.30960,0.37057,0.99997
9883,0.21985,0.43869,0.99997
9884,0.19983,0.48242,0.99997
9885,0.24084,0.47198,0.99997
9886,0.24371,0.42166,0.99997
9888,0.10532,0.38245,0.99997
9889,-0.14548,0.39752,0.99997
9890,-0.30444,0.45862,0.99997
9891,-0.14407,0.50555,-0.28366
9892,0.32864,0.47446,-0.85950
9894,0.76559,0.35458,-1.00000
9895,0.69641,0.20392,-1.00000
9896,-0.06293,0.10773,-1.00000
9897,-1.00000,0.11343,-1.00000
9898,-1.00000,0.19537,-1.00000
9900,-1.00000,0.27637,-1.00000
9901,-1.00000,0.28833,0.09457
9902,-0.88156,0.22333,0.78052
9903,-0.43915,0.13651,0.67535
9904,-0.34613,0.10059,0.04349
9905,-0.32663,0.14862,-0.44205
9907,-0.07339,0.24942,-0.23312
9908,0.47949,0.33322,0.67163
9909,0.99997,0.34521,0.99997
9910,0.99997,0.28336,0.99997
9911,0.99997,0.19229,0.99997
9913,0.99997,0.12320,0.99997
9914,0.99997,0.09546,0.50803
9915,0.99997,0.09070,0.27899
9916,0.99997,0.07867,0.54410
9917,0.99997,0.04724,0.91074
9919,0.99997,0.01080,0.97073
9920,0.99997,-0.00647,0.61099
9921,0.99997,0.00632,0.03247
9922,0.99997,0.03796,-0.47168
9923,0.99997,0.06549,-0.74640
9925,0.96002,0.07196,-0.84537
9926,0.88126,0.05664,-0.94144
9927,0.82147,0.03101,-1.00000
9928,0.76144,0.00757,-1.00000
9929,0.69583,-0.00827,-1.00000
9930,0.64273,-0.01727,-1.00000
9932,0.61819,-0.02017,-0.30258
9933,0.60779,-0.01404,0.71808
9934,0.57138,0.00519,0.99997
9935,0.47955,0.03668,0.71109
9936,0.34470,0.07214,-0.23572
9938,0.21396,0.09869,-0.61789
9939,0.12851,0.10489,0.42780
9940,0.09073,0.08566,0.99997
9941,0.07303,0.04431,0.99997
9942,0.06226,-0.00809,0.99997
9944,0.09177,-0.05560,0.99997
9945,0.22113,-0.08359,0.99997
9946,0.47482,-0.08563,0.99997
9947,0.79947,-0.06717,0.99997
9948,0.99997,-0.04138,0.99997
9950,0.99997,-0.01978,0.99997
9951,0.99997,-0.00562,0.99997
9952,0.99997,0.00415,0.99997
9953,0.99997,0.01117,0.99997
9954,0.99997,0.01047,0.99997
9955,0.99997,-0.00537,0.99997
9957,0.79062,-0.03659,0.99997
9958,0.29742,-0.07129,0.98309
9959,-0.12445,-0.09192,-0.59311
9960,-0.34402,-0.08902,-1.00000
9961,-0.36240,-0.06979,-1.00000
9963,-0.29062,-0.05283,-1.00000
9964,-0.24704,-0.05228,-1.00000
9965,-0.27277,-0.06555,-1.00000
9966,-0.33023,-0.07532,-1.00000
9967,-0.36392,-0.06555,-1.00000
9969,-0.35464,-0.03674,-1.00000
9970,-0.32388,-0.00674,-1.00000
9971,-0.30292,0.00446,-1.00000
9972,-0.30573,-0.00665,-1.00000
9973,-0.32526,-0.02325,-1.00000
9975,-0.34335,-0.02356,-1.00000
9976,-0.33905,-0.00262,-1.00000
9977,-0.29443,0.01913,-1.00000
9978,-0.20325,0.01157,-1.00000
9979,-0.08038,-0.03735,-1.00000
9980,0.03735,-0.10605,-1.00000
9982,0.10440,-0.15164,-1.00000
9983,0.08676,-0.14246,-1.00000
9984,-0.02298,-0.08325,-1.00000
9985,-0.20279,-0.01163,-1.00000
9986,-0.40942,0.03131,-0.93515
9988,-0.59534,0.03098,0.99997
9989,-0.72842,0.00488,0.99997
9990,-0.80521,-0.01788,0.99997
9991,-0.84521,-0.02219,0.99997
9992,-0.86639,-0.01550,0.99997
9994,-0.85983,-0.01575,0.99997
9995,-0.78934,-0.03284,0.99997
9996,-0.62329,-0.06119,0.99997
9997,-0.37424,-0.08542,0.99997
9998,-0.10880,-0.09067,0.99997
10000,0.08725,-0.06946,0.99997
10001,0.16345,-0.02435,0.99997
10002,0.13428,0.03021,0.99997
10003,0.06073,0.06985,0.99997
10004,0.00320,0.07108,0.99997
10005,-0.01462,0.02811,0.99997
10007,-0.00623,-0.03754,0.99997
10008,0.00253,-0.08694,0.60004
10009,-0.00345,-0.09042,-0.84616
10010,-0.02414,-0.04889,-1.00000
10011,-0.05225,0.00821,-1.00000
10013,-0.08026,0.04730,-1.00000
10014,-0.10150,0.05576,-1.00000
10015,-0.11035,0.04651,-1.00000
10016,-0.10577,0.04144,-1.00000
10017,-0.09467,0.05115,-1.00000
10019,-0.08875,0.06824,-1.00000
10020,-0.09634,0.07776,-1.00000
10021,-0.11600,0.07269,-0.10535
10022,-0.13742,0.05972,0.62967
10023,-0.14850,0.04993,-0.90256
10025,-0.14209,0.04172,-1.00000
10026,-0.11823,0.01428,-1.00000
10027,-0.08209,-0.05472,-1.00000
10028,-0.03958,-0.15549,-1.00000
10029,0.00647,-0.23108,-1.00000
10030,0.05582,-0.21225,-1.00000
10032,0.10593,-0.08701,-1.00000
10033,0.14755,0.06268,-1.00000
10034,0.16815,0.11487,-1.00000
10035,0.16367,0.02295,-1.00000
10036,0.14758,-0.12292,-1.00000
10038,0.14371,-0.17450,-1.00000
10039,0.16315,-0.08737,-1.00000
10040,0.18646,0.00897,-1.00000
10041,0.17346,-0.05551,-1.00000
10042,0.09827,-0.25882,-1.00000
10044,-0.02017,-0.30618,-1.00000
10045,-0.12460,0.15652,-1.00000
10046,-0.16208,0.99997,-1.00000
10047,-0.12701,0.99997,-1.00000
10048,-0.06421,0.99997,-1.00000
10050,-0.02887,0.99997,-1.00000
10051,-0.04013,0.99997,0.00134
10052,-0.07031,0.68024,0.99997
10053,-0.07755,-0.30914,0.99997
10054,-0.04819,-0.72372,0.99997
10055,-0.00885,-0.63995,0.99997
10057,0.00186,-0.33270,0.99997
10058,-0.02747,-0.05917,0.99997
10059,-0.06967,0.05078,0.99997
10060,-0.08582,-0.01114,0.99997
10061,-0.06372,-0.17871,0.99997
10063,-0.03055,-0.35046,0.99997
10064,-0.02728,-0.42664,0.99997
10065,-0.06970,-0.35492,0.06671
10066,-0.13425,-0.16272,-1.00000
10067,-0.18234,0.05484,-1.00000
10069,-0.19861,0.19095,-1.00000
10070,-0.20337,0.18970,-1.00000
10071,-0.22617,0.07498,-1.00000
10072,-0.26840,-0.06842,-1.00000
10073,-0.29724,-0.14725,-1.00000
10075,-0.27951,-0.11328,-1.00000
10076,-0.21982,0.01489,-1.00000
10077,-0.15878,0.17856,-1.00000
10078,-0.12885,0.33386,-1.00000
10079,-0.11539,0.48505,-1.00000
10080,-0.06995,0.65970,-1.00000
10082,0.03131,0.84695,-1.00000
10083,0.14453,0.96820,-1.00000
10084,0.18225,0.92834,-1.00000
10085,0.08948,0.71164,-1.00000
10086,-0.09879,0.42505,-1.00000
10088,-0.27594,0.22726,-1.00000
10089,-0.34451,0.19275,-1.00000
10090,-0.28720,0.23770,-1.00000
10091,-0.16849,0.19275,-1.00000
10092,-0.07306,-0.02811,-1.00000
10094,-0.03976,-0.31442,-1.00000
10095,-0.04453,-0.42068,-1.00000
10096,-0.03574,-0.16870,-1.00000
10097,0.01666,0.38013,-1.00000
10098,0.10013,0.94650,-0.51419
10100,0.17581,0.99997,0.99997
10101,0.21210,0.99997,0.99997
10102,0.20731,0.99997,0.99997
10103,0.18762,0.99997,0.99997
10104,0.18454,0.99997,-0.60809
10105,0.20920,0.99997,-1.00000
10107,0.24133,0.99997,-1.00000
10108,0.24146,0.07715,-0.73715
10109,0.18008,-1.00000,0.39166
10110,0.06448,-1.00000,0.92102
10111,-0.05893,-1.00000,0.39764
10113,-0.13397,-1.00000,-1.00000
10114,-0.13870,-0.26624,-1.00000
10115,-0.10965,0.42786,-1.00000
10116,-0.12021,0.56076,-1.00000
10117,-0.22366,0.35016,-1.00000
10119,-0.40604,0.18826,-1.00000
10120,-0.59372,0.28714,-1.00000
10121,-0.71494,0.55493,-0.81894
10122,-0.76126,0.76669,-0.42508
10123,-0.78687,0.81006,0.42612
10125,-0.84018,0.74799,0.99997
10126,-0.89258,0.66785,0.99997
10127,-0.84192,0.52640,0.99997
10128,-0.60083,0.19208,0.41693
10129,-0.19370,-0.35342,-1.00000
10130,0.23318,-0.89615,-1.00000
10132,0.50940,-1.00000,0.04419
10133,0.56696,-0.91452,0.99997
10134,0.48648,-0.46899,0.99997
10135,0.42404,-0.15292,0.99997
10136,0.48376,-0.16196,0.99997
10138,0.64438,-0.35623,0.99997
10139,0.79437,-0.42728,0.99997
10140,0.83649,-0.22879,0.99997
10141,0.76855,0.07413,0.99997
10142,0.67786,0.19836,0.99997
10144,0.66205,0.08130,0.99997
10145,0.74686,-0.00156,0.99997
10146,0.86584,0.31100,0.99997
10147,0.91376,0.99997,0.99997
10148,0.82904,0.99997,0.99997
10150,0.64212,0.99997,0.99997
10151,0.45511,0.99997,0.80106
10152,0.36792,0.99997,0.52658
10153,0.40411,0.99997,0.63654
10154,0.49191,0.99997,0.99997
10155,0.51840,0.99997,0.99997
10157,0.42044,0.72452,0.99997
10158,0.24054,-0.23984,0.99997
10159,0.09549,-1.00000,0.99997
10160,0.07462,-1.00000,0.99997
10161,0.15463,-1.00000,0.99997
10163,0.21552,-0.87640,0.99997
10164,0.15607,-0.90656,0.99997
10165,0.00293,-0.97971,0.99997
10166,-0.10303,-0.65070,0.99997
10167,-0.04727,0.19672,0.99997
10169,0.12131,0.99997,0.99997
10170,0.20291,0.99997,0.99997
10171,0.01807,0.99997,0.66028
10172,-0.41568,0.93369,-0.48865
10173,-0.87317,0.99997,-1.00000
10175,-1.00000,0.99997,-0.92773
10176,-0.98828,0.99997,-0.45233
10177,-0.67661,0.99997,0.06131
10178,-0.37250,0.99997,0.39349
10179,-0.20456,0.99997,0.51251
10180,-0.15320,0.99997,0.47003
10182,-0.12271,0.99997,0.26813
10183,-0.05240,0.99997,-0.12863
10184,0.03986,0.99997,-0.62698
10185,0.09872,0.99997,-0.88162
10186,0.09250,0.99997,-0.43115
10188,0.03467,0.99997,0.92621
10189,-0.03851,0.99997,0.99997
10190,-0.09753,0.06583,0.99997
10191,-0.13019,-1.00000,0.99997
10192,-0.13647,-1.00000,0.99997
10194,-0.12241,-0.60098,0.99997
10195,-0.09808,0.99997,0.67407
10196,-0.07486,0.99997,-0.26004
10197,-0.06012,0.99997,-0.45132
10198,-0.05438,0.99997,-0.28647
10200,-0.05377,0.99857,-0.18692
10201,-0.05539,0.44531,-0.32730
10202,-0.05951,-0.14532,-0.64493
10203,-0.06821,-1.00000,-1.00000
10204,-0.08228,-1.00000,-1.00000
10205,-0.09915,-1.00000,-1.00000
10207,-0.11325,-1.00000,-1.00000
10208,-0.11865,-1.00000,-1.00000
10209,-0.11429,-1.00000,-1.00000
10210,-0.10696,-0.34122,-1.00000
10211,-0.10675,-0.30884,-1.00000
10213,-0.11490,-0.84943,-1.00000
10214,-0.11490,-1.00000,-1.00000
10215,-0.07910,-0.35809,-1.00000
10216,0.00830,0.99997,-0.91861
10217,0.12973,0.99997,-0.32065
10219,0.23505,0.99997,-0.31546
10220,0.27011,0.86041,-0.70172
10221,0.21381,-0.71573,-0.97955
10222,0.09439,-1.00000,-0.72668
10223,-0.02866,-1.00000,0.06772
10225,-0.10416,-0.30200,0.96539
10226,-0.12021,0.43185,0.99997
10227,-0.10403,0.34894,0.93259
10228,-0.09460,-0.31351,-0.17010
10229,-0.11176,-0.86011,-1.00000
10230,-0.14590,-0.85925,-1.00000
10232,-0.17227,-0.49542,-1.00000
10233,-0.17346,-0.22894,-0.11337
10234,-0.15042,-0.19403,0.99997
10235,-0.11615,-0.03241,0.99997
10236,-0.08218,0.64682,0.99997
10238,-0.05109,0.99997,0.34711
10239,-0.01852,0.99997,-0.73370
10240,0.02057,0.99997,-1.00000
10241,0.06671,0.99997,-1.00000
10242,0.11249,0.45563,-0.70886
10244,0.14246,0.11630,-0.29440
10245,0.13980,0.60120,-0.05267
10246,0.10110,0.99997,0.22144
10247,0.04733,0.99997,0.81573
10248,0.01422,0.99997,0.99997
10250,0.02271,0.99997,0.99997
10251,0.05334,0.80756,0.99997
10252,0.05707,0.56848,0.99997
10253,0.00168,0.59375,0.99997
10254,-0.08496,0.70139,0.99997
10255,-0.12186,0.72873,0.78967
10257,-0.03653,0.64053,-0.14056
10258,0.16785,0.50644,-1.00000
10259,0.39935,0.41068,-1.00000
10260,0.53476,0.38110,-1.00000
10261,0.50476,0.38303,-1.00000
10263,0.34338,0.36389,-1.00000
10264,0.16779,0.30032,-1.00000
10265,0.10419,0.20850,-1.00000
10266,0.21054,0.12036,-0.79572
10267,0.44431,0.05930,-0.48587
10269,0.69507,0.03848,-0.42459
10270,0.86038,0.07028,-0.45480
10271,0.91113,0.16040,-0.43738
10272,0.89673,0.28711,-0.32993
10273,0.88434,0.39685,-0.17648
10275,0.88376,0.43710,-0.04031
10276,0.82834,0.40341,0.05539
10277,0.63434,0.35056,0.13522
10278,0.28864,0.34860,0.23407
10279,-0.11688,0.42087,0.35645
10280,-0.43924,0.52411,0.47009
10282,-0.58221,0.58963,0.53622
10283,-0.55603,0.58508,0.54465
10284,-0.45401,0.53860,0.51956
10285,-0.37558,0.50708,0.49310
10286,-0.36234,0.52231,0.47379
10288,-0.39191,0.56573,0.44061
10289,-0.41867,0.58920,0.36655
10290,-0.41663,0.55908,0.24753
10291,-0.39114,0.48361,0.11111
10292,-0.36008,0.40430,-0.00085
10294,-0.33026,0.36130,-0.05896
10295,-0.29337,0.36264,-0.06180
10296,-0.24149,0.37961,-0.03293
10297,-0.18341,0.37000,-0.00488
10298,-0.14221,0.31012,-0.00085
10300,-0.13428,0.21088,-0.02289
10301,-0.15045,0.10822,-0.05191
10302,-0.16031,0.03674,-0.05991
10303,-0.13852,0.00836,-0.02975
10304,-0.08887,0.00986,0.02982
10305,-0.04178,0.01721,0.08521
10307,-0.02652,0.01337,0.09848
10308,-0.04367,-0.00308,0.05484
10309,-0.06451,-0.02066,-0.02292
10310,-0.05655,-0.02478,-0.08694
10311,-0.01105,-0.00848,-0.09692
10313,0.05142,0.02161,-0.04855
10314,0.09875,0.04739,0.02609
10315,0.11093,0.04968,0.08652
10316,0.08966,0.02142,0.11578
10317,0.05157,-0.02570,0.12747
10319,0.01447,-0.06723,0.14447
10320,-0.01105,-0.08066,0.17325
10321,-0.02020,-0.05911,0.20105
10322,-0.00858,-0.01608,0.21680
10323,0.03027,0.02170,0.22888
10325,0.09897,0.02875,0.25729
10326,0.18665,-0.00351,0.30743
10327,0.26556,-0.05914,0.35617
10328,0.30231,-0.10742,0.36993
10329,0.27924,-0.13000,0.33783
10330,0.20981,-0.14594,0.28568
10332,0.13278,-0.20798,0.25443
10333,0.08716,-0.36084,0.26349
10334,0.08578,-0.59094,0.29379
10335,0.10916,-0.81598,0.30542
10336,0.12234,-0.93378,0.27060
10338,0.10153,-0.89490,0.19275
10339,0.04941,-0.73541,0.10010
10340,-0.00903,-0.54077,0.02759
10341,-0.04443,-0.37610,0.00406
10342,-0.04053,-0.24774,0.04666
10344,-0.00082,-0.12296,0.15192
10345,0.05676,0.02359,0.28143
10346,0.11127,0.18677,0.35837
10347,0.14746,0.34409,0.29602
10348,0.15814,0.47623,0.05371
10350,0.14276,0.56891,-0.31613
10351,0.10666,0.60510,-0.67505
10352,0.06183,0.57407,-0.86865
10353,0.02493,0.49457,-0.81778
10354,0.01013,0.41748,-0.56366
10355,0.02023,0.38687,-0.23236
10357,0.04510,0.39023,0.05307
10358,0.06985,0.35779,0.24246
10359,0.08606,0.22784,0.35944
10360,0.09540,0.02118,0.44476
10361,0.10263,-0.15472,0.50317
10363,0.10672,-0.18781,0.50336
10364,0.09970,-0.05765,0.42468
10365,0.07483,0.14468,0.29605
10366,0.03485,0.29202,0.18311
10367,-0.00739,0.31946,0.13437
10369,-0.03735,0.25845,0.14084
10370,-0.04913,0.18677,0.14996
10371,-0.05078,0.15430,0.11911
10372,-0.06055,0.15442,0.05551
10373,-0.09512,0.15500,0.00525
10375,-0.15656,0.14374,0.00760
10376,-0.22598,0.13983,0.06171
10377,-0.27301,0.16730,0.13385
10378,-0.27591,0.22412,0.18942
10379,-0.23849,0.27936,0.21356
10380,-0.18744,0.29810,0.20612
10382,-0.15091,0.26901,0.16803
10383,-0.13617,0.21075,0.10144
10384,-0.12643,0.15518,0.02176
10385,-0.09879,0.12369,-0.03821
10386,-0.04599,0.11533,-0.04248
10388,0.01749,0.11389,0.02618
10389,0.06821,0.10529,0.15753
10390,0.09128,0.08960,0.32263
10391,0.08810,0.07742,0.48849
10392,0.07056,0.07483,0.62720
10394,0.04956,0.07272,0.72009
10395,0.02649,0.05301,0.76196
10396,-0.00659,0.00745,0.76212
10397,-0.05859,-0.04913,0.73441
10398,-0.12692,-0.08636,0.67953
10400,-0.18994,-0.08215,0.57828
10401,-0.21390,-0.04153,0.41010
10402,-0.17471,0.00760,0.18582
10403,-0.08054,0.03824,-0.03873
10404,0.02499,0.04550,-0.19022
10405,0.08618,0.04568,-0.22913
10407,0.07083,0.05588,-0.18054
10408,-0.00909,0.07507,-0.11386
10409,-0.10703,0.08502,-0.08752
10410,-0.17392,0.06940,-0.10684
10411,-0.18823,0.03128,-0.13147
10413,-0.16309,-0.00778,-0.12094
10414,-0.12979,-0.02567,-0.07428
10415,-0.11325,-0.01764,-0.02808
10416,-0.11838,0.00171,-0.01935
10417,-0.13422,0.01273,-0.05069
10419,-0.14822,0.00742,-0.08966
10420,-0.15594,-0.00635,-0.09909
10421,-0.15875,-0.01453,-0.06857
10422,-0.15442,-0.01007,-0.01956
10423,-0.13293,0.00430,0.01672
10425,-0.08459,0.02521,0.02682
10426,-0.01331,0.05896,0.02368
10427,0.05914,0.11932,0.03098
10428,0.10507,0.21179,0.05850
10429,0.11057,0.31946,0.09036
10430,0.08612,0.40735,0.09729
10432,0.05820,0.44589,0.06201
10433,0.04883,0.43289,-0.00595
10434,0.05975,0.39258,-0.08310
10435,0.07312,0.35181,-0.16141
10436,0.06671,0.31726,-0.26221
10438,0.03064,0.27798,-0.41159
10439,-0.02567,0.22949,-0.59561
10440,-0.08008,0.19043,-0.74442
10441,-0.11105,0.18817,-0.77872
10442,-0.10901,0.22467,-0.68665
10444,-0.07855,0.26163,-0.55356
10445,-0.03281,0.25000,-0.49658
10446,0.01474,0.18204,-0.55032
10447,0.05469,0.11398,-0.61395
10448,0.08090,0.12802,-0.52707
10450,0.08807,0.26050,-0.21771
10451,0.07245,0.46240,0.21545
10452,0.03564,0.63251,0.57239
10453,-0.01251,0.69641,0.71487
10454,-0.05606,0.66055,0.67267
10455,-0.07974,0.59409,0.59662
10457,-0.07578,0.56168,0.61047
10458,-0.04691,0.57516,0.70673
10459,-0.00397,0.60541,0.78012
10460,0.03909,0.63107,0.75198
10461,0.07022,0.66489,0.65259
10463,0.08237,0.72952,0.57825
10464,0.07452,0.81650,0.57242
10465,0.05109,0.88113,0.55945
10466,0.02017,0.88531,0.41147
10467,-0.00882,0.84164,0.09558
10469,-0.02911,0.80710,-0.24118
10470,-0.03949,0.82465,-0.34793
10471,-0.04459,0.86868,-0.06238
10472,-0.05142,0.84909,0.54047
10473,-0.06497,0.67578,0.99997
10475,-0.08545,0.33173,0.99997
10476,-0.10867,-0.10236,0.99997
10477,-0.12708,-0.48798,0.99997
10478,-0.13049,-0.70456,0.49487
10479,-0.10995,-0.71484,-0.19833
10480,-0.06595,-0.58386,-0.93289
10482,-0.01624,-0.43927,-1.00000
10483,0.00787,-0.38992,-1.00000
10484,-0.01956,-0.44629,-1.00000
10485,-0.09689,-0.50082,-1.00000
10486,-0.18872,-0.39957,-1.00000
10488,-0.24542,-0.07202,-1.00000
10489,-0.23462,0.37424,-1.00000
10490,-0.15887,0.68439,-1.00000
10491,-0.04617,0.61569,-1.00000
10492,0.07553,0.11780,-0.36740
10494,0.19492,-0.61002,0.68384
10495,0.31064,-1.00000,0.99997
10496,0.41180,-1.00000,0.99997
10497,0.46887,-1.00000,0.99997
10498,0.44681,-1.00000,0.99997
10500,0.33130,-1.00000,0.99997
10501,0.14603,-1.00000,0.99997
10502,-0.05011,-1.00000,0.99997
10503,-0.18396,-1.00000,0.99997
10504,-0.19885,-1.00000,0.99997
10505,-0.08740,-1.00000,0.99997
10507,0.08954,-1.00000,0.99997
10508,0.22528,-1.00000,0.99997
10509,0.23932,-1.00000,0.99997
10510,0.15503,-1.00000,0.99997
10511,0.09790,-1.00000,0.99997
10513,0.17508,-1.00000,0.99997
10514,0.31912,-1.00000,0.99997
10515,0.26166,-0.89386,0.99997
10516,-0.27631,-0.32339,0.99997
10517,-1.00000,0.04001,0.99997
10519,-1.00000,0.09756,0.99997
10520,-1.00000,-0.07004,0.99997
10521,-1.00000,-0.28171,0.99997
10522,-1.00000,-0.38287,-1.00000
10523,-0.86569,-0.32333,-1.00000
10525,-0.01312,-0.15405,-1.00000
10526,0.40884,0.02765,-1.00000
10527,0.57129,0.14264,-1.00000
10528,0.72897,0.17953,-1.00000
10529,0.97543,0.20486,-1.00000
10530,0.99997,0.31146,-1.00000
10532,0.99997,0.52231,-1.00000
10533,0.99997,0.73151,-1.00000
10534,0.99997,0.76312,-1.00000
10535,0.99997,0.52634,-1.00000
10536,0.99997,0.12997,-1.00000
10538,0.99997,-0.17456,-1.00000
10539,0.99997,-0.19345,-1.00000
10540,0.99997,0.04706,-1.00000
10541,0.95151,0.33621,-1.00000
10542,0.88269,0.47833,-1.00000
10544,0.84805,0.45618,-1.00000
10545,0.79361,0.39825,-1.00000
10546,0.69437,0.39948,-1.00000
10547,0.57001,0.39841,-1.00000
10548,0.45020,0.24887,-0.98825
10550,0.33774,-0.09143,-0.76486
10551,0.21011,-0.46497,-0.44574
10552,0.05139,-0.62906,-0.21323
10553,-0.12378,-0.48126,-0.24442
10554,-0.27661,-0.17361,-0.54129
10555,-0.36920,0.00101,-0.89450
10557,-0.38583,-0.14926,-1.00000
10558,-0.34274,-0.56470,-0.89664
10559,-0.28619,-0.99997,-0.64795
10560,-0.27161,-1.00000,-0.60400
10561,-0.32382,-1.00000,-0.90912
10563,-0.40848,-1.00000,-1.00000
10564,-0.45770,-0.91333,-1.00000
10565,-0.44531,-0.83777,-1.00000
10566,-0.43402,-0.79575,-0.77042
10567,-0.51758,-0.73825,-0.26346
10569,-0.69415,-0.65979,-0.28369
10570,-0.81967,-0.58737,-0.88257
10571,-0.74149,-0.53348,-1.00000
10572,-0.51135,-0.47745,-1.00000
10573,-0.43286,-0.39426,-1.00000
10575,-0.81848,-0.29126,-1.00000
10576,-1.00000,-0.20816,-0.33380
10577,-1.00000,-0.17984,0.16623
10578,-1.00000,-0.20242,0.23157
10579,-1.00000,-0.23624,0.04459
10580,-0.68430,-0.24103,-0.11066
10582,0.33853,-0.20862,-0.06763
10583,0.71790,-0.16534,0.14017
10584,0.52524,-0.14630,0.35974
10585,0.22415,-0.16525,0.46393
10586,0.22293,-0.20450,0.44028
10588,0.53937,-0.23065,0.36923
10589,0.84879,-0.22382,0.33395
10590,0.82248,-0.19638,0.34692
10591,0.42630,-0.18484,0.35132
10592,-0.07449,-0.21732,0.28601
10594,-0.37268,-0.28101,0.15076
10595,-0.38190,-0.32059,0.01428
10596,-0.26913,-0.27634,-0.04001
10597,-0.24924,-0.13727,0.01700
10598,-0.35394,0.03683,0.13397
10600,-0.40225,0.14938,0.21631
10601,-0.19788,0.13608,0.19592
10602,0.24188,0.01419,0.07932
10603,0.65302,-0.13031,-0.06052
10604,0.72699,-0.20782,-0.13895
10605,0.36588,-0.18875,-0.11777
10607,-0.23346,-0.11414,-0.02359
10608,-0.72592,-0.05066,0.08157
10609,-0.85602,-0.03363,0.14920
10610,-0.59802,-0.04651,0.17279
10611,-0.12347,-0.04782,0.17871
10613,0.33713,-0.01367,0.19504
10614,0.62598,0.04306,0.22971
10615,0.71649,0.08865,0.27252
10616,0.69202,0.09894,0.31119
10617,0.66742,0.07578,0.34171
10619,0.69217,0.03973,0.36493
10620,0.69498,0.01108,0.37848
10621,0.52454,-0.00372,0.37531
10622,0.07446,-0.01141,0.35022
10623,-0.59918,-0.02307,0.30618
10625,-1.00000,-0.04532,0.25412
10626,-1.00000,-0.07776,0.20734
10627,-1.00000,-0.11526,0.17581
10628,-1.00000,-0.15259,0.16245
10629,-0.87405,-0.18677,0.16080
10630,-0.39554,-0.21646,0.15625
10632,-0.02515,-0.23981,0.13367
10633,0.23660,-0.25348,0.09052
10634,0.42529,-0.25458,0.04556
10635,0.56534,-0.24362,0.03116
10636,0.65900,-0.22464,0.06918
10638,0.69812,-0.20261,0.14767
10639,0.67395,-0.18112,0.22116
10640,0.57831,-0.16403,0.24106
10641,0.40836,-0.15784,0.19507
10642,0.18237,-0.16959,0.11908
10644,-0.04514,-0.19864,0.06677
10645,-0.19479,-0.23102,0.06107
10646,-0.21204,-0.24448,0.07523
10647,-0.12872,-0.22369,0.06680
10648,-0.07898,-0.17252,0.03244
10650,-0.22955,-0.11072,0.02200
10651,-0.65555,-0.05768,0.08484
10652,-1.00000,-0.01956,0.19434
10653,-1.00000,0.00751,0.23535
10654,-1.00000,0.02383,0.08923
10655,-1.00000,0.01968,-0.24655
10657,-1.00000,-0.01346,-0.61755
10658,-1.00000,-0.06528,-0.80548
10659,-1.00000,-0.10455,-0.68906
10660,-0.81006,-0.10168,-0.33853
10661,-0.33463,-0.05734,0.03809
10663,0.13647,-0.00858,0.24997
10664,0.43118,-0.00131,0.24960
10665,0.45706,-0.05109,0.13522
10666,0.31638,-0.12848,0.04648
10667,0.23807,-0.18475,0.05420
10669,0.36298,-0.19427,0.12933
10670,0.58078,-0.17377,0.19531
10671,0.59518,-0.16025,0.20099
10672,0.18811,-0.17065,0.15204
10673,-0.54623,-0.18567,0.09085
10675,-1.00000,-0.17368,0.05637
10676,-1.00000,-0.12915,0.05978
10677,-1.00000,-0.08252,0.08606
10678,-0.38785,-0.06985,0.10980
10679,0.21402,-0.09378,0.11093
10680,0.46902,-0.11841,0.08481
10682,0.40424,-0.10577,0.04565
10683,0.24686,-0.05563,0.02094
10684,0.21658,-0.00760,0.03537
10685,0.38477,-0.00241,0.09155
10686,0.68060,-0.04272,0.16199
10688,0.98486,-0.09265,0.20410
10689,0.99997,-0.11469,0.19067
10690,0.99997,-0.10510,0.13245
10691,0.99997,-0.09305,0.07083
10692,0.99997,-0.10767,0.04425
10694,0.99997,-0.14789,0.05557
10695,0.99997,-0.18417,0.07013
10696,0.99997,-0.18741,0.04742
10697,0.99997,-0.15457,-0.02258
10698,0.99997,-0.10818,-0.11050
10700,0.99997,-0.07413,-0.17294
10701,0.92120,-0.06097,-0.18652
10702,0.82169,-0.05878,-0.16000
10703,0.79630,-0.05386,-0.11783
10704,0.81332,-0.04214,-0.07590
10705,0.79813,-0.02954,-0.03354
10707,0.69901,-0.02258,0.01501
10708,0.53961,-0.02060,0.06812
10709,0.40948,-0.01642,0.11816
10710,0.39243,-0.00327,0.16153
10711,0.48676,0.01929,0.20016
10713,0.58804,0.04486,0.23032
10714,0.56229,0.06458,0.23578
10715,0.35968,0.07309,0.20236
10716,0.07104,0.07236,0.14285
10717,-0.13519,0.06958,0.09808
10719,-0.15259,0.06909,0.09906
10720,-0.02667,0.06564,0.12552
10721,0.09830,0.04709,0.11774
10722,0.13385,0.00797,0.04889
10723,0.14526,-0.03894,-0.01657
10725,0.27548,-0.06760,0.03168
10726,0.55316,-0.06064,0.20966
10727,0.78519,-0.02765,0.33670
10728,0.67892,0.00040,0.11322
10729,0.11472,-0.00226,-0.63638
10730,-0.68225,-0.03421,-1.00000
10732,-1.00000,-0.07135,-1.00000
10733,-1.00000,-0.09140,-1.00000
10734,-0.66055,-0.09128,-1.00000
10735,0.16763,-0.08167,-1.00000
10736,0.82300,-0.07031,-0.86365
10738,0.99997,-0.05725,-0.08914
10739,0.99997,-0.04504,0.33115
10740,0.87009,-0.04498,0.52518
10741,0.69955,-0.06439,0.66855
10742,0.55032,-0.08832,0.83984
10744,0.37613,-0.08304,0.99997
10745,0.16257,-0.02676,0.99997
10746,-0.04315,0.06113,0.99997
10747,-0.17264,0.12735,0.99997
10748,-0.19101,0.12680,0.99997
10750,-0.11685,0.06064,0.99997
10751,-0.00223,-0.02695,0.99997
10752,0.10153,-0.08905,0.99997
10753,0.16699,-0.11197,0.94464
10754,0.19388,-0.11435,0.83307
10755,0.19705,-0.11688,0.87067
10757,0.19040,-0.11850,0.99997
10758,0.17847,-0.10269,0.99997
10759,0.15961,-0.06149,0.99997
10760,0.13489,-0.00912,0.99997
10761,0.11160,0.02847,0.99997
10763,0.09769,0.03442,0.99997
10764,0.09473,0.01117,0.99997
10765,0.09735,-0.02502,0.61212
10766,0.09958,-0.05505,0.42709
10767,0.09988,-0.06375,0.62003
10769,0.09964,-0.04358,0.99997
10770,0.09894,0.00058,0.99997
10771,0.09692,0.04907,0.76453
10772,0.09671,0.07529,-0.34369
10773,0.10648,0.06271,-1.00000
10775,0.13107,0.01746,-1.00000
10776,0.16058,-0.03714,-1.00000
10777,0.17004,-0.07874,-1.00000
10778,0.13721,-0.09940,-1.00000
10779,0.06570,-0.10187,-0.79852
10780,-0.00839,-0.08813,0.40976
10782,-0.03876,-0.05658,0.99997
10783,-0.00485,-0.01257,0.99997
10784,0.06891,0.02463,0.99997
10785,0.13055,0.03336,0.99997
10786,0.14227,0.01227,0.99997
10788,0.10983,-0.01187,0.99997
10789,0.07321,-0.00650,0.99997
10790,0.06677,0.03171,0.99997
10791,0.08661,0.06534,0.99997
10792,0.09647,0.04572,0.60156
10794,0.06546,-0.04022,-1.00000
10795,0.00165,-0.15039,-1.00000
10796,-0.05167,-0.21747,0.64023
10797,-0.05313,-0.20422,0.99997
10798,0.00049,-0.13547,0.99997
10800,0.07166,-0.07797,0.99997
10801,0.11304,-0.08679,0.99997
10802,0.10345,-0.16364,0.99997
10803,0.05853,-0.25995,-1.00000
10804,0.01190,-0.31650,-1.00000
10805,-0.01193,-0.30411,-1.00000
10807,-0.00946,-0.23560,-1.00000
10808,0.00937,-0.14728,-1.00000
10809,0.03500,-0.07135,-1.00000
10810,0.06250,-0.01990,-1.00000
10811,0.08502,0.01328,-1.00000
10813,0.08783,0.04065,-1.00000
10814,0.05386,0.06970,-1.00000
10815,-0.02216,0.09866,-1.00000
10816,-0.12329,0.12134,-1.00000
10817,-0.21561,0.13657,-1.00000
10819,-0.26645,0.15518,-0.86450
10820,-0.26276,0.19452,-0.24759
10821,-0.21628,0.26245,0.77585
10822,-0.15289,0.34399,0.99997
10823,-0.09586,0.40720,0.99997
10825,-0.05569,0.42807,0.99997
10826,-0.03226,0.41061,0.99997
10827,-0.02319,0.37808,0.99997
10828,-0.02933,0.33948,0.59134
10829,-0.05167,0.26923,0.13214
10830,-0.08487,0.13223,-0.12747
10832,-0.11597,-0.05945,-0.49368
10833,-0.13300,-0.21841,-0.98547
10834,-0.13605,-0.22891,-1.00000
10835,-0.13953,-0.04434,-0.66266
10836,-0.16058,0.25174,0.77463
10838,-0.20282,0.48965,0.99997
10839,-0.25015,0.53824,0.99997
10840,-0.27670,0.40524,0.99997
10841,-0.26523,0.22388,0.99997
10842,-0.21786,0.13937,0.99997
10844,-0.15176,0.19952,0.31311
10845,-0.08603,0.34305,-1.00000
10846,-0.03232,0.48138,-1.00000
10847,0.00586,0.58255,-1.00000
10848,0.02823,0.67572,-1.00000
10850,0.03427,0.78488,-1.00000
10851,0.02405,0.87372,-1.00000
10852,0.00073,0.86789,-1.00000
10853,-0.02774,0.73358,-1.00000
10854,-0.04895,0.52838,-1.00000
10855,-0.04889,0.36435,-1.00000
10857,-0.01859,0.31250,-1.00000
10858,0.03732,0.34009,-1.00000
10859,0.09781,0.34406,-1.00000
10860,0.13342,0.25208,-1.00000
10861,0.12360,0.09415,-1.00000
10863,0.07022,-0.02557,-1.00000
10864,-0.00394,-0.02850,0.51285
10865,-0.07193,0.06686,0.99997
10866,-0.11963,0.17325,0.99997
10867,-0.14844,0.22980,0.99997
10869,-0.16321,0.25671,0.99997
10870,-0.15991,0.30548,0.99997
10871,-0.12787,0.36188,0.99997
10872,-0.06473,0.32617,0.99997
10873,0.01154,0.12036,0.99997
10875,0.06940,-0.17969,0.99997
10876,0.08487,-0.34720,0.99997
10877,0.05869,-0.18069,0.99997
10878,0.01447,0.29926,0.99997
10879,-0.01947,0.83423,0.99997
10880,-0.02716,0.99997,0.99997
10882,-0.00943,0.99997,0.99997
10883,0.02234,0.76028,0.99997
10884,0.05447,0.41980,0.99997
10885,0.07635,0.15265,-0.92981
10886,0.08560,-0.02399,-1.00000
10888,0.09134,-0.08948,-1.00000
10889,0.10980,0.02072,-1.00000
10890,0.15109,0.33920,0.17642
10891,0.20953,0.80530,0.99997
10892,0.26898,0.99997,0.99997
10894,0.31879,0.99997,0.99997
10895,0.35907,0.99997,0.99997
10896,0.38593,0.99997,0.99997
10897,0.37595,0.99997,0.99997
10898,0.30017,0.99997,0.99997
10900,0.16537,0.99997,0.99997
10901,0.03885,0.69934,0.97794
10902,0.01498,-1.00000,-1.00000
10903,0.13800,-1.00000,-1.00000
10904,0.34958,-1.00000,-1.00000
10905,0.51846,-1.00000,-1.00000
10907,0.53439,-1.00000,-0.71753
10908,0.38602,-1.00000,-0.81381
10909,0.15866,-1.00000,-1.00000
10910,-0.03772,-1.00000,-1.00000
10911,-0.14151,-0.93082,-1.00000
10913,-0.15854,-0.55200,-1.00000
10914,-0.12994,-0.65057,-1.00000
10915,-0.09286,-0.98624,-1.00000
10916,-0.06509,-1.00000,-1.00000
10917,-0.05151,-0.86572,-0.94119
10919,-0.05298,-0.35559,-0.66376
10920,-0.06870,-0.00861,-0.39764
10921,-0.09607,-0.09964,-0.14914
10922,-0.13162,-0.54190,0.11478
10923,-0.17062,-0.98291,0.37689
10925,-0.20471,-1.00000,0.55167
10926,-0.22336,-1.00000,0.57669
10927,-0.22208,-0.91306,0.50201
10928,-0.20929,-1.00000,0.45651
10929,-0.19983,-1.00000,0.51654
10930,-0.19806,-1.00000,0.62503
10932,-0.18951,-0.86948,0.66220
10933,-0.15640,-0.22803,0.59583
10934,-0.10492,-0.25146,0.53909
10935,-0.07358,-1.00000,0.63785
10936,-0.10590,-1.00000,0.89813
10938,-0.20761,-1.00000,0.99997
10939,-0.33066,-1.00000,0.99997
10940,-0.40497,-1.00000,0.79623
10941,-0.39380,-1.00000,0.22763
10942,-0.32315,0.64420,-0.39264
10944,-0.25735,0.99997,-0.95621
10945,-0.24371,0.99997,-1.00000
10946,-0.27533,0.99615,-1.00000
10947,-0.30435,0.62082,-1.00000
10948,-0.28864,0.49106,-1.00000
10950,-0.22751,0.32104,-0.87830
10951,-0.15649,-0.02710,0.03979
10952,-0.11237,-0.29352,0.86826
10953,-0.10480,-0.04089,0.99997
10954,-0.11908,0.89142,0.99997
10955,-0.13971,0.99997,0.99997
10957,-0.16632,0.99997,0.99997
10958,-0.20633,0.99997,0.99997
10959,-0.25607,0.99997,0.99997
10960,-0.29486,-0.45676,0.99997
10961,-0.30051,-1.00000,0.34543
10963,-0.27048,-1.00000,-0.25201
10964,-0.22580,-1.00000,-0.57791
10965,-0.19327,-0.21536,-0.57355
10966,-0.18253,0.22897,-0.33536
10967,-0.18048,0.11118,-0.04758
10969,-0.16681,-0.16547,0.12222
10970,-0.13470,-0.11926,0.10202
10971,-0.09708,0.37985,-0.06894
10972,-0.07397,0.99997,-0.28333
10973,-0.07458,0.99997,-0.43231
10975,-0.09009,0.99997,-0.45593
10976,-0.10211,0.99997,-0.35706
10977,-0.09711,0.58484,-0.18356
10978,-0.07388,0.27600,0.00226
10979,-0.04022,-0.00110,0.15030
10980,-0.00497,-0.42596,0.23605
10982,0.02560,-1.00000,0.26196
10983,0.04633,-1.00000,0.24924
10984,0.05121,-1.00000,0.22449
10985,0.03671,-0.83487,0.20474
10986,0.00729,0.41391,0.18747
10988,-0.02298,0.99997,0.15338
10989,-0.03656,0.99997,0.08435
10990,-0.02307,0.99997,-0.01508
10991,0.01340,0.99997,-0.11188
10992,0.05447,0.99997,-0.16605
10994,0.07520,0.99997,-0.16614
10995,0.05655,0.75464,-0.14841
10996,-0.00208,0.44092,-0.17816
10997,-0.07797,0.28754,-0.30228
10998,-0.13544,0.38940,-0.50787
11000,-0.14911,0.63535,-0.71732
11001,-0.12466,0.59579,-0.82574
11002,-0.09631,-0.22217,-0.75998
11003,-0.09805,-1.00000,-0.52670
11004,-0.13138,-1.00000,-0.22269
11005,-0.16089,-1.00000,0.00671
11007,-0.14572,-1.00000,0.04620
11008,-0.07880,-1.00000,-0.11789
11009,0.00449,0.99997,-0.38559
11010,0.05734,0.99997,-0.60883
11011,0.06299,0.99997,-0.69022
11013,0.04639,0.99997,-0.63782
11014,0.04684,0.99997,-0.53467
11015,0.08044,0.99997,-0.45856
11016,0.12817,0.99997,-0.43088
11017,0.15799,0.99997,-0.43597
11019,0.15451,0.99997,-0.47495
11020,0.12872,0.99997,-0.58197
11021,0.10208,0.54388,-0.78003
11022,0.08566,-0.09363,-1.00000
11023,0.07452,-0.68741,-1.00000
11025,0.05865,-1.00000,-1.00000
11026,0.03552,-1.00000,-1.00000
11027,0.01187,-1.00000,-0.82855
11028,-0.00409,-0.50336,-0.56876
11029,-0.00925,0.02789,-0.36325
11030,-0.00476,0.36172,-0.20428
11032,0.00867,0.49124,-0.05658
11033,0.03162,0.55029,0.09360
11034,0.06094,0.66275,0.22656
11035,0.08640,0.85025,0.31790
11036,0.09436,0.99997,0.37073
11038,0.07819,0.99997,0.41565
11039,0.04416,0.99997,0.47781
11040,0.00702,0.99997,0.54468
11041,-0.02243,0.76642,0.56949
11042,-0.04517,0.45950,0.51242
11044,-0.07013,0.26962,0.38388
11045,-0.10208,0.29678,0.24570
11046,-0.13354,0.51025,0.16248
11047,-0.14847,0.75351,0.14532
11048,-0.13434,0.85068,0.14575
11050,-0.09152,0.73221,0.11212
11051,-0.03278,0.47903,0.05582
11052,0.02542,0.25555,0.05472
11053,0.07126,0.18961,0.17963
11054,0.10086,0.29013,0.41299
11055,0.11636,0.45297,0.64526
11057,0.12354,0.53870,0.76147
11058,0.12991,0.46371,0.73615
11059,0.14163,0.24619,0.64096
11060,0.15921,-0.01532,0.55771
11061,0.17471,-0.20880,0.48816
11063,0.17645,-0.27164,0.35638
11064,0.15964,-0.21002,0.10349
11065,0.13495,-0.07300,-0.22409
11066,0.12360,0.08597,-0.48877
11067,0.13950,0.22742,-0.57208
11069,0.17322,0.32092,-0.47870
11070,0.19504,0.34070,-0.33569
11071,0.17902,0.27737,-0.28723
11072,0.12662,0.15479,-0.37823
11073,0.06644,0.02573,-0.52649
11075,0.02823,-0.05750,-0.59851
11076,0.01657,-0.07422,-0.51843
11077,0.01266,-0.04022,-0.32098
11078,0.00214,0.01379,-0.11530
11079,-0.00250,0.06537,0.00174
11080,0.02637,0.10461,0.01291
11082,0.09479,0.12512,-0.01535
11083,0.16565,0.12030,0.01120
11084,0.18137,0.09058,0.14359
11085,0.11462,0.04858,0.35165
11086,-0.00235,0.01105,0.54459
11088,-0.10043,-0.01474,0.63284
11089,-0.12988,-0.03284,0.58664
11090,-0.09784,-0.04572,0.44867
11091,-0.05524,-0.04324,0.29617
11092,-0.04922,-0.00983,0.18848
11094,-0.08734,0.05615,0.14178
11095,-0.14166,0.13315,0.14215
11096,-0.18042,0.19043,0.17004
11097,-0.19254,0.21252,0.20706
11098,-0.18631,0.21036,0.22739
11100,-0.17258,0.20792,0.19983
11101,-0.15439,0.21844,0.11380
11102,-0.13052,0.23233,0.00571
11103,-0.10217,0.22690,-0.05014
11104,-0.07196,0.18854,0.01010
11105,-0.03909,0.12720,0.19049
11107,-0.00049,0.07257,0.42819
11108,0.04053,0.05414,0.63379
11109,0.07025,0.08096,0.74194
11110,0.07446,0.13538,0.73401
11111,0.05469,0.18542,0.62793
11113,0.03271,0.20581,0.45880
11114,0.03500,0.19205,0.26877
11115,0.06940,0.15875,0.10223
11116,0.11652,0.12662,-0.00494
11117,0.14429,0.10995,-0.04089
11119,0.13171,0.11221,-0.02228
11120,0.08148,0.12793,0.02045
11121,0.01297,0.14658,0.06442
11122,-0.05444,0.15625,0.10339
11123,-0.11130,0.14914,0.13882
11125,-0.15558,0.12683,0.16721
11126,-0.18503,0.10077,0.17975
11127,-0.19556,0.08484,0.17355
11128,-0.18704,0.08539,0.15924
11129,-0.16916,0.09732,0.15378
11130,-0.15775,0.10895,0.16287
11132,-0.16232,0.11038,0.17065
11133,-0.17587,0.09814,0.14847
11134,-0.17831,0.07495,0.07883
11135,-0.15216,0.04819,-0.02386
11136,-0.09714,0.02911,-0.11523
11138,-0.02994,0.02902,-0.14835
11139,0.02921,0.05084,-0.10950
11140,0.06882,0.08237,-0.03342
11141,0.08633,0.10031,0.01859
11142,0.08057,0.08688,0.00519
11144,0.04962,0.04590,-0.06110
11145,-0.00055,0.00330,-0.12296
11146,-0.04874,-0.01160,-0.12668
11147,-0.06558,0.01102,-0.06799
11148,-0.03284,0.05377,0.00491
11150,0.04236,0.08594,0.03445
11151,0.13315,0.08701,0.00253
11152,0.21149,0.06046,-0.06064
11153,0.26114,0.02774,-0.11331
11154,0.27527,0.00867,-0.14630
11155,0.24738,0.00546,-0.18729
11157,0.17236,0.00269,-0.26071
11158,0.05905,-0.01764,-0.34381
11159,-0.06104,-0.05835,-0.36838
11160,-0.14398,-0.10202,-0.27429
11161,-0.16064,-0.12323,-0.06931
11163,-0.11844,-0.10910,0.16086
11164,-0.05811,-0.07086,0.30615
11165,-0.02478,-0.03564,0.30759
11166,-0.03568,-0.02502,0.19330
11167,-0.06934,-0.03726,0.04926
11169,-0.08524,-0.04959,-0.04575
11170,-0.05826,-0.03903,-0.06708
11171,0.00021,-0.00406,-0.04172
11172,0.05167,0.03247,-0.00989
11173,0.06293,0.04236,0.00885
11175,0.03424,0.01736,0.01950
11176,-0.00165,-0.02249,0.03217
11177,-0.00842,-0.04547,0.04517
11178,0.02191,-0.03531,0.04761
11179,0.06250,-0.00400,0.03345
11180,0.07587,0.02142,0.00897
11182,0.04684,0.02527,-0.01465
11183,-0.00531,0.01682,-0.03268
11184,-0.04529,0.01752,-0.04819
11185,-0.05267,0.03595,-0.06058
11186,-0.03751,0.05719,-0.05701
11188,-0.02771,0.05902,-0.02057
11189,-0.04181,0.03867,0.04761
11190,-0.07248,0.02008,0.11423
11191,-0.09460,0.03156,0.12744
11192,-0.08838,0.07425,0.05566
11194,-0.05508,0.11526,-0.07846
11195,-0.01340,0.11664,-0.20370
11196,0.01758,0.07352,-0.25137
11197,0.03043,0.02441,-0.21567
11198,0.02808,0.01959,-0.16895
11200,0.01532,0.07617,-0.20602
11201,-0.00476,0.16153,-0.35526
11202,-0.02658,0.22165,-0.53241
11203,-0.03854,0.22778,-0.58853
11204,-0.02899,0.19876,-0.42334
11205,0.00226,0.18021,-0.07263
11207,0.03922,0.20267,0.30566
11208,0.05975,0.25827,0.53854
11209,0.05267,0.31476,0.55103
11210,0.02686,0.34894,0.39862
11211,0.00391,0.36554,0.20630
11213,0.00113,0.38608,0.07632
11214,0.01971,0.42303,0.03775
11215,0.04742,0.46774,0.05975
11216,0.06995,0.50171,0.09604
11217,0.08008,0.51620,0.11658
11219,0.07715,0.51697,0.11249
11220,0.06165,0.51111,0.09036
11221,0.03369,0.49606,0.07278
11222,-0.00189,0.46759,0.10202
11223,-0.03055,0.44031,0.22946
11225,-0.03305,0.45209,0.48203
11226,-0.00150,0.53683,0.82501
11227,0.04724,0.68555,0.99997
11228,0.07654,0.83939,0.99997
11229,0.05789,0.93332,0.99997
11230,0.00150,0.95724,0.99997
11232,-0.04160,0.97229,0.84830
11233,-0.01889,0.99997,0.56070
11234,0.06970,0.99997,0.30945
11235,0.15729,0.99997,0.08771
11236,0.16473,0.99997,-0.09003
11238,0.08621,0.99997,-0.16278
11239,0.01703,0.86627,-0.08286
11240,0.06873,0.57175,0.09622
11241,0.22699,0.42651,0.21744
11242,0.29294,0.44873,0.14700
11244,0.00232,0.55243,-0.07129
11245,-0.74539,0.61673,-0.19968
11246,-1.00000,0.55685,0.01550
11247,-1.00000,0.35666,0.61118
11248,-1.00000,0.06863,0.99997
11250,-1.00000,-0.19992,0.99997
11251,-1.00000,-0.32007,0.99997
11252,-1.00000,-0.20706,0.99997
11253,-0.66452,0.10632,0.99997
11254,-0.12448,0.45578,0.99997
11255,0.35840,0.63507,0.99997
11257,0.77393,0.54190,0.99997
11258,0.99997,0.25916,0.99997
11259,0.99997,-0.01297,0.99997
11260,0.99997,-0.12802,0.99997
11261,0.99997,-0.11963,0.99997
11263,0.99997,-0.16837,0.99997
11264,0.76895,-0.43918,0.99997
11265,0.30792,-0.93680,0.77090
11266,-0.09335,-1.00000,-0.11328
11267,-0.30414,-1.00000,-0.68472
11269,-0.34406,-1.00000,-0.16812
11270,-0.34750,-1.00000,0.99997
11271,-0.40353,-1.00000,0.99997
11272,-0.45316,-1.00000,0.99997
11273,-0.37888,-1.00000,0.99997
11275,-0.20386,-1.00000,0.99997
11276,-0.16815,-1.00000,0.99997
11277,-0.54965,-1.00000,0.99997
11278,-1.00000,-1.00000,0.99997
11279,-1.00000,-1.00000,0.99997
11280,-1.00000,-0.93750,0.99997
11282,-1.00000,-0.83267,0.99997
11283,-1.00000,-0.74704,-0.41086
11284,-0.46463,-0.66449,-1.00000
11285,0.20148,-0.52344,-1.00000
11286,0.38126,-0.27213,-1.00000
11288,0.26831,0.06610,-1.00000
11289,0.14270,0.38651,-1.00000
11290,0.13113,0.56964,-1.00000
11291,0.16382,0.56595,-1.00000
11292,0.11441,0.42596,-1.00000
11294,-0.04752,0.25568,-1.00000
11295,-0.23346,0.14032,-1.00000
11296,-0.33328,0.09900,-1.00000
11297,-0.31253,0.09613,-1.00000
11298,-0.21640,0.08609,-1.00000
11300,-0.10172,0.05023,-1.00000
11301,0.01212,0.00290,-1.00000
11302,0.12552,-0.02747,-1.00000
11303,0.21652,-0.02185,-1.00000
11304,0.24280,0.01761,-1.00000
11305,0.18845,0.07236,-1.00000
11307,0.08392,0.12183,-1.00000
11308,-0.04437,0.15625,-1.00000
11309,-0.23517,0.17902,-1.00000
11310,-0.56024,0.19946,-1.00000
11311,-0.99576,0.22458,-1.00000
11313,-1.00000,0.25671,-1.00000
11314,-1.00000,0.29419,-1.00000
11315,-0.93042,0.32922,-1.00000
11316,-0.41470,0.34387,-1.00000
11317,-0.28247,0.31500,-1.00000
11319,-0.80688,0.23386,-1.00000
11320,-1.00000,0.12695,-0.65866
11321,-1.00000,0.05325,-0.54379
11322,-1.00000,0.06885,-0.57352
11323,-1.00000,0.18161,-0.44867
11325,-0.36664,0.33508,-0.00690
11326,0.65469,0.43930,0.58475
11327,0.99997,0.42621,0.94418
11328,0.99997,0.28592,0.80200
11329,0.95880,0.06042,0.23825
11330,0.83051,-0.19193,-0.38785
11332,0.79364,-0.42752,-0.73712
11333,0.77094,-0.62512,-0.73703
11334,0.69461,-0.77710,-0.57141
11335,0.56268,-0.88260,-0.46576
11336,0.40607,-0.94769,-0.49292
11338,0.24509,-0.98425,-0.56067
11339,0.09393,-1.00000,-0.54547
11340,-0.00873,-0.99460,-0.41663
11341,-0.00458,-0.95471,-0.24658
11342,0.12558,-0.88116,-0.13321
11344,0.30533,-0.79523,-0.12482
11345,0.38254,-0.72757,-0.19946
11346,0.23615,-0.68945,-0.28793
11347,-0.11261,-0.65652,-0.30957
11348,-0.48862,-0.58694,-0.21097
11350,-0.67685,-0.46191,-0.00040
11351,-0.57361,-0.31094,0.24493
11352,-0.24884,-0.19406,0.42020
11353,0.12677,-0.15366,0.46393
11354,0.41315,-0.17963,0.40057
11355,0.57254,-0.21942,0.31464
11357,0.63879,-0.22363,0.27875
11358,0.64816,-0.18445,0.30344
11359,0.61493,-0.13458,0.34912
11360,0.55817,-0.11276,0.37762
11361,0.51480,-0.13071,0.38528
11363,0.50153,-0.16910,0.39066
11364,0.47668,-0.19910,0.40237
11365,0.37628,-0.20499,0.40720
11366,0.20956,-0.19006,0.38757
11367,0.09491,-0.16696,0.34286
11369,0.15051,-0.14673,0.29099
11370,0.31738,-0.13342,0.25378
11371,0.31415,-0.12262,0.24435
11372,-0.16623,-0.10153,0.26364
11373,-1.00000,-0.05524,0.29929
11375,-1.00000,0.01877,0.32483
11376,-1.00000,0.09711,0.30951
11377,-1.00000,0.13708,0.24246
11378,-1.00000,0.10757,0.15289
11379,-0.90045,0.02237,0.09821
11380,-0.21994,-0.05841,0.11963
11382,-0.00378,-0.07092,0.20300
11383,-0.01898,-0.00311,0.28510
11384,0.04834,0.08795,0.30441
11385,0.28662,0.11920,0.24832
11386,0.51413,0.05237,0.15384
11388,0.51349,-0.07156,0.06619
11389,0.29428,-0.16803,0.00153
11390,0.10480,-0.18439,-0.05011
11391,0.16205,-0.14627,-0.09454
11392,0.36456,-0.13086,-0.11539
11394,0.30292,-0.19202,-0.09033
11395,-0.38693,-0.30725,-0.02069
11396,-1.00000,-0.39569,0.06024
11397,-1.00000,-0.38974,0.11072
11398,-1.00000,-0.29337,0.11224
11400,-1.00000,-0.17450,0.08069
11401,-1.00000,-0.10220,0.05084
11402,-1.00000,-0.08932,0.05109
11403,-0.95410,-0.09225,0.08716
11404,-0.22202,-0.06290,0.14093
11405,0.66260,0.00031,0.18036
11407,0.99997,0.04947,0.17566
11408,0.99997,0.03223,0.11682
11409,0.41013,-0.06039,0.02353
11410,-1.00000,-0.18475,-0.06250
11411,-1.00000,-0.27707,-0.10229
11413,-1.00000,-0.29510,-0.08542
11414,-1.00000,-0.23615,-0.03665
11415,-0.87183,-0.12393,0.00342
11416,0.99997,0.01608,0.00934
11417,0.99997,0.17139,-0.01099
11419,0.99997,0.33972,-0.02484
11420,0.99997,0.51566,-0.00238
11421,0.99997,0.67957,0.05850
11422,0.99997,0.79761,0.12988
11423,0.99997,0.83493,0.17477
11425,0.99997,0.77576,0.17352
11426,0.99997,0.63818,0.13385
11427,0.99997,0.47089,0.07730
11428,0.99997,0.32944,0.01685
11429,0.99997,0.24481,-0.05151
11430,0.99997,0.20535,-0.13403
11432,0.99997,0.16589,-0.21771
11433,0.99997,0.07999,-0.26776
11434,0.50397,-0.06558,-0.25290
11435,-0.85172,-0.23810,-0.17554
11436,-1.00000,-0.37720,-0.07538
11438,-1.00000,-0.43210,0.00021
11439,-1.00000,-0.39307,0.03082
11440,-0.40012,-0.29575,0.02774
11441,0.97546,-0.19617,0.00800
11442,0.99997,-0.13434,-0.02914
11444,0.99997,-0.11154,-0.09357
11445,0.99997,-0.09555,-0.17743
11446,0.99997,-0.04816,-0.25000
11447,0.57700,0.04480,-0.28763
11448,-0.50507,0.16098,-0.30188
11450,-1.00000,0.25494,-0.32010
11451,-0.82587,0.28787,-0.32962
11452,0.03778,0.25342,-0.25604
11453,0.99997,0.18121,-0.02512
11454,0.99997,0.11493,0.33627
11455,0.99997,0.08182,0.66913
11457,0.99997,0.07785,0.78003
11458,0.99997,0.07990,0.59598
11459,0.99997,0.07205,0.23386
11460,0.99997,0.06140,-0.08618
11461,0.99997,0.06802,-0.20721
11463,0.99997,0.10172,-0.13364
11464,0.99997,0.14877,0.01242
11465,0.96960,0.18225,0.11371
11466,0.89111,0.18402,0.13855
11467,0.82959,0.15756,0.12460
11469,0.78610,0.12122,0.11188
11470,0.75009,0.09235,0.10471
11471,0.70859,0.07703,0.08759
11472,0.65341,0.07202,0.05777
11473,0.58615,0.07178,0.03281
11475,0.51743,0.07263,0.03137
11476,0.45975,0.07236,0.05524
11477,0.41895,0.06879,0.08975
11478,0.39325,0.06012,0.11603
11479,0.38095,0.04648,0.12091
11480,0.38754,0.03189,0.10168
11482,0.42209,0.02423,0.06818
11483,0.48386,0.03217,0.03949
11484,0.55267,0.05856,0.03207
11485,0.59589,0.09470,0.04694
11486,0.58951,0.12189,0.07092
11488,0.53632,0.12241,0.09219
11489,0.46320,0.09152,0.11069
11490,0.39734,0.04034,0.12808
11491,0.34171,-0.01300,0.13101
11492,0.27371,-0.05466,0.09851
11494,0.17014,-0.07819,0.03732
11495,0.03729,-0.08044,0.00186
11496,-0.08340,-0.05960,0.05408
11497,-0.14136,-0.02042,0.18256
11498,-0.11365,0.02066,0.26553
11500,-0.02121,0.04178,0.14606
11501,0.08740,0.03235,-0.22293
11502,0.16714,0.00375,-0.69641
11503,0.19577,-0.01810,-1.00000
11504,0.17230,-0.01483,-1.00000
11505,0.10727,0.00864,-0.70496
11507,0.01993,0.02914,-0.31512
11508,-0.05859,0.02548,-0.02771
11509,-0.09225,-0.00583,0.12207
11510,-0.06274,-0.05225,0.22165
11511,0.00937,-0.09830,0.33484
11513,0.07028,-0.13364,0.41721
11514,0.06979,-0.15045,0.39236
11515,0.00238,-0.13959,0.29153
11516,-0.08481,-0.09644,0.26907
11517,-0.12744,-0.03171,0.43420
11519,-0.09534,0.02869,0.66138
11520,-0.01654,0.06113,0.60837
11521,0.04538,0.06329,-0.01562
11522,0.04089,0.05212,-1.00000
11523,-0.02902,0.04211,-1.00000
11525,-0.11615,0.03003,-1.00000
11526,-0.16071,0.00922,-1.00000
11527,-0.13104,-0.00110,-1.00000
11528,-0.04150,0.04767,-1.00000
11529,0.05951,0.19177,-1.00000
11530,0.12039,0.40247,-1.00000
11532,0.11697,0.58154,-0.99142
11533,0.06549,0.62485,-0.34457
11534,0.00952,0.50372,0.24249
11535,-0.01263,0.28934,0.55237
11536,0.00333,0.09668,0.61575
11538,0.02655,0.00003,0.71353
11539,0.02194,-0.00562,0.99997
11540,-0.01169,0.02661,0.99997
11541,-0.03241,0.05258,0.99997
11542,0.01147,0.06357,0.99997
11544,0.13220,0.07013,-0.28589
11545,0.28180,0.07748,-1.00000
11546,0.38214,0.08423,-1.00000
11547,0.38156,0.09726,-1.00000
11548,0.29031,0.13214,-1.00000
11550,0.16623,0.19009,-1.00000
11551,0.06723,0.23871,-1.00000
11552,0.01315,0.22733,-1.00000
11553,-0.01514,0.13190,-1.00000
11554,-0.04736,-0.01440,-1.00000
11555,-0.09753,-0.14005,-1.00000
11557,-0.15967,-0.19153,-1.00000
11558,-0.22150,-0.17627,-1.00000
11559,-0.27573,-0.14944,-0.97446
11560,-0.31863,-0.15561,-0.51645
11561,-0.34210,-0.17896,-0.22882
11563,-0.33246,-0.15085,-0.18240
11564,-0.28073,-0.01266,-0.29330
11565,-0.19348,0.21991,-0.38580
11566,-0.09283,0.45074,-0.37732
11567,-0.00314,0.57077,-0.37527
11569,0.06348,0.54907,-0.53949
11570,0.10953,0.46979,-0.82739
11571,0.14102,0.47263,-0.91635
11572,0.15424,0.63702,-0.45987
11573,0.13660,0.90848,0.52057
11575,0.08295,0.99997,0.99997
11576,0.01315,0.99997,0.99997
11577,-0.02902,0.99997,0.99997
11578,-0.00079,0.94046,0.21039
11579,0.10669,0.76065,-0.55194
11580,0.25394,0.54651,-0.46112
11582,0.37134,0.25830,0.39133
11583,0.39908,-0.02573,0.99997
11584,0.32205,-0.08493,0.99997
11585,0.17593,0.28363,0.99997
11586,0.02347,0.99997,0.99997
11588,-0.08078,0.99997,0.99997
11589,-0.11456,0.99997,0.31348
11590,-0.08926,0.99997,-0.55200
11591,-0.03433,0.99997,-1.00000
11592,0.02243,0.99997,-1.00000
11594,0.06638,0.99997,-1.00000
11595,0.09653,0.99997,-1.00000
11596,0.11911,0.99997,-0.84772
11597,0.13956,0.51578,-0.31259
11598,0.15732,-0.32599,-0.09454
11600,0.16501,-0.69446,0.04019
11601,0.15271,-0.59042,0.39413
11602,0.11633,-0.40289,0.96408
11603,0.06482,-0.57385,0.99997
11604,0.01926,-1.00000,0.99997
11605,0.00034,-1.00000,0.32159
11607,0.01212,-1.00000,-0.69894
11608,0.03577,-1.00000,-1.00000
11609,0.04239,-0.12656,-1.00000
11610,0.01697,0.68750,-0.99414
11611,-0.02576,0.75937,-1.00000
11613,-0.04730,0.26270,-1.00000
11614,-0.00946,-0.10397,-1.00000
11615,0.10092,0.32285,-1.00000
11616,0.26175,0.99997,-1.00000
11617,0.42505,0.99997,-1.00000
11619,0.54117,0.99997,-1.00000
11620,0.58728,0.99997,-1.00000
11621,0.58401,0.99997,-1.00000
11622,0.58356,0.99997,-1.00000
11623,0.62863,0.99997,-1.00000
11625,0.70950,0.99997,-1.00000
11626,0.75934,0.99997,-1.00000
11627,0.70233,0.99997,-1.00000
11628,0.51859,0.99997,-1.00000
11629,0.26746,-0.00568,-1.00000
11630,0.04507,-1.00000,-1.00000
11632,-0.08603,-1.00000,-0.54230
11633,-0.13168,-1.00000,0.38889
11634,-0.13998,-1.00000,0.99997
11635,-0.15030,-1.00000,0.99997
11636,-0.16907,-1.00000,0.46585
11638,-0.18469,-1.00000,-1.00000
11639,-0.19073,-1.00000,-1.00000
11640,-0.18692,0.71097,-1.00000
11641,-0.16574,0.99997,-1.00000
11642,-0.11298,0.99997,-1.00000
11644,-0.02982,0.99997,-1.00000
11645,0.05087,0.99997,-1.00000
11646,0.08029,0.99997,-1.00000
11647,0.03320,0.99997,0.99997
11648,-0.06775,0.99997,0.99997
11650,-0.16843,0.99997,0.99997
11651,-0.22623,0.99997,0.99997
11652,-0.24008,0.99997,0.99997
11653,-0.24277,0.99997,0.99997
11654,-0.26697,0.99997,0.99997
11655,-0.31607,0.99997,0.99997
11657,-0.36282,0.99997,0.99997
11658,-0.37286,0.99997,0.99997
11659,-0.33209,0.99997,0.99997
11660,-0.25787,0.99997,0.99997
11661,-0.18735,0.99997,0.99997
11663,-0.15268,0.99997,0.25586
11664,-0.16187,0.99997,-0.59964
11665,-0.19742,0.99997,-1.00000
11666,-0.23267,0.99997,-1.00000
11667,-0.25131,0.99997,-1.00000
11669,-0.25491,0.99997,-1.00000
11670,-0.25418,0.99997,-0.45013
11671,-0.25369,0.99997,0.65994
11672,-0.24490,0.99997,0.95700
11673,-0.21368,0.99997,0.41721
11675,-0.15573,0.99997,-0.40021
11676,-0.08618,0.99997,-0.94470
11677,-0.03458,0.99997,-1.00000
11678,-0.02832,0.99997,-1.00000
11679,-0.07544,0.99997,-1.00000
11680,-0.15756,0.99997,-1.00000
11682,-0.23734,0.99997,-1.00000
11683,-0.27664,0.78336,-1.00000
11684,-0.25702,0.56183,-1.00000
11685,-0.19186,0.83563,-1.00000
11686,-0.12119,0.99997,-1.00000
11688,-0.08743,0.99997,-1.00000
11689,-0.10556,0.80502,-1.00000
11690,-0.14853,-0.83597,-1.00000
11691,-0.16373,-1.00000,-1.00000
11692,-0.11157,-1.00000,-0.69397
11694,0.00293,-1.00000,-1.00000
11695,0.13284,0.99997,-1.00000
11696,0.22470,0.99997,-1.00000
11697,0.25705,0.99997,-1.00000
11698,0.24927,0.99997,-1.00000
11700,0.23538,0.99997,-1.00000
11701,0.22955,0.99997,-0.35135
11702,0.21576,0.99997,0.56494
11703,0.17166,0.99997,0.99997
11704,0.10291,0.99997,0.99997
11705,0.05386,0.99997,0.99997
11707,0.07910,0.99997,0.99997
11708,0.19589,0.99997,0.99997
11709,0.35785,0.99997,0.99997
11710,0.47742,0.99997,0.99997
11711,0.48572,0.72852,0.99997
11713,0.38266,0.76022,0.99997
11714,0.23608,0.99997,0.99997
11715,0.12845,0.99997,0.99997
11716,0.09686,0.99997,0.89807
11717,0.11667,0.99997,0.49149
11719,0.13849,0.99997,0.11539
11720,0.13956,0.99997,-0.17056
11721,0.13904,0.99997,-0.28635
11722,0.16763,0.99997,-0.16440
11723,0.22592,0.99997,0.15012
11725,0.27628,0.99997,0.43829
11726,0.27563,0.66779,0.40564
11727,0.21649,0.14188,-0.07239
11728,0.13651,0.06940,-0.74792
11729,0.08795,0.32770,-1.00000
11730,0.09457,0.56790,-0.58905
11732,0.13202,0.51590,0.65115
11733,0.14642,0.17093,0.99997
11734,0.09592,-0.26205,0.99997
11735,-0.01587,-0.58557,0.99997
11736,-0.13843,-0.72562,0.57159
11738,-0.20688,-0.67236,-0.78500
11739,-0.18628,-0.40488,-1.00000
11740,-0.09689,0.03314,-1.00000
11741,-0.00058,0.38217,-0.29831
11742,0.04129,0.20001,0.38388
11744,0.00684,-0.81076,0.79559
11745,-0.08005,-1.00000,0.99997
11746,-0.17715,-1.00000,0.99997
11747,-0.25708,-1.00000,0.99997
11748,-0.31714,-1.00000,0.99997
11750,-0.36206,-1.00000,0.99997
11751,-0.38361,-1.00000,0.99963
11752,-0.36215,-0.07120,0.54953
11753,-0.28989,0.67728,0.43988
11754,-0.19046,0.99997,0.60370
11755,-0.11038,0.99997,0.71027
11757,-0.08618,0.99997,0.44025
11758,-0.11612,0.99997,-0.25195
11759,-0.16275,0.99997,-1.00000
11760,-0.18436,0.99997,-1.00000
11761,-0.16660,0.99997,-1.00000
11763,-0.12640,0.68619,-1.00000
11764,-0.08902,0.99997,-1.00000
11765,-0.06342,0.99997,-0.98874
11766,-0.04074,0.99997,-0.40335
11767,-0.01392,0.99997,0.26575
11769,0.00568,0.99997,0.89316
11770,-0.00455,0.99997,0.99997
11771,-0.05356,0.99997,0.99997
11772,-0.11987,0.99997,0.90686
11773,-0.16245,0.99997,0.42041
11775,-0.15033,0.99997,0.03885
11776,-0.08566,0.99997,-0.10480
11777,-0.00046,0.99997,-0.01346
11778,0.06696,0.99997,0.22452
11779,0.09500,0.99997,0.50201
11780,0.08618,0.99997,0.73914
11782,0.05951,0.99997,0.91165
11783,0.03729,0.99997,0.99997
11784,0.03342,0.70367,0.99997
11785,0.04468,-0.74469,0.99997
11786,0.04947,-1.00000,0.99997
11788,0.01855,-1.00000,0.99997
11789,-0.06354,-1.00000,0.99997
11790,-0.18155,-1.00000,0.99997
11791,-0.29425,-1.00000,0.99997
11792,-0.36108,-1.00000,0.99997
11794,-0.36923,0.87396,0.87073
11795,-0.33688,0.99997,-0.07373
11796,-0.29025,0.99997,-1.00000
11797,-0.23834,0.99997,-1.00000
11798,-0.17096,0.99997,-1.00000
11800,-0.08078,0.99997,-1.00000
11801,0.01627,0.99997,-0.52655
11802,0.08594,0.99997,0.25195
11803,0.10260,0.33908,0.15714
11804,0.07159,-0.02249,-0.77661
11805,0.02429,-0.00394,-1.00000
11807,-0.00854,0.10416,-1.00000
11808,-0.01932,0.10446,-1.00000
11809,-0.02209,0.01163,-1.00000
11810,-0.03287,-0.04410,-1.00000
11811,-0.05350,0.01328,-0.40372
11813,-0.07449,0.13870,0.19501
11814,-0.09003,0.23654,0.71182
11815,-0.10611,0.26102,0.99997
11816,-0.13165,0.24246,0.99997
11817,-0.16217,0.23538,0.99997
11819,-0.17532,0.26135,0.99997
11820,-0.14676,0.29874,0.90244
11821,-0.07391,0.31122,0.53516
11822,0.01501,0.27811,0.31796
11823,0.07797,0.20587,0.23804
11825,0.08920,0.12445,0.21643
11826,0.05765,0.07526,0.19232
11827,0.01852,0.09048,0.15680
11828,0.00677,0.17029,0.13110
11829,0.03473,0.27545,0.13327
11830,0.08887,0.34818,0.16583
11832,0.14206,0.35056,0.22040
11833,0.16895,0.29019,0.28134
11834,0.15652,0.21179,0.32620
11835,0.11032,0.16193,0.33356
11836,0.05466,0.15637,0.29926
11838,0.02136,0.17413,0.24417
11839,0.02780,0.17847,0.19858
11840,0.05975,0.14517,0.17444
11841,0.07910,0.07800,0.15311
11842,0.05591,0.00415,0.10452
11844,-0.00186,-0.04312,0.02014
11845,-0.05215,-0.04318,-0.07358
11846,-0.05609,0.00095,-0.13586
11847,-0.01373,0.06375,-0.14688
11848,0.03711,0.10989,-0.12296
11850,0.05780,0.11374,-0.09937
11851,0.04443,0.07520,-0.09949
11852,0.02646,0.01987,-0.11978
11853,0.03259,-0.01913,-0.14062
11854,0.06015,-0.02667,-0.14810
11855,0.07852,-0.01587,-0.14511
11857,0.06168,-0.01236,-0.14481
11858,0.01556,-0.02429,-0.15546
11859,-0.02634,-0.02887,-0.17072
11860,-0.03445,0.00662,-0.17221
11861,-0.01144,0.08624,-0.14230
11863,0.00909,0.16837,-0.07953
11864,-0.00790,0.19336,-0.00549
11865,-0.06680,0.13477,0.04388
11866,-0.13504,0.02515,0.04102
11867,-0.16785,-0.07013,-0.01270
11869,-0.14368,-0.10681,-0.08533
11870,-0.07977,-0.09262,-0.13547
11871,-0.01627,-0.06775,-0.13977
11872,0.01617,-0.06012,-0.10553
11873,0.01657,-0.06201,-0.05984
11875,0.00632,-0.04813,-0.02802
11876,0.00546,-0.01053,-0.01913
11877,0.01544,0.02902,-0.02625
11878,0.02173,0.04013,-0.03476
11879,0.01013,0.01334,-0.02899
11880,-0.02032,-0.03177,0.00372
11882,-0.05634,-0.06531,0.06668
11883,-0.07932,-0.07104,0.14594
11884,-0.07712,-0.05402,0.20883
11885,-0.05231,-0.03052,0.21762
11886,-0.02264,-0.01410,0.15372
11888,-0.01132,-0.00949,0.03531
11889,-0.03000,-0.01456,-0.08817
11890,-0.06696,-0.02466,-0.16394
11891,-0.09277,-0.03613,-0.16843
11892,-0.08261,-0.04810,-0.12039
11894,-0.03723,-0.06210,-0.06497
11895,0.01620,-0.07785,-0.03995
11896,0.04584,-0.08838,-0.04987
11897,0.03949,-0.08130,-0.06680
11898,0.01196,-0.04901,-0.05829
11900,-0.00888,0.00000,-0.01889
11901,-0.00314,0.04163,0.02127
11902,0.02859,0.05240,0.02176
11903,0.06714,0.02988,-0.02863
11904,0.08655,-0.00156,-0.09253
11905,0.06952,-0.00659,-0.10629
11907,0.01959,0.03506,-0.02948
11908,-0.03824,0.11313,0.11932
11909,-0.07233,0.19339,0.27249
11910,-0.06699,0.24088,0.36288
11911,-0.03387,0.24155,0.37271
11913,-0.00024,0.20850,0.34079
11914,0.01666,0.17035,0.32510
11915,0.02408,0.15131,0.35452
11916,0.04193,0.15668,0.41077
11917,0.07739,0.17264,0.45386
11919,0.11401,0.17880,0.46497
11920,0.12772,0.16501,0.46686
11921,0.11301,0.14066,0.50204
11922,0.09000,0.13034,0.58496
11923,0.08456,0.15778,0.66968
11925,0.10257,0.22739,0.66498
11926,0.12524,0.31537,0.49350
11927,0.12973,0.37805,0.15344
11928,0.11108,0.37622,-0.26474
11929,0.08301,0.30231,-0.62311
11930,0.05890,0.19119,-0.81415
11932,0.03625,0.10193,-0.81793
11933,0.00305,0.07803,-0.70087
11934,-0.04178,0.11517,-0.56171
11935,-0.07767,0.16333,-0.46619
11936,-0.07623,0.16629,-0.41501
11938,-0.02884,0.10834,-0.36020
11939,0.03876,0.03036,-0.25183
11940,0.07996,0.00284,-0.07898
11941,0.05917,0.07776,0.12073
11942,-0.02234,0.25562,0.28662
11944,-0.12628,0.48413,0.37561
11945,-0.20047,0.68121,0.38950
11946,-0.20984,0.76669,0.36954
11947,-0.15594,0.69553,0.35962
11948,-0.07501,0.48566,0.36475
11950,-0.01511,0.22104,0.34113
11951,-0.00488,0.01215,0.23245
11952,-0.03406,-0.07260,0.02783
11953,-0.06207,-0.05054,-0.21185
11954,-0.05222,0.00290,-0.39090
11955,-0.00510,0.03632,-0.45242
11957,0.03891,0.07892,-0.41931
11958,0.03543,0.20569,-0.35916
11959,-0.02109,0.43784,-0.30798
11960,-0.08777,0.68158,-0.23611
11961,-0.10907,0.78143,-0.09802
11963,-0.06583,0.65091,0.08865
11964,0.00879,0.35809,0.23218
11965,0.06055,0.08170,0.25034
11966,0.06143,-0.02338,0.16190
11967,0.02759,0.07059,0.07541
11969,-0.00449,0.27438,0.06976
11970,-0.01480,0.47385,0.09006
11971,-0.01285,0.60464,-0.01675
11972,-0.01889,0.65225,-0.34296
11973,-0.03839,0.61230,-0.79132
11975,-0.05676,0.48041,-1.00000
11976,-0.05603,0.28683,-1.00000
11977,-0.03391,0.11801,-0.74203
11978,-0.00687,0.06927,-0.21246
11979,0.00250,0.15384,0.26443
11980,-0.01849,0.26456,0.57901
11982,-0.06427,0.25195,0.75418
11983,-0.11261,0.06561,0.84998
11984,-0.13516,-0.17807,0.87680
11985,-0.11270,-0.28674,0.80853
11986,-0.04828,-0.16891,0.65887
11988,0.03156,0.07962,0.50690
11989,0.09183,0.28604,0.41907
11990,0.11169,0.41205,0.34906
11991,0.09744,0.64426,0.14682
11992,0.07480,0.99997,-0.29797
11994,0.06671,0.99997,-0.91373
11995,0.07608,0.99997,-1.00000
11996,0.08719,0.99997,-1.00000
11997,0.08350,0.99997,-1.00000
11998,0.06381,0.99997,-1.00000
12000,0.04272,0.99997,-1.00000
12001,0.03513,0.99997,-1.00000
12002,0.04126,0.68680,-1.00000
12003,0.04733,0.60925,-1.00000
12004,0.04251,0.70959,-0.58325
12005,0.03476,0.89539,0.86411
12007,0.04794,0.99997,0.99997
12008,0.09805,0.99997,0.99997
12009,0.16916,0.95776,0.99997
12010,0.21323,0.33972,0.99997
12011,0.18030,-0.51389,0.99997
12013,0.05768,-1.00000,0.99997
12014,-0.11340,-1.00000,0.99997
12015,-0.25946,-1.00000,0.99997
12016,-0.32095,-1.00000,0.99997
12017,-0.28976,-1.00000,0.99997
12019,-0.21097,-1.00000,0.99997
12020,-0.14807,-1.00000,0.99997
12021,-0.13669,-1.00000,0.99997
12022,-0.16144,-1.00000,0.95676
12023,-0.17252,-1.00000,-1.00000
12025,-0.12988,-1.00000,-1.00000
12026,-0.03882,-1.00000,-1.00000
12027,0.05298,-1.00000,-1.00000
12028,0.09622,-1.00000,-1.00000
12029,0.08365,-1.00000,-1.00000
12030,0.05643,-1.00000,-1.00000
12032,0.06604,-1.00000,-1.00000
12033,0.12549,-1.00000,-1.00000
12034,0.19522,-1.00000,-1.00000
12035,0.21777,-0.95828,-1.00000
12036,0.16873,-0.31870,-1.00000
12038,0.07764,0.36920,-1.00000
12039,0.00140,0.81000,-1.00000
12040,-0.02341,0.88089,-1.00000
12041,-0.00589,0.69229,-1.00000
12042,0.01468,0.45932,-1.00000
12044,0.00580,0.32306,-0.89288
12045,-0.03424,0.27899,-0.66333
12046,-0.08197,0.24216,-0.43930
12047,-0.11249,0.15271,-0.28387
12048,-0.11749,0.01782,-0.16943
12050,-0.10507,-0.12439,-0.02963
12051,-0.08731,-0.25385,0.15353
12052,-0.07040,-0.37518,0.33072
12053,-0.05408,-0.48828,0.44348
12054,-0.03647,-0.56998,0.48523
12055,-0.01736,-0.59146,0.50073
12057,0.00238,-0.55060,0.53470
12058,0.02118,-0.48117,0.58932
12059,0.03415,-0.42819,0.62949
12060,0.03128,-0.41391,0.62247
12061,0.00235,-0.42572,0.56900
12063,-0.05280,-0.43411,0.50031
12064,-0.11838,-0.41995,0.44992
12065,-0.17029,-0.38657,0.42941
12066,-0.19336,-0.35004,0.42612
12067,-0.19244,-0.32144,0.42078
12069,-0.18509,-0.29880,0.40668
12070,-0.18286,-0.27362,0.39459
12071,-0.18021,-0.24167,0.40195
12072,-0.16397,-0.20700,0.43643
12073,-0.13290,-0.17755,0.48593
12075,-0.10553,-0.15903,0.51999
12076,-0.10455,-0.15347,0.50134
12077,-0.13290,-0.16153,0.40488
12078,-0.16617,-0.18292,0.23944
12079,-0.17221,-0.21426,0.05908
12080,-0.14026,-0.24667,-0.05676
12082,-0.09174,-0.26633,-0.05661
12083,-0.06174,-0.25916,0.03159
12084,-0.06815,-0.21921,0.10989
12085,-0.09729,-0.15784,0.09698
12086,-0.11795,-0.10446,0.02167
12088,-0.10904,-0.08923,0.01312
12089,-0.07462,-0.11374,0.16272
12090,-0.03485,-0.13754,0.38593
12091,-0.00641,-0.10953,0.46088
12092,0.00598,-0.02966,0.25894
12094,0.00034,0.02200,-0.05826
12095,-0.03394,-0.05490,-0.14020
12096,-0.11084,-0.26120,0.16550
12097,-0.22580,-0.43231,0.50485
12098,-0.33945,-0.32419,0.17389
12100,-0.38931,0.18549,-1.00000
12101,-0.32751,0.95029,-1.00000
12102,-0.15707,0.99997,-1.00000
12103,0.06329,0.99997,-1.00000
12104,0.25171,0.99997,-1.00000
12105,0.35049,0.99997,-1.00000
12107,0.35477,0.64792,-1.00000
12108,0.30521,0.37054,-1.00000
12109,0.25562,0.21655,-1.00000
12110,0.23944,0.04364,-1.00000
12111,0.25720,-0.19763,-1.00000
12113,0.28696,-0.42880,-1.00000
12114,0.30548,-0.55969,-1.00000
12115,0.30365,-0.61133,-1.00000
12116,0.28787,-0.70187,-1.00000
12117,0.27042,-0.90637,-0.49026
12119,0.25693,-1.00000,0.99997
12120,0.24075,-1.00000,0.99997
12121,0.20810,-0.99701,0.99997
12122,0.15106,-0.55023,0.99997
12123,0.07825,-0.11102,0.99997
12125,0.01340,0.09796,0.50488
12126,-0.02042,0.02573,0.71671
12127,-0.01929,-0.19852,0.99997
12128,-0.00220,-0.39365,0.99997
12129,0.00540,-0.46005,0.99997
12130,-0.00555,-0.41061,0.95294
12132,-0.02118,-0.30881,0.99997
12133,-0.02222,-0.20160,0.99997
12134,-0.00769,-0.10587,0.99997
12135,0.00180,-0.02896,0.99997
12136,-0.01340,0.02466,0.99997
12138,-0.04794,0.06726,0.99997
12139,-0.07443,0.12622,0.99997
12140,-0.07159,0.20892,0.99997
12141,-0.04816,0.27194,0.99997
12142,-0.03647,0.24442,0.99997
12144,-0.06650,0.10022,0.99997
12145,-0.15225,-0.09088,0.99997
12146,-0.30038,-0.19376,0.91208
12147,-0.51273,-0.10196,-1.00000
12148,-0.75439,0.18774,-1.00000
12150,-0.91373,0.58194,-1.00000
12151,-0.82343,0.95908,-1.00000
12152,-0.37436,0.99997,-1.00000
12153,0.35165,0.99997,0.99997
12154,0.99997,0.99997,0.99997
12155,0.99997,0.99997,0.99997
12157,0.99997,0.99997,0.99997
12158,0.78610,0.99997,0.99997
12159,0.25824,0.99997,0.99997
12160,-0.04111,0.99997,0.99997
12161,-0.08859,0.99997,0.99997
12163,-0.03745,0.99997,0.99997
12164,-0.01321,0.99997,0.99997
12165,0.02985,0.99997,0.99997
12166,0.25977,0.99997,-0.10242
12167,0.78928,0.99997,-1.00000
12169,0.99997,0.99997,-1.00000
12170,0.99997,0.99997,-1.00000
12171,0.99997,0.53589,-0.93680
12172,0.99997,-1.00000,-1.00000
12173,0.99997,-1.00000,-1.00000
12175,0.99997,-1.00000,-1.00000
12176,0.99997,-1.00000,-1.00000
12177,0.99997,-1.00000,-1.00000
12178,0.99997,-1.00000,-1.00000
12179,0.99997,-1.00000,-1.00000
12180,0.70697,-1.00000,-1.00000
12182,0.39999,0.99997,-1.00000
12183,0.20175,0.99997,-0.89096
12184,0.05630,0.99997,-1.00000
12185,-0.06110,0.99997,-1.00000
12186,-0.14310,-0.26968,-1.00000
12188,-0.19083,-1.00000,-1.00000
12189,-0.24588,-1.00000,-1.00000
12190,-0.37396,-1.00000,-1.00000
12191,-0.61441,-1.00000,-1.00000
12192,-0.94434,-1.00000,-1.00000
12194,-1.00000,-1.00000,-1.00000
12195,-1.00000,-1.00000,-1.00000
12196,-1.00000,-1.00000,-1.00000
12197,-1.00000,-1.00000,-1.00000
12198,-1.00000,-1.00000,-1.00000
12200,-1.00000,-1.00000,-1.00000
12201,-1.00000,-1.00000,-1.00000
12202,-1.00000,-1.00000,-1.00000
12203,-1.00000,-1.00000,-0.35358
12204,-1.00000,-0.60129,0.99997
12205,-1.00000,0.64346,0.99997
12207,-1.00000,0.99997,0.99997
12208,-1.00000,0.82767,0.99997
12209,-0.67307,-0.32446,0.99997
12210,-0.41754,-1.00000,0.99997
12211,-0.32077,-1.00000,0.99997
12213,-0.32938,-1.00000,0.99997
12214,-0.35043,-1.00000,0.99997
12215,-0.31967,-0.96286,0.99997
12216,-0.22867,-0.01575,0.99997
12217,-0.10663,0.55511,0.99997
12219,0.00793,0.73688,0.99997
12220,0.08167,0.58539,0.99997
12221,0.09207,0.06250,0.99997
12222,0.03711,-0.92297,0.54556
12223,-0.05734,-1.00000,-1.00000
12225,-0.14859,-1.00000,-1.00000
12226,-0.20541,-1.00000,-1.00000
12227,-0.22830,-1.00000,-1.00000
12228,-0.24045,-1.00000,-0.56906
12229,-0.25925,-1.00000,0.29361
12230,-0.27832,-1.00000,0.84134
12232,-0.27722,-1.00000,0.99997
12233,-0.24524,-1.00000,0.99997
12234,-0.19366,-1.00000,0.80029
12235,-0.14697,-1.00000,0.30936
12236,-0.12665,-0.56592,-0.26920
12238,-0.14243,0.00345,-0.69095
12239,-0.19183,-0.84634,-0.77200
12240,-0.26126,-1.00000,-0.56094
12241,-0.32861,-1.00000,-0.33588
12242,-0.37286,-1.00000,-0.39713
12244,-0.38864,-1.00000,-0.81784
12245,-0.38919,-1.00000,-1.00000
12246,-0.38904,-0.45239,-1.00000
12247,-0.38086,0.99997,-1.00000
12248,-0.33582,0.99997,-1.00000
12250,-0.23550,0.99997,-0.95306
12251,-0.10577,0.99997,-1.00000
12252,-0.01163,0.99997,-1.00000
12253,-0.00720,0.99997,-1.00000
12254,-0.08319,0.99997,-1.00000
12255,-0.16409,0.99997,-1.00000
12257,-0.16357,0.99997,-1.00000
12258,-0.05392,0.99997,-0.36935
12259,0.10876,0.99997,0.53061
12260,0.22183,0.46869,0.69543
12261,0.20383,-0.89514,0.37897
12263,0.04315,-1.00000,0.10623
12264,-0.20041,-1.00000,0.26373
12265,-0.43253,-0.68240,0.85815
12266,-0.57220,-0.45117,0.99997
12267,-0.58463,-0.62204,0.99997
12269,-0.48810,-0.85754,0.99997
12270,-0.33682,-0.67776,0.99997
12271,-0.19150,0.12524,0.99997
12272,-0.09375,0.99997,0.99997
12273,-0.05573,0.99997,0.99997
12275,-0.06653,0.99997,0.99997
12276,-0.10602,0.99997,0.99997
12277,-0.15530,0.99997,0.99997
12278,-0.19958,0.99997,0.99997
12279,-0.22702,0.99997,0.99997
12280,-0.22900,0.99997,0.99997
12282,-0.20267,0.99997,0.38571
12283,-0.15256,0.99997,-0.42542
12284,-0.08850,0.72580,-0.91873
12285,-0.01962,-0.09232,-0.92453
12286,0.05243,-0.75168,-0.52594
12288,0.13580,-0.88864,0.02527
12289,0.24347,-0.43402,0.48239
12290,0.38104,0.31628,0.72284
12291,0.53497,0.91364,0.74738
12292,0.67233,0.99997,0.61325
12294,0.75793,0.86432,0.38657
12295,0.77997,0.54922,0.13904
12296,0.76340,0.37927,-0.05173
12297,0.75528,0.39804,-0.13129
12298,0.79028,0.47949,-0.10455
12300,0.86295,0.48611,-0.03174
12301,0.93195,0.38782,0.02258
12302,0.95340,0.25330,0.03928
12303,0.91367,0.16058,0.04532
12304,0.83438,0.12891,0.07007
12305,0.74908,0.12354,0.10898
12307,0.67697,0.10443,0.13376
12308,0.61737,0.06149,0.13193
12309,0.56415,0.01172,0.12668
12310,0.51825,-0.02411,0.15143
12311,0.48398,-0.03619,0.20752
12313,0.45627,-0.02475,0.25275
12314,0.41873,0.00665,0.23764
12315,0.35806,0.05157,0.15350
12316,0.27994,0.09714,0.04419
12317,0.20804,0.12445,-0.03098
12319,0.16437,0.11664,-0.04654
12320,0.15073,0.06888,-0.02655
12321,0.14883,-0.00800,-0.01511
12322,0.13867,-0.09207,-0.03375
12323,0.11588,-0.15942,-0.06534
12325,0.09308,-0.19186,-0.07605
12326,0.08597,-0.18207,-0.04993
12327,0.09866,-0.13644,-0.00378
12328,0.12015,-0.07498,0.02951
12329,0.13281,-0.02499,0.03098
12330,0.12436,-0.00812,0.01151
12332,0.09628,-0.02750,0.00064
12333,0.06461,-0.06509,0.01843
12334,0.05267,-0.09369,0.05527
12335,0.07712,-0.09470,0.07596
12336,0.13464,-0.06766,0.04599
12338,0.19916,-0.02475,-0.04172
12339,0.23584,0.02264,-0.15903
12340,0.22415,0.07059,-0.25873
12341,0.17264,0.11758,-0.30179
12342,0.11169,0.15567,-0.27768
12344,0.06906,0.16949,-0.20706
12345,0.04880,0.14664,-0.12823
12346,0.03281,0.08981,-0.07547
12347,0.00311,0.01959,-0.06064
12348,-0.03714,-0.03506,-0.06824
12350,-0.06436,-0.05197,-0.06726
12351,-0.05731,-0.02734,-0.03229
12352,-0.01965,0.02115,0.04181
12353,0.01996,0.06125,0.14264
12354,0.03183,0.06061,0.25443
12355,0.01062,0.00381,0.36615
12357,-0.02069,-0.09644,0.46457
12358,-0.03220,-0.20187,0.52328
12359,-0.01294,-0.26620,0.50842
12360,0.02240,-0.25882,0.40439
12361,0.04987,-0.18091,0.23752
12363,0.05859,-0.06235,0.07025
12364,0.05692,0.05841,-0.03622
12365,0.05859,0.15497,-0.06125
12366,0.06500,0.21475,-0.03131
12367,0.06244,0.21884,0.00995
12369,0.03683,0.12436,0.04062
12370,-0.00934,-0.11874,0.07339
12371,-0.05603,-0.51193,0.13474
12372,-0.08075,-0.95776,0.23212
12373,-0.07626,-1.00000,0.33798
12375,-0.05472,-1.00000,0.40250
12376,-0.03662,-1.00000,0.38403
12377,-0.03595,-0.57278,0.27686
12378,-0.05295,-0.18005,0.11887
12379,-0.07776,-0.00482,-0.02597
12380,-0.09814,-0.04333,-0.10144
12382,-0.10504,-0.16360,-0.09018
12383,-0.09521,-0.22559,-0.02014
12384,-0.07169,-0.18094,0.05859
12385,-0.04388,-0.08124,0.10928
12386,-0.02432,-0.01010,0.12866
12388,-0.02167,-0.01163,0.13647
12389,-0.03333,-0.06830,0.14810
12390,-0.04440,-0.12762,0.15814
12391,-0.03696,-0.14423,0.14923
12392,-0.00461,-0.10776,0.11343
12394,0.03876,-0.04681,0.06274
12395,0.06580,-0.00983,0.01776
12396,0.05609,-0.03125,-0.01157
12397,0.01425,-0.10242,-0.03287
12398,-0.02985,-0.17264,-0.05975
12400,-0.04187,-0.18668,-0.09436
12401,-0.00922,-0.13205,-0.12085
12402,0.04825,-0.05270,-0.11548
12403,0.09204,-0.01364,-0.06342
12404,0.09241,-0.04623,0.03104
12405,0.04758,-0.12439,0.14639
12407,-0.01797,-0.19147,0.25446
12408,-0.07257,-0.20993,0.33109
12409,-0.09744,-0.18640,0.36249
12410,-0.09323,-0.15402,0.34750
12411,-0.07196,-0.13693,0.29816
12413,-0.04382,-0.13351,0.23691
12414,-0.01117,-0.13052,0.18781
12415,0.02734,-0.12491,0.16196
12416,0.06836,-0.12732,0.14786
12417,0.10104,-0.14453,0.11975
12419,0.11310,-0.16412,0.06360
12420,0.09995,-0.16193,0.00000
12421,0.06830,-0.12680,-0.02234
12422,0.03064,-0.07721,0.03418
12423,-0.00339,-0.04980,0.15512
12425,-0.03033,-0.06821,0.27295
12426,-0.04858,-0.11993,0.31396
12427,-0.05234,-0.16345,0.25555
12428,-0.03296,-0.16049,0.14197
12429,0.01163,-0.10577,0.04388
12430,0.06802,-0.02991,0.00064
12432,0.11005,0.02509,-0.00089
12433,0.11612,0.03629,0.00293
12434,0.08841,0.01190,-0.00397
12435,0.05609,-0.02151,-0.00681
12436,0.05441,-0.04282,0.01086
12438,0.09348,-0.05109,0.03622
12439,0.14438,-0.06137,0.03351
12440,0.15933,-0.08755,-0.01633
12441,0.11221,-0.12735,-0.08557
12442,0.02399,-0.16220,-0.11603
12444,-0.05212,-0.17130,-0.07117
12445,-0.07498,-0.14828,0.02484
12446,-0.04813,-0.10648,0.10110
12447,-0.01062,-0.06827,0.09882
12448,0.00397,-0.04810,0.02325
12450,-0.00131,-0.04419,-0.05783
12451,0.00394,-0.04593,-0.06970
12452,0.03922,-0.04840,0.00699
12453,0.08713,-0.05939,0.11990
12454,0.10641,-0.09097,0.18713
12455,0.07062,-0.14438,0.16049
12457,-0.00589,-0.20273,0.05850
12458,-0.07816,-0.23965,-0.05386
12459,-0.10559,-0.23642,-0.11636
12460,-0.07996,-0.19418,-0.11179
12461,-0.02649,-0.13239,-0.06577
12463,0.01669,-0.07590,-0.01657
12464,0.02264,-0.04053,0.01511
12465,-0.01151,-0.02637,0.03302
12466,-0.06506,-0.02225,0.05042
12467,-0.10599,-0.01709,0.07217
12469,-0.10913,-0.00900,0.09204
12470,-0.07166,-0.00320,0.10571
12471,-0.01462,-0.00082,0.12369
12472,0.03296,0.00916,0.16617
12473,0.05621,0.04257,0.24155
12475,0.06372,0.10086,0.32953
12476,0.07620,0.15921,0.39215
12477,0.10519,0.18005,0.41006
12478,0.14185,0.14478,0.40958
12479,0.16519,0.07407,0.44611
12480,0.15973,0.01450,0.54901
12482,0.12598,-0.00052,0.67725
12483,0.07675,0.02130,0.73688
12484,0.02753,0.04068,0.65594
12485,-0.00928,0.02432,0.45267
12486,-0.02423,-0.02518,0.23090
12488,-0.01245,-0.07434,0.10172
12489,0.02103,-0.09009,0.09970
12490,0.05710,-0.06696,0.16840
12491,0.06918,-0.02808,0.22171
12492,0.03888,-0.00452,0.21811
12494,-0.02985,-0.01306,0.17999
12495,-0.11026,-0.04810,0.15067
12496,-0.16736,-0.08743,0.14307
12497,-0.17737,-0.10587,0.13242
12498,-0.13937,-0.08987,0.09305
12500,-0.07370,-0.04675,0.03226
12501,-0.00955,-0.00195,-0.01489
12502,0.02982,0.01788,-0.02133
12503,0.03723,0.00519,0.00665
12504,0.02155,-0.02225,0.03848
12505,-0.00168,-0.03714,0.04895
12507,-0.02188,-0.02786,0.03625
12508,-0.03830,-0.00912,0.01453
12509,-0.05396,-0.00638,-0.00372
12510,-0.06564,-0.02866,-0.01428
12511,-0.06134,-0.05734,-0.01590
12513,-0.02985,-0.06357,-0.00732
12514,0.02542,-0.03824,0.00565
12515,0.08301,-0.00308,0.00607
12516,0.11743,0.01102,-0.02057
12517,0.12091,-0.00119,-0.06293
12519,0.11267,-0.00818,-0.08005
12520,0.12466,0.02863,-0.03366
12521,0.17258,0.10934,0.06735
12522,0.23703,0.18170,0.15860
12523,0.27426,0.18066,0.16785
12525,0.25146,0.09131,0.08127
12526,0.17755,-0.02478,-0.03625
12527,0.10098,-0.07101,-0.09253
12528,0.07364,0.00815,-0.04614
12529,0.10965,0.18469,0.06158
12530,0.17447,0.37469,0.14740
12532,0.21332,0.50613,0.15680
12533,0.19379,0.56396,0.09885
12534,0.12741,0.58191,0.02393
12535,0.05588,0.60550,-0.02090
12536,0.01791,0.66525,-0.01559
12538,0.02411,0.76669,0.03702
12539,0.05597,0.88068,0.12024
12540,0.08344,0.93851,0.20468
12541,0.08682,0.86533,0.25177
12542,0.07025,0.65720,0.23068
12544,0.05856,0.43384,0.13626
12545,0.07755,0.38135,-0.01273
12546,0.12750,0.59415,-0.19110
12547,0.17200,0.95709,-0.37512
12548,0.15976,0.99997,-0.52646
12550,0.07031,0.99997,-0.57693
12551,-0.05569,0.93051,-0.44940
12552,-0.13922,0.75000,-0.11520
12553,-0.13037,0.85446,0.35608
12554,-0.06125,0.99997,0.80460
12555,-0.02466,0.99997,0.99997
12557,-0.08563,0.99997,0.99997
12558,-0.20956,0.99997,0.73203
12559,-0.28967,0.99997,0.42267
12560,-0.26346,0.99997,0.33932
12561,-0.20053,0.99997,0.64624
12563,-0.24823,0.99997,0.99997
12564,-0.45819,0.99997,0.99997
12565,-0.66736,0.99997,0.99997
12566,-0.59799,0.99997,0.99997
12567,-0.14075,0.99997,0.99997
12569,0.43484,0.99997,0.99997
12570,0.59848,0.99997,0.78400
12571,-0.01587,0.49716,0.77515
12572,-1.00000,0.24850,0.99997
12573,-1.00000,0.30978,0.99997
12575,-1.00000,0.35086,0.99997
12576,-1.00000,0.10788,0.99997
12577,-1.00000,-0.45578,0.99997
12578,-0.65118,-1.00000,0.99997
12579,-1.00000,-1.00000,0.99997
12580,-1.00000,-1.00000,0.99997
12582,-1.00000,-0.85764,0.99997
12583,-1.00000,0.00836,0.99997
12584,-1.00000,0.67026,0.99997
12585,-1.00000,0.84735,0.99997
12586,-1.00000,0.65793,0.99997
12588,-1.00000,0.51193,0.99997
12589,-0.93747,0.70535,0.99997
12590,-0.06937,0.99997,0.99997
12591,0.49890,0.99997,0.99997
12592,0.55362,0.68802,0.99997
12594,0.16690,-0.14661,-0.81549
12595,-0.30362,-0.64169,-1.00000
12596,-0.49051,-0.31592,-1.00000
12597,-0.30942,0.64212,-1.00000
12598,0.00089,0.99997,-1.00000
12600,0.11005,0.99997,-1.00000
12601,-0.12845,0.99997,-1.00000
12602,-0.58981,0.27112,-1.00000
12603,-1.00000,-0.36685,-1.00000
12604,-1.00000,-0.74738,-1.00000
12605,-1.00000,-1.00000,-1.00000
12607,-0.77289,-1.00000,-1.00000
12608,-0.35318,-1.00000,-1.00000
12609,0.09534,-1.00000,-1.00000
12610,0.50861,-1.00000,-1.00000
12611,0.80948,-1.00000,-1.00000
12613,0.91693,-1.00000,-1.00000
12614,0.79428,-1.00000,-1.00000
12615,0.49561,-1.00000,-1.00000
12616,0.16370,-1.00000,-0.51816
12617,-0.03375,-1.00000,-0.22238
12619,0.00027,-0.41312,-0.30444
12620,0.22293,-0.01740,-0.60385
12621,0.45898,-0.21542,-0.96686
12622,0.49432,-0.87939,-1.00000
12623,0.20969,-1.00000,-1.00000
12625,-0.32706,-1.00000,-1.00000
12626,-0.87820,-1.00000,-1.00000
12627,-1.00000,-1.00000,-1.00000
12628,-1.00000,-1.00000,-1.00000
12629,-0.52921,-1.00000,-1.00000
12630,0.10373,-0.76617,-0.84393
12632,0.61136,-0.45480,-0.72064
12633,0.84991,-0.06668,-0.61636
12634,0.83469,0.23486,-0.46722
12635,0.66830,0.25748,-0.20901
12636,0.42828,-0.03107,0.21130
12638,0.11453,-0.45029,0.76935
12639,-0.30283,-0.74411,0.99997
12640,-0.79016,-0.77402,0.99997
12641,-1.00000,-0.59192,0.69162
12642,-1.00000,-0.35175,-0.86261
12644,-1.00000,-0.17386,-1.00000
12645,-0.94272,-0.09131,-1.00000
12646,-0.59399,-0.08649,-1.00000
12647,-0.41577,-0.12918,-1.00000
12648,-0.43719,-0.16187,-1.00000
12650,-0.52396,-0.08136,-1.00000
12651,-0.48853,0.20834,-1.00000
12652,-0.23972,0.68893,-1.00000
12653,0.13730,0.99997,-1.00000
12654,0.43100,0.99997,-1.00000
12655,0.45413,0.99997,-1.00000
12657,0.19037,0.92673,-1.00000
12658,-0.17545,0.49564,0.12634
12659,-0.37973,0.26102,0.99997
12660,-0.27197,0.28619,0.99997
12661,0.07590,0.45712,0.99997
12663,0.43744,0.59799,0.99997
12664,0.62015,0.60779,0.99997
12665,0.60562,0.51617,0.99997
12666,0.51669,0.43002,0.99997
12667,0.45572,0.42380,0.99997
12669,0.39008,0.46683,0.99997
12670,0.20956,0.45575,0.99997
12671,-0.10922,0.33276,0.99997
12672,-0.42682,0.17834,0.99997
12673,-0.56680,0.16324,0.99997
12675,-0.53317,0.36533,0.99997
12676,-0.57675,0.61304,0.99997
12677,-0.99203,0.53854,0.99997
12678,-1.00000,-0.14838,0.99997
12679,-1.00000,-1.00000,-0.83841
12680,-1.00000,-1.00000,-1.00000
12682,-1.00000,-1.00000,-1.00000
12683,-1.00000,-1.00000,-1.00000
12684,-0.24527,-1.00000,-1.00000
12685,0.61041,-1.00000,-1.00000
12686,0.99997,-1.00000,-1.00000
12688,0.99997,-1.00000,-1.00000
12689,0.99997,-1.00000,-1.00000
12690,0.99997,-1.00000,-0.63165
12691,0.99997,-0.97488,-0.27740
12692,0.99997,-0.74445,-0.03845
12694,0.94421,-0.61990,0.67310
12695,0.55261,-0.45160,0.99997
12696,0.23743,-0.18607,0.99997
12697,0.11377,0.02304,0.99997
12698,0.29395,-0.07114,0.99997
12700,0.85413,-0.55688,0.99997
12701,0.99997,-1.00000,0.42316
12702,0.99997,-1.00000,-1.00000
12703,0.99997,-1.00000,-1.00000
12704,0.99997,-1.00000,-1.00000
12705,0.99997,-0.25180,-1.00000
12707,0.99997,0.43945,-1.00000
12708,0.99997,0.94528,-1.00000
12709,0.99997,0.99997,-1.00000
12710,0.99997,0.99997,-1.00000
12711,0.99997,0.99997,-0.50504
12713,0.99997,0.99997,0.99997
12714,0.99997,0.99997,0.99997
12715,0.99997,0.99997,0.99997
12716,0.99997,0.99997,0.99997
12717,0.99997,0.99997,0.99997
12719,0.99997,0.99997,0.99997
12720,0.99997,0.99997,0.99997
12721,0.99997,0.99997,0.99997
12722,0.99997,0.95068,0.99997
12723,0.99997,0.58347,0.99997
12725,0.99997,0.43515,0.99997
12726,0.99997,0.50339,0.99997
12727,0.99997,0.65338,0.99997
12728,0.99997,0.73947,0.99997
12729,0.99997,0.71536,0.99997
12730,0.99997,0.64594,0.99997
12732,0.99997,0.62860,0.99997
12733,0.99997,0.70352,0.99997
12734,0.99997,0.82352,0.99997
12735,0.99997,0.89502,0.99997
12736,0.99997,0.84802,0.99997
12738,0.99997,0.68332,0.99997
12739,0.99997,0.47006,0.99997
12740,0.99997,0.30002,0.99997
12741,0.99997,0.22968,0.99997
12742,0.99741,0.24789,0.99997
12744,0.67838,0.28925,0.99997
12745,0.38199,0.28253,0.99997
12746,0.22083,0.19678,0.99997
12747,0.20834,0.05325,0.99997
12748,0.25696,-0.09872,0.99997
12750,0.25543,-0.21552,0.99997
12751,0.15649,-0.27695,0.99997
12752,0.00372,-0.28455,0.99997
12753,-0.11411,-0.25366,0.99997
12754,-0.13531,-0.20801,0.99997
12755,-0.06564,-0.17200,0.99997
12757,0.03564,-0.15692,0.99997
12758,0.10184,-0.15036,0.99997
12759,0.10001,-0.12357,0.99997
12760,0.04471,-0.05780,0.99997
12761,-0.01578,0.03293,0.99997
12763,-0.02872,0.10629,0.91257
12764,0.03140,0.12442,0.13983
12765,0.14468,0.08746,-0.08798
12766,0.25497,0.03711,0.24625
12767,0.30563,0.02454,0.95868
12769,0.27802,0.06793,0.99997
12770,0.19943,0.13556,0.99997
12771,0.11163,0.16818,0.99997
12772,0.03299,0.12384,0.99997
12773,-0.04172,0.00958,0.99997
12775,-0.10220,-0.12393,0.99997
12776,-0.09894,-0.21982,0.99997
12777,0.01419,-0.25595,0.99997
12778,0.19934,-0.25797,0.99997
12779,0.31686,-0.27567,0.99997
12780,0.23621,-0.34039,0.99997
12782,0.00085,-0.43625,0.06555
12783,-0.12848,-0.50830,-1.00000
12784,0.14828,-0.50388,-1.00000
12785,0.88531,-0.41626,-1.00000
12786,0.99997,-0.29428,-0.45685
12788,0.99997,-0.20581,0.99997
12789,0.99997,-0.18073,0.99997
12790,0.99997,-0.18277,0.99997
12791,0.07455,-0.13943,0.99997
12792,-0.68982,-0.00928,0.99997
12794,-1.00000,0.17316,0.99997
12795,-1.00000,0.32010,0.99997
12796,-1.00000,0.36566,0.99997
12797,-1.00000,0.32681,0.99997
12798,-1.00000,0.29266,0.99997
12800,-1.00000,0.34940,0.99997
12801,-1.00000,0.50458,0.99997
12802,-1.00000,0.67340,0.99997
12803,-0.80847,0.73474,0.99997
12804,-0.66907,0.61389,0.99997
12805,-0.64194,0.33575,0.99997
12807,-0.61145,0.01575,0.99997
12808,-0.49200,-0.21078,-0.15118
12809,-0.30240,-0.28525,-1.00000
12810,-0.14011,-0.28232,-1.00000
12811,-0.09003,-0.36389,-1.00000
12813,-0.15427,-0.63181,-1.00000
12814,-0.25876,-0.97882,-1.00000
12815,-0.32068,-1.00000,-1.00000
12816,-0.31000,-0.57867,-1.00000
12817,-0.25668,0.63358,-1.00000
12819,-0.20975,0.99997,-1.00000
12820,-0.19559,0.99997,-1.00000
12821,-0.20926,0.99997,-1.00000
12822,-0.23410,0.99997,-1.00000
12823,-0.25754,0.99997,-1.00000
12825,-0.26669,0.48969,-1.00000
12826,-0.23779,-0.83423,-1.00000
12827,-0.14331,-1.00000,-1.00000
12828,0.02051,-0.88541,-1.00000
12829,0.21280,-0.16394,-1.00000
12830,0.36124,0.24634,0.41830
12832,0.40576,-0.03998,0.99997
12833,0.33945,-0.93634,0.72552
12834,0.21048,-1.00000,-0.14767
12835,0.08347,-1.00000,-0.72089
12836,-0.00818,-1.00000,-0.79105
12838,-0.07840,-1.00000,-0.65149
12839,-0.15982,-1.00000,-0.66037
12840,-0.25629,-1.00000,-0.87747
12841,-0.32330,-1.00000,-1.00000
12842,-0.30148,-1.00000,-1.00000
12844,-0.17960,-1.00000,-1.00000
12845,-0.02457,-1.00000,-0.97482
12846,0.06650,-1.00000,-1.00000
12847,0.06570,-1.00000,-1.00000
12848,0.07455,-1.00000,-1.00000
12850,0.26758,-1.00000,-0.90051
12851,0.74069,-0.24811,-0.77692
12852,0.99997,0.99997,-1.00000
12853,0.99997,0.99997,-1.00000
12854,0.99997,0.99997,-1.00000
12855,0.99997,0.99997,-1.00000
12857,0.99997,0.88193,-1.00000
12858,0.48529,0.03546,-1.00000
12859,0.10815,-0.29889,-1.00000
12860,-0.01413,-0.27536,-1.00000
12861,0.01617,-0.19751,-1.00000
12863,0.16708,-0.23251,-1.00000
12864,0.58047,-0.34647,-1.00000
12865,0.99997,-0.44278,-1.00000
12866,0.99997,-0.50000,-1.00000
12867,0.99997,-0.56467,-1.00000
12869,0.99997,-0.64685,-1.00000
12870,0.99997,-0.67099,-1.00000
12871,0.99997,-0.55276,-1.00000
12872,0.99997,-0.31393,-1.00000
12873,-0.54871,-0.09680,-1.00000
12875,-1.00000,-0.04413,-1.00000
12876,-1.00000,-0.16113,-1.00000
12877,-0.95865,-0.30692,-1.00000
12878,-0.81342,-0.33627,-0.07800
12879,-0.95651,-0.25009,0.99997
12880,-1.00000,-0.18848,0.99997
12882,-1.00000,-0.25833,0.99997
12883,-1.00000,-0.37943,0.99997
12884,-0.94281,-0.34470,0.99997
12885,-0.77362,-0.06931,0.99997
12886,-0.82428,0.24023,-1.00000
12888,-1.00000,0.24280,-1.00000
12889,-1.00000,-0.13940,-1.00000
12890,-1.00000,-0.48697,-1.00000
12891,-0.30438,-0.14633,-1.00000
12892,0.84225,0.99997,-1.00000
12894,0.99997,0.99997,0.99997
12895,0.99997,0.99997,0.99997
12896,0.99997,0.99997,0.99997
12897,0.99997,0.99997,0.99997
12898,0.99997,0.99997,-1.00000
12900,0.99997,0.38351,-1.00000
12901,0.99997,0.22794,-1.00000
12902,0.99997,0.31595,-1.00000
12903,0.87961,0.01367,-1.00000
12904,0.39081,-0.85345,-1.00000
12905,-0.07330,-1.00000,-1.00000
12907,-0.45496,-1.00000,-1.00000
12908,-0.68182,-1.00000,-1.00000
12909,-0.69666,-1.00000,-1.00000
12910,-0.52545,-1.00000,-1.00000
12911,-0.32220,-1.00000,-1.00000
12913,-0.30847,-1.00000,-1.00000
12914,-0.62131,-1.00000,-1.00000
12915,-1.00000,-0.91284,-1.00000
12916,-1.00000,-0.77097,-1.00000
12917,-1.00000,-0.57953,-1.00000
12919,-1.00000,-0.30453,-1.00000
12920,-1.00000,-0.02396,-1.00000
12921,-1.00000,0.11389,-1.00000
12922,-1.00000,0.01285,-1.00000
12923,-0.70456,-0.28110,-1.00000
12925,-0.19440,-0.60797,-1.00000
12926,0.09317,-0.81287,-1.00000
12927,0.11194,-0.84854,-1.00000
12928,-0.02213,-0.78281,-1.00000
12929,-0.11151,-0.72086,-1.00000
12930,-0.04095,-0.71848,-1.00000
12932,0.12323,-0.75208,-1.00000
12933,0.19104,-0.75449,-1.00000
12934,0.01184,-0.67529,-1.00000
12935,-0.39963,-0.51566,-1.00000
12936,-0.87317,-0.31775,-1.00000
12938,-1.00000,-0.12918,-1.00000
12939,-1.00000,0.02057,-0.87027
12940,-1.00000,0.11703,-0.53174
12941,-1.00000,0.14886,-0.62234
12942,-0.91736,0.11298,-0.73810
12944,-0.88394,0.03293,-0.60327
12945,-0.90701,-0.04382,-0.23376
12946,-0.93665,-0.08627,0.12985
12947,-0.94904,-0.12106,0.22934
12948,-0.95801,-0.21649,-0.01855
12950,-0.99429,-0.40350,-0.45312
12951,-1.00000,-0.61087,-0.75439
12952,-1.00000,-0.70151,-0.63806
12953,-1.00000,-0.60043,-0.05121
12954,-1.00000,-0.39297,0.76596
12955,-1.00000,-0.27905,0.99997
12957,-0.92273,-0.40466,0.99997
12958,-0.64188,-0.72482,0.99997
12959,-0.41733,-1.00000,0.99997
12960,-0.31915,-1.00000,0.92004
12961,-0.34479,-0.97693,0.98480
12963,-0.42764,-0.69101,0.99997
12964,-0.48987,-0.41846,0.99997
12965,-0.49631,-0.21704,0.82162
12966,-0.46472,-0.05228,0.72754
12967,-0.42990,0.12177,0.99997
12969,-0.40073,0.29913,0.99997
12970,-0.35370,0.43195,0.99997
12971,-0.26816,0.48032,0.99997
12972,-0.16531,0.44247,0.99997
12973,-0.10602,0.35144,0.99997
12975,-0.14053,0.26358,0.99997
12976,-0.25146,0.25037,0.99997
12977,-0.34583,0.37170,0.74435
12978,-0.31363,0.62173,0.65094
12979,-0.11401,0.89209,0.65262
12980,0.17947,0.99997,0.54776
12982,0.41458,0.85632,0.28531
12983,0.45517,0.45749,-0.05490
12984,0.26770,-0.01123,-0.32272
12985,-0.05994,-0.34915,-0.34161
12986,-0.37555,-0.46271,0.03885
12988,-0.55246,-0.40305,0.85077
12989,-0.55212,-0.28931,0.99997
12990,-0.42621,-0.20343,0.99997
12991,-0.26767,-0.15445,0.99997
12992,-0.14865,-0.12711,0.99997
12994,-0.08517,-0.13705,0.99997
12995,-0.04608,-0.21579,0.99997
12996,0.00739,-0.33661,0.99997
12997,0.08353,-0.37482,0.99997
12998,0.15277,-0.17615,0.99997
13000,0.17444,0.30396,0.99997
13001,0.13370,0.91714,0.99997
13002,0.05655,0.99997,0.99997
13003,-0.00955,0.99997,0.99997
13004,-0.03107,0.99997,0.99997
13005,-0.00974,0.79669,0.99997
13007,0.02698,0.38867,0.99997
13008,0.05292,0.15137,0.99997
13009,0.06265,0.06995,0.99997
13010,0.06775,0.05853,0.99997
13011,0.07904,0.05396,0.99997
13013,0.09299,0.04333,0.61902
13014,0.09299,0.02835,-1.00000
13015,0.06161,-0.00681,-1.00000
13016,-0.00604,-0.07840,-1.00000
13017,-0.09573,-0.16196,-1.00000
13019,-0.17697,-0.18747,-1.00000
13020,-0.21640,-0.09189,-1.00000
13021,-0.19589,0.11392,-1.00000
13022,-0.12277,0.32791,0.49481
13023,-0.01953,0.40884,0.99997
13025,0.09958,0.25784,0.99997
13026,0.24103,-0.12857,0.99997
13027,0.41422,-0.66180,0.99997
13028,0.59924,-1.00000,0.99997
13029,0.74036,-1.00000,0.99997
13030,0.78403,-1.00000,0.99997
13032,0.72809,-1.00000,0.99997
13033,0.62491,-1.00000,0.99997
13034,0.52875,-1.00000,0.99997
13035,0.44733,-1.00000,0.99997
13036,0.36304,-1.00000,0.99997
13038,0.30234,-0.74887,0.99997
13039,0.34879,-0.10382,0.99997
13040,0.53561,0.50839,0.99997
13041,0.70700,0.88251,0.99997
13042,0.53372,0.88589,0.99997
13044,-0.24216,0.54407,0.99997
13045,-1.00000,0.03879,0.99997
13046,-1.00000,-0.37970,0.99997
13047,-1.00000,-0.52036,0.99997
13048,-1.00000,-0.35666,0.99997
13050,-1.00000,-0.05121,0.99997
13051,-1.00000,0.13492,0.99997
13052,-1.00000,0.02023,0.34048
13053,-1.00000,-0.34225,-1.00000
13054,-1.00000,-0.67426,-1.00000
13055,-1.00000,-0.68478,-1.00000
13057,-1.00000,-0.33844,-1.00000
13058,-1.00000,0.07123,-1.00000
13059,-0.80023,0.16125,-1.00000
13060,-0.49884,-0.16428,-1.00000
13061,-0.26932,-0.55386,-0.48785
13063,0.19452,-0.46127,0.35767
13064,0.96063,0.37790,0.48560
13065,0.99997,0.99997,0.20975
13066,0.99997,0.99997,0.03424
13067,0.99997,0.99997,0.29608
13069,0.99997,0.99997,0.99997
13070,0.99997,0.99997,0.99997
13071,0.97836,0.89716,0.99997
13072,0.48950,0.52325,0.99997
13073,0.00742,0.66202,0.99997
13075,-0.46317,0.99997,0.99997
13076,-0.74734,0.99997,0.99997
13077,-0.67624,0.99997,0.99997
13078,-0.41647,0.99997,0.99997
13079,-0.54694,0.99997,0.99997
13080,-1.00000,0.99997,0.99997
13082,-1.00000,0.99997,0.99997
13083,-1.00000,0.99997,-1.00000
13084,-1.00000,0.99997,-1.00000
13085,-1.00000,0.99997,-1.00000
13086,-0.42963,0.99997,-0.10049
13088,0.99997,0.05133,0.99997
13089,0.99997,-0.31976,0.99997
13090,-0.05844,0.09387,0.40735
13091,-1.00000,0.27753,-1.00000
13092,-1.00000,-0.55527,-1.00000
13094,-1.00000,-1.00000,-1.00000
13095,-1.00000,-1.00000,-1.00000
13096,-1.00000,-1.00000,0.99997
13097,-1.00000,-1.00000,0.99997
13098,-0.94894,-1.00000,0.99997
13100,-0.98605,-1.00000,0.99997
13101,-1.00000,-1.00000,0.99997
13102,-1.00000,-1.00000,0.96774
13103,-1.00000,-1.00000,0.41190
13104,-0.49734,-1.00000,-0.14044
13105,0.63211,-1.00000,-0.23544
13107,0.99997,-1.00000,0.64722
13108,0.99997,-1.00000,0.99997
13109,0.99997,-1.00000,0.99997
13110,0.99997,-1.00000,0.99997
13111,0.99997,-1.00000,0.99997
13113,0.99997,-1.00000,0.99997
13114,0.99997,-1.00000,0.99997
13115,0.99997,0.45624,0.99997
13116,0.99997,0.99997,0.99997
13117,0.99997,0.90872,0.99997
13119,0.99997,-1.00000,0.52664
13120,0.99997,-1.00000,-1.00000
13121,0.99997,-1.00000,-1.00000
13122,0.99997,-1.00000,-1.00000
13123,0.03601,0.99997,-1.00000
13125,-0.58990,0.99997,-1.00000
13126,-0.66724,0.99997,-1.00000
13127,-0.27271,0.99997,-1.00000
13128,0.30441,0.99997,-1.00000
13129,0.76239,0.99997,-1.00000
13130,0.96683,0.99997,-1.00000
13132,0.98077,0.99997,-1.00000
13133,0.94867,0.99997,-1.00000
13134,0.95389,0.34232,-1.00000
13135,0.96634,-0.05417,-1.00000
13136,0.89502,-0.07181,-1.00000
13138,0.67581,0.12659,-0.00162
13139,0.32510,0.32288,0.68378
13140,-0.05515,0.40488,0.99997
13141,-0.30823,0.38409,0.99997
13142,-0.28674,0.30609,0.99997
13144,0.05591,0.18326,0.99997
13145,0.59586,0.01318,0.99997
13146,0.99997,-0.17081,0.99997
13147,0.99997,-0.29825,0.99997
13148,0.94168,-0.31870,0.99997
13150,0.42355,-0.25183,0.99997
13151,-0.06067,-0.17258,0.99997
13152,-0.30304,-0.14517,0.99997
13153,-0.29523,-0.17319,0.99997
13154,-0.18634,-0.21143,0.99997
13155,-0.13495,-0.21927,0.99997
13157,-0.19272,-0.19760,0.99997
13158,-0.30377,-0.17645,0.99997
13159,-0.38791,-0.17493,-0.03018
13160,-0.41513,-0.17993,0.59732
13161,-0.41248,-0.16165,0.99997
13163,-0.41962,-0.10400,0.99997
13164,-0.44809,-0.01733,0.99997
13165,-0.47751,0.07455,0.99997
13166,-0.47968,0.15173,-0.29398
13167,-0.44244,0.20224,-1.00000
13169,-0.37494,0.21567,-1.00000
13170,-0.29688,0.18246,-1.00000
13171,-0.22183,0.10318,-0.71970
13172,-0.14578,-0.00372,-0.11667
13173,-0.04846,-0.10660,-0.73138
13175,0.08926,-0.17450,-1.00000
13176,0.26117,-0.18744,-0.74155
13177,0.42462,-0.13919,0.99997
13178,0.51849,-0.03848,0.99997
13179,0.50314,0.08826,0.99997
13180,0.39270,0.20212,0.99997
13182,0.25000,0.27167,0.99997
13183,0.14471,0.29544,0.99997
13184,0.10599,0.30069,-0.66483
13185,0.10730,0.31061,-1.00000
13186,0.09299,0.30777,-1.00000
13188,0.02451,0.23819,-1.00000
13189,-0.08951,0.06717,-0.01901
13190,-0.19824,-0.15723,0.99997
13191,-0.24197,-0.29904,0.99997
13192,-0.18918,-0.21381,0.99997
13194,-0.05643,0.13522,0.99997
13195,0.09900,0.61456,0.99997
13196,0.20740,0.97357,0.99997
13197,0.22162,0.99234,0.99997
13198,0.14087,0.62714,0.99997
13200,0.00980,0.04938,0.99997
13201,-0.10800,-0.45590,0.99997
13202,-0.16864,-0.66528,0.99997
13203,-0.17426,-0.54431,0.99997
13204,-0.16730,-0.24048,0.99997
13205,-0.19327,0.04089,0.99997
13207,-0.25787,0.17746,0.99997
13208,-0.31412,0.18292,0.99997
13209,-0.29623,0.15207,0.99997
13210,-0.17767,0.16422,0.99997
13211,-0.00632,0.23239,0.28018
13213,0.11688,0.32739,-0.27225
13214,0.10400,0.43036,0.17438
13215,-0.05890,0.55075,0.99997
13216,-0.30209,0.69333,0.99997
13217,-0.51813,0.81897,0.99997
13219,-0.62512,0.85327,0.99997
13220,-0.60367,0.74698,0.99997
13221,-0.49139,0.53348,0.99997
13222,-0.35089,0.32181,-0.37396
13223,-0.23590,0.22003,-1.00000
13225,-0.17169,0.25113,-1.00000
13226,-0.15240,0.33511,-1.00000
13227,-0.15387,0.35593,-1.00000
13228,-0.15463,0.25690,-1.00000
13229,-0.15210,0.08487,-1.00000
13230,-0.15921,-0.05017,-1.00000
13232,-0.18256,-0.06024,-1.00000
13233,-0.20337,0.06207,-1.00000
13234,-0.18521,0.25156,-0.72052
13235,-0.10687,0.42590,-0.22217
13236,0.00940,0.53769,0.59869
13238,0.10559,0.58707,0.99997
13239,0.12979,0.59729,0.99997
13240,0.07593,0.58221,0.99997
13241,-0.01389,0.53317,0.99997
13242,-0.08566,0.43213,0.99997
13244,-0.11404,0.27551,0.99997
13245,-0.11273,0.08469,0.99997
13246,-0.11105,-0.10812,0.99997
13247,-0.12213,-0.28415,0.99997
13248,-0.13022,-0.44302,0.99997
13250,-0.10489,-0.57693,0.19067
13251,-0.02783,-0.64258,-1.00000
13252,0.08847,-0.57413,-1.00000
13253,0.20343,-0.34384,-1.00000
13254,0.27069,-0.01550,-1.00000
13255,0.26691,0.27362,-0.09744
13257,0.20651,0.40152,0.39746
13258,0.13052,0.34036,0.12137
13259,0.07739,0.14902,-0.69797
13260,0.05969,-0.10535,-1.00000
13261,0.06567,-0.40012,-1.00000
13263,0.08069,-0.72028,-1.00000
13264,0.10342,-0.98294,-1.00000
13265,0.13980,-1.00000,-0.99695
13266,0.18411,-0.75989,0.19666
13267,0.21375,-0.20099,0.91660
13269,0.20749,0.43466,0.77481
13270,0.16852,0.90353,-0.08307
13271,0.12451,0.99997,-1.00000
13272,0.10153,0.94876,-1.00000
13273,0.09857,0.63077,-1.00000
13275,0.08984,0.21524,-1.00000
13276,0.05267,-0.20197,-1.00000
13277,-0.00873,-0.50638,-1.00000
13278,-0.06708,-0.59195,-1.00000
13279,-0.09671,-0.43961,-1.00000
13280,-0.09229,-0.16031,-0.68063
13282,-0.06619,0.06882,0.03003
13283,-0.03278,0.13434,0.45374
13284,0.00027,0.06354,0.47925
13285,0.02814,-0.02206,0.28278
13286,0.04340,-0.02518,0.16693
13288,0.04004,0.05148,0.33124
13289,0.02231,0.13092,0.73010
13290,0.00430,0.14548,0.99997
13291,-0.00369,0.09186,0.99997
13292,-0.00851,0.01837,0.97455
13294,-0.02985,-0.02454,0.72238
13295,-0.07825,-0.01898,0.79971
13296,-0.13663,0.02029,0.99997
13297,-0.16748,0.06348,0.99997
13298,-0.14362,0.08072,0.99997
13300,-0.07617,0.05127,0.46393
13301,-0.01050,-0.02710,-1.00000
13302,0.00995,-0.13058,-1.00000
13303,-0.01880,-0.21582,-1.00000
13304,-0.05887,-0.24384,-1.00000
13305,-0.06723,-0.20746,-1.00000
13307,-0.03809,-0.13965,-1.00000
13308,-0.00891,-0.09204,-0.84537
13309,-0.02267,-0.09821,0.52597
13310,-0.08368,-0.14996,0.99997
13311,-0.15204,-0.20618,0.99997
13313,-0.18304,-0.22659,0.99997
13314,-0.17017,-0.20261,0.99997
13315,-0.14648,-0.15958,0.99997
13316,-0.14572,-0.13077,0.99997
13317,-0.16925,-0.12805,0.12265
13319,-0.19659,-0.13602,-1.00000
13320,-0.22153,-0.13177,-1.00000
13321,-0.26276,-0.10928,-1.00000
13322,-0.33020,-0.08386,-0.78937
13323,-0.39032,-0.07419,0.99997
13325,-0.38754,-0.08139,0.99997
13326,-0.31378,-0.08621,0.99997
13327,-0.25000,-0.06635,0.33624
13328,-0.31561,-0.01736,-0.92929
13329,-0.55612,0.04248,-1.00000
13330,-0.87228,0.08597,-1.00000
13332,-1.00000,0.09607,-1.00000
13333,-0.96939,0.07431,-1.00000
13334,-0.57315,0.03381,-1.00000
13335,-0.04089,-0.01303,-1.00000
13336,0.37427,-0.06036,-1.00000
13338,0.47812,-0.10489,-1.00000
13339,0.26190,-0.14008,-1.00000
13340,-0.07886,-0.15704,-0.36594
13341,-0.27615,-0.15173,-0.24899
13342,-0.21008,-0.12909,-1.00000
13344,-0.04654,-0.09854,-1.00000
13345,-0.13858,-0.06509,-1.00000
13346,-0.72430,-0.02698,-1.00000
13347,-1.00000,0.01675,-1.00000
13348,-1.00000,0.05826,-1.00000
13350,-1.00000,0.08362,-1.00000
13351,-1.00000,0.08676,-1.00000
13352,-0.89294,0.07956,-1.00000
13353,0.16101,0.08417,-1.00000
13354,0.70456,0.11127,-1.00000
13355,0.61362,0.14410,0.99997
13357,0.08881,0.14575,0.99997
13358,-0.50162,0.08725,0.99997
13359,-0.82404,-0.02478,0.99997
13360,-0.74417,-0.14230,0.99997
13361,-0.38852,-0.19666,0.99997
13363,-0.05051,-0.13409,0.99997
13364,0.02982,0.05011,0.99997
13365,-0.13675,0.29456,0.99997
13366,-0.28754,0.48599,-0.67288
13367,-0.12610,0.51230,-1.00000
13369,0.42242,0.33838,-1.00000
13370,0.99997,0.05685,-1.00000
13371,0.99997,-0.14069,-1.00000
13372,0.99997,-0.07886,-1.00000
13373,0.99997,0.26929,-1.00000
13375,0.99997,0.73898,-0.93906
13376,0.99997,0.99997,-0.31183
13377,0.99997,0.99997,0.49973
13378,0.99997,0.76718,0.94443
13379,0.99997,0.32352,0.66632
13380,0.99997,-0.04962,-0.20786
13382,0.99997,-0.25134,-1.00000
13383,0.99997,-0.31265,-1.00000
13384,0.99997,-0.32196,-1.00000
13385,0.99393,-0.33600,-1.00000
13386,0.80249,-0.35522,-0.70175
13388,0.58148,-0.36313,-0.73889
13389,0.39062,-0.36795,-1.00000
13390,0.27911,-0.39719,-1.00000
13391,0.26645,-0.45691,-1.00000
13392,0.34250,-0.50894,-1.00000
13394,0.47375,-0.49948,-1.00000
13395,0.61035,-0.41385,-1.00000
13396,0.69974,-0.29938,-0.84772
13397,0.70953,-0.22656,-0.04037
13398,0.64612,-0.22171,0.99997
13400,0.55115,-0.23740,0.99997
13401,0.47314,-0.19489,0.99997
13402,0.43466,-0.06180,0.99997
13403,0.42154,0.10837,0.99997
13404,0.40320,0.21585,0.99997
13405,0.36560,0.19913,0.99997
13407,0.32767,0.08746,0.99997
13408,0.32614,-0.02570,0.09949
13409,0.38028,-0.06351,-1.00000
13410,0.46567,-0.02957,-1.00000
13411,0.52176,-0.00116,-1.00000
13413,0.49289,-0.06000,-1.00000
13414,0.37338,-0.21759,-1.00000
13415,0.22037,-0.39526,-1.00000
13416,0.11810,-0.47565,-1.00000
13417,0.11777,-0.38754,-0.41327
13419,0.20114,-0.15878,0.82431
13420,0.30078,0.10608,0.99997
13421,0.36011,0.30630,0.99997
13422,0.37827,0.41479,0.99997
13423,0.39728,0.47519,0.99997
13425,0.44464,0.53214,0.99997
13426,0.49091,0.56601,0.99997
13427,0.46915,0.49829,0.99997
13428,0.34003,0.26096,0.99997
13429,0.13876,-0.14188,0.17593
13430,-0.04498,-0.63632,-1.00000
13432,-0.13626,-1.00000,-1.00000
13433,-0.12915,-1.00000,-1.00000
13434,-0.07910,-1.00000,-1.00000
13435,-0.04776,-1.00000,-1.00000
13436,-0.05557,-1.00000,-1.00000
13438,-0.08087,-1.00000,-1.00000
13439,-0.09424,-1.00000,-1.00000
13440,-0.08847,-1.00000,-1.00000
13441,-0.07816,-1.00000,-1.00000
13442,-0.07843,-1.00000,-1.00000
13444,-0.08801,-1.00000,-1.00000
13445,-0.09158,-1.00000,-1.00000
13446,-0.07507,-1.00000,-1.00000
13447,-0.03860,-0.39044,-1.00000
13448,0.00269,0.24222,-1.00000
13450,0.02805,0.40948,-1.00000
13451,0.02390,0.17941,-1.00000
13452,-0.00851,-0.22711,-1.00000
13453,-0.05539,-0.57513,-1.00000
13454,-0.10074,-0.72751,-1.00000
13455,-0.13641,-0.67990,-1.00000
13457,-0.16409,-0.52264,-1.00000
13458,-0.18829,-0.36783,-1.00000
13459,-0.20892,-0.28604,-0.39029
13460,-0.22186,-0.28036,0.14352
13461,-0.22604,-0.30203,0.45346
13463,-0.22821,-0.29126,0.59647
13464,-0.23694,-0.21814,0.70111
13465,-0.25061,-0.09967,0.94003
13466,-0.25220,0.01544,0.99997
13467,-0.22018,0.08170,0.99997
13469,-0.14960,0.08530,0.99997
13470,-0.06540,0.04550,0.99997
13471,-0.01163,-0.00888,0.99997
13472,-0.02017,-0.06607,-0.26602
13473,-0.08273,-0.13763,-1.00000
13475,-0.15225,-0.24307,-1.00000
13476,-0.17850,-0.39038,-1.00000
13477,-0.15012,-0.56967,-1.00000
13478,-0.10602,-0.75980,-1.00000
13479,-0.10260,-0.93604,-1.00000
13480,-0.16327,-1.00000,-1.00000
13482,-0.25595,-1.00000,-1.00000
13483,-0.31851,-1.00000,-1.00000
13484,-0.30835,-1.00000,-1.00000
13485,-0.23245,-1.00000,-1.00000
13486,-0.13550,-1.00000,-1.00000
13488,-0.06454,-1.00000,-1.00000
13489,-0.04550,-1.00000,-1.00000
13490,-0.08762,-1.00000,-0.76523
13491,-0.20312,-0.97928,0.99997
13492,-0.41559,-1.00000,0.99997
13494,-0.74289,-1.00000,0.99997
13495,-1.00000,-0.85925,0.99997
13496,-1.00000,-0.46088,0.99997
13497,-1.00000,-0.13452,0.99997
13498,-1.00000,-0.32993,0.99997
13500,-1.00000,-1.00000,0.22296
13501,-1.00000,-1.00000,-1.00000
13502,-1.00000,-1.00000,-1.00000
13503,-1.00000,-1.00000,-1.00000
13504,-1.00000,-1.00000,-1.00000
13505,-1.00000,-1.00000,-1.00000
13507,-1.00000,-1.00000,0.99997
13508,-1.00000,-1.00000,0.99997
13509,-1.00000,-1.00000,0.99997
13510,-1.00000,-1.00000,0.99997
13511,-1.00000,-1.00000,-0.17761
13513,-1.00000,-1.00000,-1.00000
13514,-0.78165,-1.00000,-0.66052
13515,-0.28049,0.76627,0.99997
13516,0.06512,0.99997,0.99997
13517,0.14679,0.99997,0.99997
13519,-0.00528,0.99997,0.99997
13520,-0.21530,0.99997,0.99997
13521,-0.24838,0.99997,0.99997
13522,0.07220,0.99997,0.99997
13523,0.77881,0.99997,0.99997
13525,0.99997,0.99997,0.99997
13526,0.99997,0.99997,0.99997
13527,0.99997,0.99997,0.99997
13528,0.99997,0.99997,0.99997
13529,0.99997,0.99997,0.51181
13530,0.77353,0.99997,-1.00000
13532,-0.55573,0.99997,-1.00000
13533,-1.00000,0.99997,-1.00000
13534,-1.00000,0.99997,-1.00000
13535,-0.35605,0.99997,-1.00000
13536,0.60107,0.74689,-1.00000
13538,0.99997,-1.00000,-1.00000
13539,0.94919,-1.00000,-1.00000
13540,0.23746,-1.00000,-1.00000
13541,-0.62570,-1.00000,-1.00000
13542,-1.00000,-1.00000,-1.00000
13544,-1.00000,-1.00000,-1.00000
13545,-1.00000,-1.00000,-1.00000
13546,-1.00000,-1.00000,-1.00000
13547,-1.00000,-1.00000,-1.00000
13548,-1.00000,-1.00000,-1.00000
13550,-1.00000,0.45273,-1.00000
13551,-1.00000,0.99997,-1.00000
13552,-1.00000,0.99997,-1.00000
13553,-1.00000,0.99997,-1.00000
13554,-1.00000,0.99997,-1.00000
13555,-1.00000,0.99997,-1.00000
13557,-1.00000,0.99997,-1.00000
13558,-1.00000,0.99997,-0.30603
13559,-1.00000,0.99997,0.99997
13560,-1.00000,0.99997,0.99997
13561,-1.00000,0.99997,0.99997
13563,-1.00000,0.99997,0.99997
13564,-1.00000,0.99997,0.99997
13565,-1.00000,0.99997,0.99997
13566,-1.00000,0.99997,0.99997
13567,-1.00000,0.24469,0.99997
13569,-1.00000,-0.56406,0.99997
13570,-1.00000,-0.84457,0.99997
13571,-1.00000,-0.65805,0.37592
13572,-1.00000,-0.62692,0.40652
13573,-1.00000,-1.00000,0.99997
13575,-1.00000,-1.00000,0.99997
13576,-1.00000,-1.00000,0.99997
13577,-1.00000,-1.00000,0.99997
13578,0.66190,-1.00000,0.99997
13579,0.99997,-1.00000,0.99997
13580,0.99997,0.06143,0.99997
13582,0.99997,0.99997,0.99997
13583,0.99997,0.99997,-0.17880
13584,0.99997,0.99997,-1.00000
13585,0.99997,0.99997,-1.00000
13586,0.99997,0.99997,-1.00000
13588,0.99997,0.61127,-1.00000
13589,0.99997,-0.86365,-1.00000
13590,0.99997,-1.00000,-1.00000
13591,0.99997,-1.00000,-1.00000
13592,0.99997,-0.83807,-1.00000
13594,0.99997,0.31046,-1.00000
13595,0.99997,0.99997,0.79990
13596,0.99997,0.99997,0.99997
13597,0.99997,0.99997,0.99997
13598,0.99997,0.99997,0.99997
13600,0.99997,0.99997,0.98358
13601,0.99997,0.99997,-0.69827
13602,0.99997,-0.28925,-1.00000
13603,0.99997,-0.86230,-0.89557
13604,0.99997,-0.23669,0.61642
13605,0.99997,0.81714,0.99997
13607,0.99997,0.99997,0.99997
13608,0.99997,0.99997,0.99997
13609,0.99997,0.99997,0.99997
13610,0.99997,0.97751,0.99997
13611,0.99997,0.99997,0.99997
13613,0.80307,0.99997,0.99997
13614,-0.36642,0.99997,0.99997
13615,0.29956,0.71274,0.99997
13616,0.99997,0.42511,0.99997
13617,0.99997,0.48355,0.99997
13619,0.99997,0.81912,0.99997
13620,0.99997,0.99997,0.99997
13621,0.99997,0.71750,0.99997
13622,-0.04770,-0.19034,0.98322
13623,-1.00000,-1.00000,0.91025
13625,-1.00000,-1.00000,0.99997
13626,-1.00000,-1.00000,0.99997
13627,-1.00000,-1.00000,0.95367
13628,-1.00000,-1.00000,0.45477
13629,-1.00000,-1.00000,-0.15985
13630,-1.00000,-1.00000,-0.55756
13632,-1.00000,-1.00000,-0.55106
13633,-1.00000,-1.00000,-0.23340
13634,-1.00000,-0.76004,0.12045
13635,-1.00000,0.59552,0.28302
13636,-1.00000,0.99997,0.23975
13638,-1.00000,0.99997,0.17343
13639,-1.00000,0.99997,0.29782
13640,-1.00000,0.99997,0.67111
13641,-1.00000,0.99997,0.99997
13642,-1.00000,0.93735,0.99997
13644,-1.00000,-0.42810,0.99997
13645,-1.00000,-1.00000,0.33978
13646,-1.00000,-1.00000,-0.54706
13647,-1.00000,-1.00000,-1.00000
13648,-0.93292,-0.64746,-1.00000
13650,-1.00000,-0.01868,-0.94931
13651,-1.00000,0.37775,-0.39862
13652,-1.00000,0.57324,0.05960
13653,0.44965,0.65155,0.30606
13654,0.99997,0.60330,0.40759
13655,0.99997,0.35287,0.48547
13657,0.99997,-0.09265,0.58051
13658,0.99997,-0.56149,0.63403
13659,0.99997,-0.81409,0.57416
13660,0.99997,-0.73511,0.40155
13661,0.99997,-0.43375,0.18851
13663,0.71677,-0.15717,0.00699
13664,-1.00000,-0.10010,-0.12924
13665,-1.00000,-0.27823,-0.24872
13666,-1.00000,-0.55417,-0.35965
13667,-1.00000,-0.76230,-0.41711
13669,-1.00000,-0.81461,-0.36188
13670,-0.47623,-0.72174,-0.19220
13671,0.40524,-0.55334,0.00943
13672,0.56039,-0.39349,0.12955
13673,0.41797,-0.31241,0.11252
13675,0.40143,-0.34039,0.00430
13676,0.54166,-0.44107,-0.08795
13677,0.52374,-0.51581,-0.08246
13678,0.07562,-0.46426,0.01929
13679,-0.67813,-0.26883,0.14621
13680,-1.00000,-0.02704,0.22192
13682,-1.00000,0.11340,0.22168
13683,-0.09296,0.07251,0.18076
13684,0.99997,-0.09534,0.15820
13685,0.99997,-0.24924,0.19171
13686,0.99997,-0.28217,0.27594
13688,0.99997,-0.20422,0.37387
13689,0.99997,-0.11868,0.44553
13690,0.99997,-0.12225,0.47238
13691,0.99997,-0.22510,0.46198
13692,0.99997,-0.35611,0.43460
13694,0.99997,-0.43323,0.40454
13695,0.99997,-0.42737,0.37177
13696,0.99997,-0.37119,0.32916
13697,0.99997,-0.32169,0.27643
13698,0.99997,-0.31973,0.22626
13700,0.99997,-0.37363,0.19565
13701,0.99997,-0.46396,0.19052
13702,0.99997,-0.55389,0.19891
13703,0.47318,-0.59985,0.20071
13704,-1.00000,-0.56805,0.18539
13705,-1.00000,-0.45493,0.16156
13707,-1.00000,-0.29678,0.14911
13708,-0.65613,-0.15540,0.16107
13709,-0.28192,-0.08472,0.19174
13710,-0.74930,-0.10135,0.22137
13711,-1.00000,-0.18054,0.23273
13713,-1.00000,-0.27771,0.22479
13714,-1.00000,-0.35706,0.21231
13715,-0.98148,-0.40607,0.21188
13716,0.38437,-0.43069,0.22656
13717,0.99997,-0.44122,0.24191
13719,0.99997,-0.44260,0.23730
13720,0.33725,-0.43420,0.20474
13721,-0.57095,-0.41507,0.15997
13722,-1.00000,-0.38754,0.13525
13723,-1.00000,-0.35739,0.15628
13725,-1.00000,-0.33148,0.21927
13726,-0.89212,-0.31509,0.28699
13727,-0.93423,-0.31030,0.30902
13728,-1.00000,-0.31534,0.25400
13729,-1.00000,-0.32565,0.13110
13730,-0.85016,-0.33545,-0.01373
13732,-0.10791,-0.33920,-0.12445
13733,0.77325,-0.33304,-0.16663
13734,0.99997,-0.31665,-0.14496
13735,0.99997,-0.29529,-0.09695
13736,0.63211,-0.27774,-0.06696
13738,-0.10495,-0.27036,-0.07745
13739,-0.28720,-0.27011,-0.11533
13740,0.45609,-0.26547,-0.14297
13741,0.99997,-0.24750,-0.12708
13742,0.99997,-0.22287,-0.06387
13744,0.99997,-0.21448,0.01886
13745,0.99997,-0.24438,0.08426
13746,0.82150,-0.31125,0.11447
13747,-0.86273,-0.38330,0.12054
13748,-1.00000,-0.41800,0.12762
13750,-1.00000,-0.39520,0.15134
13751,-0.18506,-0.33575,0.18692
13752,0.37991,-0.28671,0.21854
13753,0.08585,-0.28345,0.23541
13754,-0.91156,-0.32108,0.23828
13755,-1.00000,-0.36096,0.23236
13757,-1.00000,-0.36749,0.21878
13758,-1.00000,-0.34134,0.19482
13759,-1.00000,-0.32007,0.16159
13760,-1.00000,-0.34561,0.12793
13761,-1.00000,-0.42889,0.10574
13763,-1.00000,-0.54083,0.10245
13764,-1.00000,-0.63464,0.11792
13765,-1.00000,-0.67740,0.14679
13766,-1.00000,-0.66815,0.18005
13767,-1.00000,-0.63437,0.20416
13769,-1.00000,-0.61563,0.20410
13770,-1.00000,-0.64514,0.17447
13771,-1.00000,-0.73557,0.12915
13772,-0.99536,-0.87283,0.09610
13773,-1.00000,-1.00000,0.09537
13775,-1.00000,-1.00000,0.11887
13776,-0.54883,-1.00000,0.13425
13777,0.46704,-1.00000,0.11215
13778,0.99997,-1.00000,0.05270
13779,0.99997,-1.00000,-0.01407
13780,0.99997,-1.00000,-0.05338
13782,-0.49432,-1.00000,-0.05243
13783,-1.00000,-1.00000,-0.02603
13784,-1.00000,-1.00000,-0.00183
13785,-1.00000,-1.00000,-0.00165
13786,-0.42816,-1.00000,-0.03207
13788,0.20618,-1.00000,-0.08331
13789,-0.43832,-1.00000,-0.13144
13790,-1.00000,-1.00000,-0.14624
13791,-1.00000,-1.00000,-0.10825
13792,-1.00000,-1.00000,-0.02646
13794,-1.00000,-1.00000,0.06064
13795,-1.00000,-1.00000,0.10806
13796,-0.27786,-1.00000,0.09442
13797,0.52515,-1.00000,0.03125
13798,0.99997,-0.73834,-0.05618
13800,0.99997,-0.04517,-0.15475
13801,0.99997,0.77243,-0.26596
13802,0.99997,0.99997,-0.38263
13803,0.08240,0.99997,-0.46622
13804,-1.00000,0.99997,-0.45340
13805,-1.00000,0.99997,-0.29135
13807,-1.00000,0.99997,0.02374
13808,-0.41583,0.99997,0.42999
13809,0.99997,0.99997,0.81186
13810,0.99997,0.99997,0.99997
13811,0.99997,0.99997,0.99997
13813,0.99997,0.99997,0.69879
13814,0.97000,0.99997,0.21616
13815,0.34039,0.99997,-0.29370
13816,0.33960,0.99997,-0.70966
13817,0.90573,0.99997,-1.00000
13819,0.99997,0.99997,-1.00000
13820,0.99997,0.99997,-1.00000
13821,0.99997,0.99997,-1.00000
13822,0.99997,0.99997,-1.00000
13823,0.99997,0.99997,-0.88269
13825,0.99997,0.99997,-0.01328
13826,0.99997,0.99997,0.93802
13827,0.92990,0.99997,0.99997
13828,-1.00000,0.99997,0.99997
13829,-1.00000,0.99997,0.99997
13830,-1.00000,0.99997,0.99997
13832,-1.00000,0.99997,0.56641
13833,-0.42014,0.99997,-0.22211
13834,0.17886,0.99997,-1.00000
13835,-1.00000,0.99997,-1.00000
13836,-1.00000,-1.00000,-1.00000
13838,-1.00000,-1.00000,-1.00000
13839,-1.00000,-1.00000,-1.00000
13840,-1.00000,-1.00000,-1.00000
13841,0.55902,-1.00000,-1.00000
13842,0.99997,-1.00000,-1.00000
13844,0.99997,-1.00000,-1.00000
13845,0.99997,-1.00000,-1.00000
13846,0.99997,-1.00000,-1.00000
13847,0.99997,-1.00000,-1.00000
13848,0.99997,-1.00000,-1.00000
13850,0.99997,-1.00000,-1.00000
13851,0.99997,-1.00000,-1.00000
13852,0.99997,-1.00000,0.99469
13853,0.99997,-1.00000,0.99997
13854,0.99997,-1.00000,0.99997
13855,0.99997,-1.00000,0.99997
13857,0.99997,0.99997,0.99997
13858,0.09174,0.99997,0.99997
13859,0.40738,0.99997,0.99997
13860,0.99997,0.99997,0.99997
13861,0.99997,0.99997,0.99997
13863,0.99997,0.99997,0.99997
13864,0.99997,0.99997,0.99997
13865,-1.00000,0.99997,0.99997
13866,-1.00000,0.99997,0.99997
13867,-1.00000,0.99997,0.99997
13869,-1.00000,0.99997,0.99997
13870,-0.27869,0.99997,0.99997
13871,0.70920,0.99997,0.99997
13872,0.29742,0.99997,-0.79919
13873,-1.00000,0.81064,-1.00000
13875,-1.00000,-0.53012,-1.00000
13876,-1.00000,-0.93958,-1.00000
13877,-1.00000,-0.82480,-1.00000
13878,-1.00000,-0.94113,-1.00000
13879,-1.00000,-1.00000,-1.00000
13880,-1.00000,-1.00000,-1.00000
13882,-1.00000,-0.88928,-1.00000
13883,-1.00000,0.99997,-1.00000
13884,-1.00000,0.99997,-0.66721
13885,-1.00000,0.99997,-0.44623
13886,-1.00000,0.99997,-0.16412
13888,0.18991,0.99997,0.13843
13889,0.99997,-0.35114,0.32175
13890,0.99997,-1.00000,0.36465
13891,0.99997,-0.27231,0.41486
13892,0.99997,0.99997,0.60495
13894,0.99997,0.99997,0.84869
13895,0.99997,0.99997,0.88995
13896,0.99997,-0.38202,0.61340
13897,0.99997,-1.00000,0.30618
13898,0.99997,-1.00000,0.54346
13900,0.99997,-0.30154,0.99997
13901,0.50812,0.99997,0.99997
13902,-1.00000,0.99997,0.99997
13903,-1.00000,0.99997,0.99997
13904,-1.00000,-0.29327,0.99997
13905,-1.00000,-0.99551,0.99997
13907,-1.00000,-0.10165,0.99997
13908,-1.00000,0.99997,0.99997
13909,-0.61542,0.99997,0.99997
13910,0.99997,0.99997,0.99997
13911,0.99997,-0.65433,0.99997
13913,0.58530,-1.00000,0.99997
13914,-1.00000,-1.00000,0.99997
13915,-1.00000,0.64304,0.99997
13916,-1.00000,0.99997,0.99997
13917,-1.00000,0.99997,0.99997
13919,-1.00000,0.99997,0.99997
13920,-1.00000,0.99997,0.99997
13921,-1.00000,0.97211,0.99997
13922,-0.40735,0.58469,0.99997
13923,0.99997,0.79782,0.99997
13925,0.99997,0.63470,0.99997
13926,0.99997,-0.33237,0.99997
13927,0.99997,-1.00000,0.99997
13928,0.99997,-1.00000,0.99997
13929,0.99997,-1.00000,0.99997
13930,0.99997,-1.00000,0.99997
13932,0.99997,-1.00000,0.99997
13933,0.99997,-1.00000,0.99997
13934,0.99997,-1.00000,0.99997
13935,0.99997,-1.00000,0.99997
13936,0.99997,-1.00000,0.99997
13938,0.64713,-1.00000,0.99997
13939,0.11224,-0.41022,0.99997
13940,-0.46387,0.43604,0.99997
13941,-0.97937,-0.13409,0.99997
13942,-1.00000,-1.00000,0.99997
13944,-1.00000,-1.00000,-0.70969
13945,-1.00000,-1.00000,-1.00000
13946,-1.00000,-1.00000,-1.00000
13947,-1.00000,-0.85870,-1.00000
13948,-1.00000,-0.41095,-1.00000
13950,-1.00000,-0.77533,-1.00000
13951,-1.00000,-1.00000,-1.00000
13952,-1.00000,-0.60968,-1.00000
13953,-1.00000,0.99997,-1.00000
13954,-1.00000,0.99997,-1.00000
13955,-1.00000,0.99997,-1.00000
13957,-1.00000,0.99997,-1.00000
13958,0.24615,0.99997,-1.00000
13959,0.99997,0.99997,-1.00000
13960,0.99997,0.22791,-1.00000
13961,0.99997,0.26587,-1.00000
13963,0.99997,0.88733,-1.00000
13964,0.99997,0.99997,-1.00000
13965,0.99997,0.99997,-1.00000
13966,0.99997,0.99997,-1.00000
13967,-0.08469,0.70087,-1.00000
13969,-1.00000,0.58588,-1.00000
13970,-1.00000,0.96689,-1.00000
13971,-1.00000,0.99997,-1.00000
13972,-1.00000,0.99997,-1.00000
13973,-1.00000,0.99997,-1.00000
13975,-1.00000,0.44687,-1.00000
13976,-1.00000,-0.63971,0.99997
13977,-1.00000,-1.00000,0.99997
13978,-1.00000,-1.00000,0.99997
13979,-1.00000,-1.00000,0.99997
13980,-1.00000,-1.00000,0.99997
13982,-1.00000,-1.00000,0.99997
13983,-1.00000,-1.00000,0.99997
13984,-0.42657,-1.00000,0.99997
13985,0.89258,-1.00000,0.99997
13986,0.99997,-1.00000,0.99997
13988,0.99997,-0.45746,0.99997
13989,0.99997,-0.75107,0.99997
13990,0.99997,-1.00000,0.99997
13991,0.99997,-1.00000,0.99997
13992,0.99997,-0.97382,0.99997
13994,0.99997,-0.05637,0.99997
13995,0.37695,0.54782,0.99997
13996,-0.14993,0.41071,0.99997
13997,-0.21005,-0.37216,0.99997
13998,0.31506,-1.00000,0.99997
14000,0.99997,-1.00000,0.99997
14001,0.99997,-1.00000,0.99997
14002,0.44104,-1.00000,0.99997
14003,-0.72095,-0.53632,0.99997
14004,-1.00000,0.42981,0.99997
14005,-0.78421,0.75488,0.99997
14007,0.42737,0.00574,-1.00000
14008,0.99997,-1.00000,-1.00000
14009,0.07703,-1.00000,-1.00000
14010,-1.00000,-1.00000,-1.00000
14011,-1.00000,-1.00000,0.99997
14013,-1.00000,0.99997,0.99997
14014,-1.00000,0.99997,0.99997
14015,-1.00000,0.99997,0.99997
14016,-1.00000,0.40942,0.99997
14017,-1.00000,-1.00000,0.99997
14019,-1.00000,-1.00000,0.99997
14020,-1.00000,-1.00000,0.99997
14021,-1.00000,-0.49472,0.99997
14022,-1.00000,0.99997,0.99997
14023,-1.00000,0.99997,0.99997
14025,-1.00000,0.99997,0.99997
14026,-1.00000,0.99997,0.99997
14027,-1.00000,0.99997,0.99997
14028,-0.28030,0.99997,0.99997
14029,0.99997,0.24677,-1.00000
14030,0.99997,-1.00000,-1.00000
14032,0.99997,-1.00000,-1.00000
14033,0.99997,-1.00000,-1.00000
14034,0.99997,-1.00000,-1.00000
14035,0.99997,-1.00000,-1.00000
14036,0.99997,-1.00000,-1.00000
14038,0.99997,-1.00000,-1.00000
14039,0.99997,-1.00000,-0.95245
14040,0.99997,-1.00000,0.99997
14041,0.99997,-1.00000,0.99997
14042,0.99997,-1.00000,0.99997
14044,0.51071,-1.00000,0.99997
14045,0.24091,-1.00000,0.99997
14046,0.78268,-1.00000,0.99997
14047,0.99997,-1.00000,0.99997
14048,0.99997,-1.00000,0.99997
14050,0.99997,-1.00000,0.99997
14051,0.99997,0.47031,0.99997
14052,-0.04996,0.99997,0.99997
14053,-0.87567,0.99997,0.99997
14054,-0.92252,0.99997,0.99997
14055,-0.52515,0.99997,0.99997
14057,-0.23969,0.99997,0.99997
14058,-0.33008,-0.68936,0.99997
14059,-0.62134,-1.00000,0.99997
14060,-0.79507,-1.00000,0.99997
14061,-0.76721,-1.00000,0.99997
14063,-0.75870,-1.00000,-1.00000
14064,-1.00000,-1.00000,-1.00000
14065,-1.00000,-1.00000,-1.00000
14066,-1.00000,-1.00000,-1.00000
14067,-1.00000,-1.00000,-1.00000
14069,-1.00000,0.99997,-1.00000
14070,-0.80014,0.99997,-1.00000
14071,0.05014,0.99997,-1.00000
14072,0.51611,0.99997,-1.00000
14073,0.48730,-0.26514,-1.00000
14075,0.16821,-1.00000,-1.00000
14076,-0.06036,-1.00000,-1.00000
14077,0.09567,-1.00000,-1.00000
14078,0.62997,-1.00000,-1.00000
14079,0.99997,-1.00000,-0.49579
14080,0.99997,-1.00000,0.46417
14082,0.99997,-1.00000,-0.15137
14083,0.99997,-1.00000,-1.00000
14084,0.82843,-1.00000,-1.00000
14085,0.71890,-1.00000,-1.00000
14086,0.63730,-1.00000,-1.00000
14088,0.33936,-1.00000,-1.00000
14089,-0.20618,-1.00000,-1.00000
14090,-0.70486,-1.00000,-1.00000
14091,-0.74994,-1.00000,-1.00000
14092,-0.17889,-1.00000,-1.00000
14094,0.75885,-1.00000,-1.00000
14095,0.99997,-1.00000,-1.00000
14096,0.99997,-1.00000,-1.00000
14097,0.99997,-1.00000,-1.00000
14098,0.99997,-1.00000,-1.00000
14100,0.99997,-1.00000,-1.00000
14101,0.99997,-1.00000,-1.00000
14102,0.99997,-1.00000,-1.00000
14103,0.99997,-1.00000,-1.00000
14104,0.99997,-1.00000,-1.00000
14105,0.99997,-1.00000,-1.00000
14107,0.98349,-1.00000,-1.00000
14108,0.98279,-1.00000,-1.00000
14109,0.99997,-1.00000,-1.00000
14110,0.99997,-1.00000,-1.00000
14111,0.91022,-1.00000,-1.00000
14113,0.81485,-1.00000,-1.00000
14114,0.78787,-1.00000,-1.00000
14115,0.84976,0.63504,-1.00000
14116,0.96536,0.99997,-1.00000
14117,0.99997,0.99997,-1.00000
14119,0.99997,0.79178,-1.00000
14120,0.99997,-1.00000,-1.00000
14121,0.99997,-1.00000,-1.00000
14122,0.99997,-1.00000,-1.00000
14123,0.94934,-1.00000,-1.00000
14125,0.81390,-1.00000,-1.00000
14126,0.67020,-1.00000,-1.00000
14127,0.56763,-1.00000,0.08752
14128,0.55734,-1.00000,0.99997
14129,0.65356,-1.00000,0.99997
14130,0.81448,-1.00000,0.99997
14132,0.96274,-1.00000,0.52649
14133,0.99997,-1.00000,-1.00000
14134,0.99481,-1.00000,-1.00000
14135,0.87854,-1.00000,-1.00000
14136,0.72922,-1.00000,-1.00000
14138,0.59406,-1.00000,-1.00000
14139,0.50592,-1.00000,-1.00000
14140,0.47617,-1.00000,-1.00000
14141,0.49142,-0.77493,-1.00000
14142,0.51984,-0.20795,-1.00000
14144,0.53137,0.37726,-1.00000
14145,0.51819,0.51913,-1.00000
14146,0.49417,-0.08340,-1.00000
14147,0.47098,-1.00000,-1.00000
14148,0.43933,-1.00000,-1.00000
14150,0.38599,-1.00000,-1.00000
14151,0.33359,-1.00000,-1.00000
14152,0.35004,-1.00000,-1.00000
14153,0.49078,-1.00000,-1.00000
14154,0.71207,-1.00000,-1.00000
14155,0.84979,-1.00000,-1.00000
14157,0.71747,-0.77557,-1.00000
14158,0.26315,0.13907,-1.00000
14159,-0.35376,0.71408,-1.00000
14160,-0.85132,0.92175,-0.82245
14161,-1.00000,0.87186,-0.53271
14163,-0.84827,0.73196,-0.36523
14164,-0.51147,0.61859,-0.37769
14165,-0.19711,0.55481,-0.56146
14166,0.01315,0.51169,-0.82938
14167,0.14578,0.46689,-1.00000
14169,0.24500,0.41501,-1.00000
14170,0.30939,0.34103,-0.93277
14171,0.31964,0.21689,-0.68417
14172,0.30313,0.04193,-0.47598
14173,0.33771,-0.12390,-0.37656
14175,0.47296,-0.19098,-0.33023
14176,0.65390,-0.12070,-0.21252
14177,0.74286,0.02560,0.05096
14178,0.63501,0.12613,0.41010
14179,0.36017,0.09473,0.73096
14180,0.06873,-0.05569,0.91916
14182,-0.08920,-0.23505,0.99997
14183,-0.08023,-0.35251,0.99997
14184,0.00266,-0.37552,0.99997
14185,0.03455,-0.33170,0.99997
14186,-0.03537,-0.27280,0.99997
14188,-0.15640,-0.24048,0.99997
14189,-0.23447,-0.25238,0.99997
14190,-0.21143,-0.30179,0.51279
14191,-0.09976,-0.36334,-0.09949
14192,0.04044,-0.40729,-0.35312
14194,0.14832,-0.41821,-0.25885
14195,0.19485,-0.40335,-0.00793
14196,0.18793,-0.37793,0.19025
14197,0.15811,-0.34119,0.24091
14198,0.13812,-0.27048,0.17798
14200,0.14539,-0.14514,0.08582
14201,0.17511,0.02332,0.01886
14202,0.20804,0.18887,-0.01862
14203,0.22705,0.30182,-0.04184
14204,0.22968,0.34329,-0.05423
14205,0.22485,0.33047,-0.04813
14207,0.21887,0.29138,-0.02765
14208,0.20645,0.24066,-0.02005
14209,0.17844,0.18088,-0.05545
14210,0.13791,0.12164,-0.12994
14211,0.10535,0.08673,-0.18912
14213,0.10254,0.09399,-0.15970
14214,0.12875,0.12869,-0.01373
14215,0.15457,0.14352,0.18909
14216,0.14459,0.09586,0.32928
14217,0.09116,-0.00864,0.31699
14219,0.02716,-0.10883,0.17078
14220,0.00217,-0.13065,0.01129
14221,0.04077,-0.04562,-0.03366
14222,0.12067,0.10614,0.06760
14223,0.18985,0.24854,0.23215
14225,0.20633,0.32858,0.34393
14226,0.16522,0.34875,0.35632
14227,0.09332,0.34830,0.31909
14228,0.02365,0.35733,0.31018
14229,-0.02280,0.37100,0.34799
14230,-0.03690,0.36563,0.37460
14232,-0.01550,0.33371,0.32449
14233,0.03400,0.29709,0.20300
14234,0.08310,0.28436,0.08942
14235,0.08710,0.29874,0.06003
14236,0.01584,0.31332,0.11200
14238,-0.11026,0.29938,0.17038
14239,-0.21518,0.25470,0.17392
14240,-0.20813,0.19940,0.14966
14241,-0.04120,0.14737,0.19284
14242,0.26624,0.09641,0.36600
14244,0.65826,0.06241,0.61771
14245,0.99997,0.12405,0.80884
14246,0.99997,0.40829,0.82660
14247,0.99997,0.99231,0.67676
14248,0.99997,0.99997,0.46606
14250,0.99997,0.99997,0.29947
14251,0.99997,0.99997,0.20148
14252,0.99997,0.99997,0.13828
14253,0.40463,0.99997,0.10132
14254,-0.55585,0.99997,0.14252
14255,-1.00000,0.99997,0.30615
14257,-1.00000,0.99997,0.52853
14258,-0.97534,0.99997,0.63043
14259,-0.66476,0.65353,0.44626
14260,-0.46613,0.15964,-0.01328
14261,-0.43649,-0.33090,-0.52283
14263,-0.52701,-0.64993,-0.78772
14264,-0.64026,-0.71710,-0.66364
14265,-0.66669,-0.57501,-0.26492
14266,-0.51019,-0.33673,0.13336
14267,-0.13321,-0.10971,0.31482
14269,0.39600,0.04639,0.27240
14270,0.91614,0.12000,0.16443
14271,0.99997,0.13049,0.12955
14272,0.99997,0.11441,0.14575
14273,0.99997,0.11276,0.07578
14275,0.99997,0.15216,-0.14423
14276,0.99997,0.22501,-0.37253
14277,0.99997,0.28537,-0.35117
14278,0.99997,0.27087,0.03528
14279,0.69171,0.14307,0.57816
14280,0.33240,-0.07834,0.85162
14282,0.23300,-0.31161,0.55542
14283,0.33493,-0.44870,-0.20471
14284,0.37314,-0.41428,-0.96860
14285,0.12549,-0.21338,-1.00000
14286,-0.33722,0.06647,-1.00000
14288,-0.65750,0.30573,-0.49976
14289,-0.49213,0.42514,-0.09387
14290,0.14029,0.42908,0.00589
14291,0.79590,0.38879,-0.08109
14292,0.93289,0.37961,-0.10587
14294,0.37427,0.42252,0.06943
14295,-0.51355,0.47516,0.37680
14296,-1.00000,0.47592,0.63086
14297,-1.00000,0.40149,0.68539
14298,-0.96890,0.28653,0.53061
14300,-1.00000,0.18887,0.28848
14301,-1.00000,0.13217,0.13007
14302,-1.00000,0.08316,0.15897
14303,-1.00000,-0.00912,0.31693
14304,-1.00000,-0.14587,0.38440
14305,-1.00000,-0.25571,0.11237
14307,-0.14044,-0.25333,-0.58350
14308,0.82590,-0.13058,-1.00000
14309,0.92111,0.01904,-1.00000
14310,0.54089,0.08539,-1.00000
14311,0.25162,0.05771,-1.00000
14313,0.31863,0.03857,-1.00000
14314,0.60498,0.11462,-1.00000
14315,0.82843,0.20526,-1.00000
14316,0.85577,0.06631,-1.00000
14317,0.76837,-0.51007,-1.00000
14319,0.71448,-1.00000,-0.48483
14320,0.75363,-1.00000,0.02365
14321,0.83881,-1.00000,0.44955
14322,0.90265,-1.00000,0.78168
14323,0.92368,-1.00000,0.99997
14325,0.91266,-1.00000,0.99997
14326,0.86703,-0.86954,0.99997
14327,0.76413,-0.54031,0.99997
14328,0.60031,-0.46719,0.99997
14329,0.42026,-0.53513,0.99997
14330,0.29361,-0.64807,0.99997
14332,0.25861,-0.75064,0.70694
14333,0.29041,-0.81219,0.21875
14334,0.32602,-0.82010,-0.28284
14335,0.32135,-0.78699,-0.65112
14336,0.28580,-0.74829,-0.82065
14338,0.26529,-0.73877,-0.82343
14339,0.29321,-0.76599,-0.69247
14340,0.35760,-0.80338,-0.36575
14341,0.41403,-0.80930,0.26883
14342,0.43030,-0.75793,0.99997
14344,0.41852,-0.66061,0.99997
14345,0.42294,-0.56027,0.99997
14346,0.47318,-0.49606,0.99997
14347,0.54880,-0.45746,0.96982
14348,0.59283,-0.36566,-0.30688
14350,0.56631,-0.10989,-1.00000
14351,0.49280,0.37576,-1.00000
14352,0.44611,0.99997,-1.00000
14353,0.48663,0.99997,-0.67798
14354,0.60309,0.99997,-0.33414
14355,0.71481,0.99997,0.14447
14357,0.73495,0.99997,0.95810
14358,0.63965,0.99997,0.99997
14359,0.48587,0.99997,0.99997
14360,0.36874,0.99997,0.99997
14361,0.35706,0.99997,0.99997
14363,0.45212,0.99997,0.99997
14364,0.58804,0.99997,0.56250
14365,0.66550,0.99997,0.01730
14366,0.60486,0.99997,-0.31464
14367,0.40204,0.99997,-0.69101
14369,0.15634,0.99997,-1.00000
14370,0.03595,0.99997,-1.00000
14371,0.18143,0.99997,-1.00000
14372,0.60458,0.99997,-1.00000
14373,0.99997,0.65826,-0.30295
14375,0.99997,0.36331,0.22766
14376,0.99997,0.23239,0.38815
14377,0.99997,0.19534,0.27975
14378,0.99997,0.13733,0.14966
14379,0.99997,0.00662,0.14478
14380,0.99997,-0.14749,0.20969
14382,0.99997,-0.25174,0.20413
14383,0.99997,-0.31564,0.09552
14384,0.99997,-0.43118,0.01868
14385,0.99997,-0.63983,0.13959
14386,0.99997,-0.81479,0.46082
14388,0.99997,-0.74158,0.77267
14389,0.99997,-0.38589,0.81967
14390,0.79919,-0.08682,0.54132
14391,0.54956,-0.40103,0.15753
14392,0.33679,-1.00000,-0.00485
14394,0.17224,-1.00000,0.19849
14395,0.00964,-1.00000,0.59756
14396,-0.21991,-1.00000,0.87903
14397,-0.55142,-1.00000,0.90509
14398,-0.95581,-1.00000,0.84799
14400,-1.00000,-1.00000,0.96686
14401,-1.00000,-1.00000,0.99997
14402,-1.00000,-1.00000,0.99997
14403,-1.00000,-0.72522,0.33893
14404,-1.00000,0.99997,-1.00000
14405,-1.00000,0.99997,-1.00000
14407,-1.00000,0.99997,-1.00000
14408,-1.00000,0.99997,-1.00000
14409,-1.00000,0.99997,-1.00000
14410,-0.90070,0.99997,-1.00000
14411,-0.85306,0.99997,-1.00000
14413,-0.71246,0.99997,-1.00000
14414,-0.35898,0.99997,-1.00000
14415,0.18814,0.99997,0.69571
14416,0.76480,0.99997,0.99997
14417,0.99997,0.99997,0.99997
14419,0.99997,0.99997,0.99997
14420,0.99997,0.99997,0.99997
14421,0.99997,0.99997,0.99997
14422,0.99997,0.99997,0.99997
14423,0.98944,0.99997,0.99997
14425,0.99997,0.99997,0.99997
14426,0.99997,0.99997,0.99997
14427,0.99997,0.99997,0.99997
14428,0.97086,0.99997,0.99997
14429,0.83817,0.99997,0.99997
14430,0.73209,0.99997,0.99997
14432,0.75955,0.99997,0.85059
14433,0.95499,0.99304,-0.36957
14434,0.99997,0.64130,-0.57120
14435,0.99997,0.91360,0.61310
14436,0.99200,0.99997,0.99997
14438,0.44211,0.99997,0.99997
14439,-0.09326,0.99997,0.99997
14440,-0.31808,0.99997,0.99997
14441,-0.17746,0.39014,0.99997
14442,0.08881,-0.38004,0.99997
14444,0.15012,-0.52625,0.99997
14445,-0.13226,-0.21072,0.99997
14446,-0.60199,0.10703,0.99997
14447,-0.97421,0.09015,0.99997
14448,-1.00000,-0.19727,0.99997
14450,-1.00000,-0.39352,0.99997
14451,-1.00000,-0.22357,0.99997
14452,-1.00000,0.18842,0.99997
14453,-1.00000,0.37006,0.99997
14454,-1.00000,-0.11597,0.99997
14455,-1.00000,-1.00000,0.99997
14457,-1.00000,-1.00000,0.99997
14458,-1.00000,-1.00000,-0.08569
14459,-0.87042,-1.00000,-1.00000
14460,-0.83154,-1.00000,-1.00000
14461,-0.74652,-0.24646,0.03622
14463,-0.44293,0.99997,0.99997
14464,0.05170,0.99997,0.99997
14465,0.52914,0.99997,0.99997
14466,0.77716,0.92572,0.99997
14467,0.75763,0.03043,0.99997
14469,0.63336,-0.35660,-0.04694
14470,0.61594,-0.13266,-1.00000
14471,0.76340,0.27600,-1.00000
14472,0.91263,0.21320,-1.00000
14473,0.82986,-0.68823,-1.00000
14475,0.46732,-1.00000,0.06604
14476,0.09091,-1.00000,0.99997
14477,0.12753,-1.00000,0.99997
14478,0.82602,-1.00000,0.54694
14479,0.99997,-1.00000,-0.83994
14480,0.99997,-0.12943,-1.00000
14482,0.99997,0.42526,-1.00000
14483,0.99997,0.38300,-1.00000
14484,0.99997,0.19223,-0.33401
14485,0.99997,0.20026,-0.56683
14486,0.99997,0.40524,-1.00000
14488,0.99997,0.58005,-1.00000
14489,0.99997,0.56287,-1.00000
14490,0.99997,0.41217,-1.00000
14491,0.99997,0.34177,-1.00000
14492,0.99997,0.58377,0.81332
14494,0.99997,0.99997,0.99997
14495,0.99997,0.99997,0.99997
14496,0.99997,0.99997,0.99997
14497,0.99997,0.99997,0.99997
14498,0.70685,0.99997,0.99997
14500,-0.01172,0.99997,0.99997
14501,-1.00000,0.99997,-0.11279
14502,-1.00000,-1.00000,-1.00000
14503,-1.00000,-1.00000,-1.00000
14504,-1.00000,-1.00000,-1.00000
14505,-1.00000,-1.00000,-1.00000
14507,-1.00000,-1.00000,-1.00000
14508,-1.00000,0.98734,-1.00000
14509,-1.00000,0.99997,0.99997
14510,-1.00000,0.99997,0.99997
14511,0.01089,0.99997,0.99997
14513,0.99997,0.99997,0.99997
14514,0.99997,-0.07037,0.99997
14515,0.99997,-0.99631,0.99997
14516,0.59253,-1.00000,0.99997
14517,-0.73071,-0.63046,-0.21832
14519,-1.00000,-0.04706,-1.00000
14520,-0.98380,0.60709,-1.00000
14521,-0.46942,0.99997,-1.00000
14522,-0.42563,0.99997,-1.00000
14523,-1.00000,0.99997,-1.00000
14525,-1.00000,0.99997,-1.00000
14526,-1.00000,0.99997,-1.00000
14527,-1.00000,0.99997,-1.00000
14528,-1.00000,0.99997,-1.00000
14529,-1.00000,0.99997,-1.00000
14530,-1.00000,0.99997,-1.00000
14532,-1.00000,0.99997,-1.00000
14533,-1.00000,0.99997,-1.00000
14534,-1.00000,0.99997,-1.00000
14535,-1.00000,0.91492,-1.00000
14536,-1.00000,0.32413,-1.00000
14538,-1.00000,-0.02396,-1.00000
14539,-1.00000,-0.33020,-1.00000
14540,-1.00000,-0.51300,-1.00000
14541,-1.00000,-0.19714,-1.00000
14542,-1.00000,0.93066,-1.00000
14544,-0.79263,0.99997,0.01855
14545,0.67453,0.99997,0.99997
14546,0.99997,0.99997,0.99997
14547,0.84256,0.99997,0.99997
14548,0.23209,0.99997,0.99997
14550,0.14200,0.99997,0.99997
14551,0.71088,0.99997,0.99997
14552,0.99997,0.99997,0.99997
14553,0.99997,0.99997,0.99997
14554,0.99997,0.33215,0.99997
14555,0.95212,-1.00000,0.99997
14557,0.99997,-1.00000,0.99997
14558,0.99997,-1.00000,0.99997
14559,0.99997,-1.00000,0.99997
14560,0.60040,-1.00000,0.99997
14561,-1.00000,-1.00000,0.99997
14563,-1.00000,-1.00000,0.99997
14564,-1.00000,-1.00000,0.99997
14565,-1.00000,-1.00000,0.99997
14566,0.99997,-1.00000,0.99997
14567,0.99997,-1.00000,0.99997
14569,0.99997,-1.00000,0.99997
14570,0.99997,-1.00000,0.99997
14571,-0.51593,-1.00000,0.99997
14572,-1.00000,-1.00000,0.99997
14573,-1.00000,-1.00000,0.99997
14575,-1.00000,-1.00000,0.99997
14576,-1.00000,-1.00000,-0.92120
14577,-1.00000,-1.00000,-1.00000
14578,-1.00000,-1.00000,-1.00000
14579,-1.00000,-1.00000,-1.00000
14580,-1.00000,-0.57916,-1.00000
14582,-1.00000,-0.44791,-1.00000
14583,-1.00000,-1.00000,-1.00000
14584,-1.00000,-1.00000,-1.00000
14585,-1.00000,-1.00000,-1.00000
14586,-0.64731,-0.54980,-1.00000
14588,0.99997,0.99997,-1.00000
14589,0.99997,0.99997,-1.00000
14590,0.99997,0.99997,-1.00000
14591,0.99997,0.99997,-1.00000
14592,0.99997,0.99997,-1.00000
14594,0.99997,0.99997,-1.00000
14595,0.99997,0.99997,-0.96594
14596,-0.81693,0.99997,-0.46960
14597,-1.00000,0.99997,0.42026
14598,-1.00000,0.99997,0.99997
14600,-1.00000,0.99997,0.99997
14601,0.52939,0.99997,0.99997
14602,0.99997,0.99997,0.99997
14603,0.99997,0.99997,0.99997
14604,0.99997,0.99997,0.99997
14605,0.99997,0.99997,0.99997
14607,0.99997,0.99997,0.99997
14608,0.99997,0.99997,0.99997
14609,-0.35660,-0.05789,0.99997
14610,-1.00000,-0.90158,0.99997
14611,-1.00000,-0.98871,0.99997
14613,-1.00000,-0.49353,0.99997
14614,-0.72888,0.19003,0.99997
14615,0.99997,0.76697,0.81683
14616,0.99997,0.99997,0.12408
14617,0.99997,0.99997,-0.16379
14619,0.33344,0.99997,-0.00748
14620,-1.00000,0.59879,0.32343
14621,-1.00000,-0.15521,0.47540
14622,-1.00000,-0.60532,0.26480
14623,-1.00000,-0.24701,-0.22043
14625,-0.94623,0.92532,-0.70721
14626,-0.19315,0.99997,-0.92212
14627,-0.04926,0.99997,-0.75162
14628,-0.18564,0.99997,-0.29297
14629,-0.15417,0.06177,0.22391
14630,0.20840,-1.00000,0.59299
14632,0.63892,-1.00000,0.75888
14633,0.68500,-1.00000,0.81384
14634,0.15475,-1.00000,0.86633
14635,-0.60074,-1.00000,0.90726
14636,-0.88397,-1.00000,0.81271
14638,-0.24609,-0.86969,0.48740
14639,0.99997,-0.13187,-0.00214
14640,0.99997,0.91336,-0.44699
14641,0.99997,0.99997,-0.64310
14642,0.63757,0.99997,-0.50403
14644,-0.78625,0.99997,-0.04028
14645,-1.00000,0.99689,0.71149
14646,-0.65164,0.60626,0.99997
14647,0.64468,0.55139,0.99997
14648,0.99997,0.65659,0.99997
14650,0.99997,0.68933,0.99997
14651,0.67194,0.55075,0.99997
14652,0.15256,0.25537,0.18692
14653,0.40085,-0.18958,-0.89755
14654,0.99997,-0.80319,-1.00000
14655,0.99997,-1.00000,-0.99469
14657,0.99997,-1.00000,-0.50983
14658,0.66220,-1.00000,-0.18863
14659,0.48306,-1.00000,-0.16510
14660,0.99997,-1.00000,-0.36151
14661,0.99997,-0.93066,-0.64874
14663,0.99997,-0.68427,-0.94360
14664,0.99997,-0.65698,-1.00000
14665,-0.73956,-0.65573,-1.00000
14666,-1.00000,-0.55426,-1.00000
14667,-1.00000,-0.38040,-1.00000
14669,-1.00000,-0.21997,-1.00000
14670,0.33966,-0.08356,-1.00000
14671,0.99997,0.10181,-0.71393
14672,0.99997,0.37915,-0.08334
14673,-0.03445,0.67383,0.55185
14675,-1.00000,0.84100,0.96265
14676,-1.00000,0.79901,0.99997
14677,-1.00000,0.60602,0.89291
14678,-0.74649,0.40393,0.74036
14679,0.06100,0.29404,0.74008
14680,0.89169,0.26743,0.86749
14682,0.99997,0.24374,0.97534
14683,0.99997,0.16287,0.94852
14684,0.99997,0.03705,0.80353
14685,0.99997,-0.07358,0.65308
14686,0.99997,-0.12271,0.59149
14688,0.93530,-0.11465,0.61755
14689,-1.00000,-0.08990,0.65631
14690,-1.00000,-0.08429,0.64001
14691,-1.00000,-0.10208,0.56393
14692,-1.00000,-0.12238,0.47153
14694,-1.00000,-0.12601,0.39795
14695,0.99997,-0.11472,0.33383
14696,0.99997,-0.10681,0.24277
14697,0.99997,-0.11624,0.10925
14698,0.99997,-0.13715,-0.03433
14700,0.99997,-0.14838,-0.12863
14701,0.99997,-0.13358,-0.13699
14702,0.81006,-0.09695,-0.07724
14703,-0.63947,-0.06039,-0.00830
14704,-1.00000,-0.04453,0.01489
14705,-1.00000,-0.05222,-0.02106
14707,-1.00000,-0.06863,-0.08606
14708,-0.69525,-0.07581,-0.13531
14709,0.83594,-0.06607,-0.14084
14710,0.97070,-0.04330,-0.10330
14711,-0.54324,-0.01447,-0.04254
14713,-1.00000,0.01578,0.01801
14714,-1.00000,0.04089,0.06104
14715,-1.00000,0.04660,0.07776
14716,-1.00000,0.01651,0.06888
14717,0.52185,-0.05005,0.04468
14719,0.99997,-0.12466,0.02029
14720,0.81512,-0.15961,0.00510
14721,0.28992,-0.12000,-0.00565
14722,0.25433,-0.01318,-0.02649
14723,0.64481,0.11197,-0.06537
14725,0.86694,0.19852,-0.11005
14726,0.47696,0.22064,-0.13370
14727,-0.33282,0.19498,-0.11865
14728,-0.87753,0.15649,-0.07657
14729,-0.59662,0.12341,-0.04306
14730,0.40909,0.08380,-0.04749
14732,0.99997,0.01419,-0.08463
14733,0.99997,-0.09021,-0.11606
14734,0.29016,-0.20303,-0.10150
14735,-1.00000,-0.28244,-0.03067
14736,-1.00000,-0.29968,0.07321
14738,-1.00000,-0.25644,0.17770
14739,-1.00000,-0.17990,0.26392
14740,-1.00000,-0.10379,0.32477
14741,-1.00000,-0.05008,0.34830
14742,-1.00000,-0.02112,0.31598
14744,-1.00000,-0.00281,0.22778
14745,-0.43582,0.02322,0.12656
14746,0.51355,0.06430,0.08289
14747,0.99997,0.10840,0.13901
14748,0.99997,0.13297,0.26059
14750,0.99997,0.12796,0.35101
14751,0.99997,0.11282,0.32599
14752,0.99997,0.12436,0.18573
14753,0.99997,0.17795,0.01602
14754,0.99997,0.23770,-0.08548
14755,0.99997,0.23196,-0.09109
14757,0.99997,0.11139,-0.05939
14758,-0.24539,-0.10040,-0.07474
14759,-1.00000,-0.31412,-0.17014
14760,-1.00000,-0.43921,-0.30188
14761,-1.00000,-0.44916,-0.39185
14763,-0.40155,-0.39035,-0.39185
14764,0.77298,-0.33252,-0.31390
14765,0.99997,-0.31235,-0.20941
14766,0.84006,-0.31946,-0.12625
14767,0.45218,-0.32394,-0.08203
14769,0.20425,-0.30685,-0.06775
14770,-0.09683,-0.26486,-0.06830
14771,-0.77963,-0.19833,-0.07932
14772,-1.00000,-0.10852,-0.10995
14773,-1.00000,-0.00665,-0.17242
14775,-1.00000,0.08655,-0.26590
14776,-1.00000,0.16360,-0.36539
14777,-1.00000,0.25397,-0.42560
14778,-0.17737,0.41266,-0.40009
14779,0.65921,0.67084,-0.26273
14780,0.74872,0.99158,-0.01672
14782,0.29791,0.99997,0.30978
14783,-0.30756,0.99997,0.67014
14784,-0.81378,0.99997,0.99997
14785,-1.00000,0.99997,0.99997
14786,-1.00000,0.99997,0.99997
14788,-1.00000,0.81900,0.99997
14789,-1.00000,0.52472,0.99997
14790,-1.00000,0.29092,0.99997
14791,-0.27811,0.20621,0.85449
14792,0.55939,0.27872,0.34280
14794,0.87238,0.39197,-0.29324
14795,0.44357,0.40378,-0.80389
14796,-0.47070,0.33493,-0.91821
14797,-1.00000,0.45099,-0.56827
14798,-1.00000,0.99997,0.02194
14800,-0.45029,0.99997,0.48874
14801,0.80338,0.99997,0.59052
14802,0.99997,0.99997,0.34119
14803,0.99997,0.99997,-0.07745
14804,0.99997,0.99997,-0.48975
14805,0.99997,0.99997,-0.80853
14807,0.99997,0.99997,-1.00000
14808,0.99997,0.99997,-1.00000
14809,0.99997,0.99997,-1.00000
14810,0.99997,0.99997,-1.00000
14811,0.99997,0.99997,-1.00000
14813,0.99997,0.99997,-1.00000
14814,0.94873,0.99997,-1.00000
14815,0.99997,0.99997,-1.00000
14816,0.81790,0.99997,-1.00000
14817,0.17554,-0.66586,-1.00000
14819,-0.67096,-1.00000,-0.34167
14820,-1.00000,-1.00000,0.40369
14821,-0.77838,-1.00000,0.99997
14822,0.11642,-1.00000,0.99997
14823,0.66696,-1.00000,0.99997
14825,0.01404,-1.00000,0.95398
14826,-1.00000,-1.00000,-0.83890
14827,-1.00000,-1.00000,-1.00000
14828,-1.00000,-1.00000,-1.00000
14829,-1.00000,-1.00000,-1.00000
14830,-1.00000,-1.00000,-0.16943
14832,-1.00000,-1.00000,0.99997
14833,-1.00000,-1.00000,0.99997
14834,-1.00000,-1.00000,0.99997
14835,-1.00000,-1.00000,0.99997
14836,-1.00000,-1.00000,0.99997
14838,-1.00000,-1.00000,0.99997
14839,0.52423,-1.00000,0.99997
14840,-0.21497,-1.00000,0.99997
14841,-1.00000,-1.00000,0.99997
14842,-1.00000,-1.00000,0.99997
14844,-1.00000,0.09094,-0.12823
14845,0.99997,0.99997,-1.00000
14846,0.99997,0.99997,-1.00000
14847,0.99997,0.99997,-1.00000
14848,0.99997,0.99997,-1.00000
14850,-1.00000,0.99997,0.99997
14851,-1.00000,0.99997,0.99997
14852,-1.00000,0.99997,0.99997
14853,-1.00000,0.99997,0.99997
14854,-1.00000,0.99997,0.99997
14855,-1.00000,0.99997,0.99997
14857,-1.00000,0.99997,0.99997
14858,-1.00000,0.99997,0.99997
14859,0.81448,0.99997,0.99997
14860,0.99997,0.99997,0.99997
14861,0.99997,0.99997,0.99997
14863,0.99997,0.99997,0.99997
14864,0.99997,0.99997,0.99997
14865,-0.80780,0.99997,-0.59299
14866,-1.00000,0.99997,-1.00000
14867,-1.00000,0.99997,-1.00000
14869,-1.00000,0.99997,-1.00000
14870,-1.00000,0.99997,-1.00000
14871,-1.00000,0.99997,-1.00000
14872,-1.00000,0.99997,-1.00000
14873,-1.00000,0.99997,-1.00000
14875,-1.00000,0.96759,-1.00000
14876,-1.00000,0.73059,-1.00000
14877,-1.00000,0.39566,-1.00000
14878,-1.00000,-0.22455,-1.00000
14879,-1.00000,-1.00000,-1.00000
14880,-1.00000,-1.00000,-1.00000
14882,-1.00000,-1.00000,-1.00000
14883,-1.00000,-1.00000,-1.00000
14884,-1.00000,-0.24924,-1.00000
14885,-1.00000,0.99997,-1.00000
14886,-1.00000,0.99997,0.02710
14888,-1.00000,0.99997,0.99997
14889,-0.07999,0.99997,0.99997
14890,0.44940,0.99997,0.99997
14891,0.41806,0.24274,0.99997
14892,0.31638,-0.27371,0.99997
14894,0.61880,-0.19205,0.99997
14895,0.99997,0.38120,0.99997
14896,0.99997,0.96545,0.99997
14897,0.99997,0.99997,0.99997
14898,0.99997,0.27710,0.99997
14900,0.99997,-0.86795,0.99997
14901,0.11847,-1.00000,0.99997
14902,-1.00000,-1.00000,0.99997
14903,-1.00000,-1.00000,0.99997
14904,-1.00000,-1.00000,0.99997
14905,-1.00000,-0.80106,0.99997
14907,-1.00000,-0.22287,0.99997
14908,-1.00000,0.41052,0.99997
14909,0.56055,0.88083,-0.54062
14910,0.99997,0.79977,-1.00000
14911,0.99997,0.01898,-0.38553
14913,0.99997,-1.00000,0.89804
14914,0.99997,-1.00000,0.99997
14915,0.99997,-1.00000,0.65802
14916,0.99997,-0.17035,-0.40277
14917,0.99997,0.76584,-0.61127
14919,0.99997,0.71658,0.48480
14920,0.99997,-0.36496,0.99997
14921,0.99997,-1.00000,0.99997
14922,0.45645,-1.00000,0.99997
14923,-1.00000,-1.00000,0.98874
14925,-1.00000,-1.00000,-0.57379
14926,-1.00000,-0.56757,-1.00000
14927,-1.00000,-0.80701,-1.00000
14928,0.00525,-1.00000,-1.00000
14929,-0.46469,-1.00000,-1.00000
14930,-1.00000,-1.00000,-1.00000
14932,-1.00000,-0.68753,-1.00000
14933,-1.00000,0.07095,-1.00000
14934,-1.00000,0.29617,-1.00000
14935,-1.00000,0.09528,-1.00000
14936,-1.00000,-0.03598,-1.00000
14938,-1.00000,0.28860,-1.00000
14939,-1.00000,0.96994,-1.00000
14940,-1.00000,0.99997,-1.00000
14941,-1.00000,0.99997,-1.00000
14942,-1.00000,0.55142,-1.00000
14944,-1.00000,-0.52563,-1.00000
14945,-1.00000,-1.00000,-1.00000
14946,-1.00000,-1.00000,-1.00000
14947,-1.00000,-0.96359,-1.00000
14948,-1.00000,-0.44843,-1.00000
14950,-1.00000,-0.11780,-1.00000
14951,0.25421,-0.00110,-0.30710
14952,0.99997,0.01743,0.99997
14953,0.99997,-0.03308,0.99997
14954,0.99997,-0.27603,0.99997
14955,0.99997,-0.80933,0.99997
14957,0.99997,-1.00000,0.99997
14958,0.99997,-1.00000,0.99997
14959,0.99997,-1.00000,0.99997
14960,0.99997,-1.00000,0.99997
14961,0.99997,-0.30490,0.99997
14963,0.46341,0.12143,0.99997
14964,-0.00021,-0.03867,0.99997
14965,-0.22079,-0.54919,0.99997
14966,-0.32764,-0.94696,0.99997
14967,-0.49298,-0.89960,0.99997
14969,-0.69406,-0.39960,0.99997
14970,-0.69293,0.32034,0.99997
14971,-0.26334,0.99612,0.99997
14972,0.56409,0.99997,0.99997
14973,0.99997,0.99997,0.32291
14975,0.99997,0.99997,-0.25568
14976,0.99997,0.50726,0.18350
14977,0.99997,-0.36578,0.99997
14978,0.99997,-1.00000,0.99997
14979,0.99997,-1.00000,0.99997
14980,0.99997,-1.00000,0.99997
14982,0.99997,-0.89999,0.99997
14983,0.99997,-1.00000,0.99997
14984,0.99997,-1.00000,0.99997
14985,0.99997,-1.00000,0.99997
14986,0.98154,-0.44623,0.99997
14988,0.87683,0.49225,0.99997
14989,0.70844,0.95248,0.99997
14990,0.51447,0.52521,0.99997
14991,0.38107,-0.43277,0.99997
14992,0.34503,-1.00000,0.99997
14994,0.36734,-0.52719,0.99997
14995,0.38226,0.89590,0.99997
14996,0.34625,0.99997,0.99997
14997,0.24283,0.99997,-0.76987
14998,0.07959,0.99997,-1.00000
15000,-0.08331,0.99997,-1.00000
15001,-0.11801,-0.29706,-1.00000
15002,0.09167,-1.00000,-1.00000
15003,0.50143,-1.00000,-1.00000
15004,0.85956,-1.00000,-1.00000
15005,0.90158,-1.00000,-1.00000
15007,0.67078,-0.90149,-1.00000
15008,0.62338,-0.19751,-1.00000
15009,0.99997,0.52704,-1.00000
15010,0.99997,0.82153,-1.00000
15011,0.99997,0.36670,-1.00000
15013,0.99997,-0.67532,-1.00000
15014,0.99997,-1.00000,-1.00000
15015,0.99997,-1.00000,-1.00000
15016,0.99997,0.14807,0.99997
15017,0.99997,0.99997,0.99997
15019,0.99997,0.99997,-1.00000
15020,0.82684,0.99997,-1.00000
15021,0.00916,0.99997,-1.00000
15022,-1.00000,-0.93140,-1.00000
15023,-1.00000,-1.00000,-1.00000
15025,-1.00000,-1.00000,0.99997
15026,-1.00000,-1.00000,0.99997
15027,-1.00000,0.31195,0.99997
15028,-1.00000,0.99997,0.99997
15029,-1.00000,0.99997,0.99997
15030,-1.00000,0.99997,0.99997
15032,-1.00000,0.99997,0.99997
15033,0.28836,0.99997,0.95410
15034,0.99997,0.99997,-0.61597
15035,0.80066,0.99997,-0.25793
15036,-0.15820,0.99997,0.98947
15038,-1.00000,-1.00000,0.99997
15039,-1.00000,-1.00000,-0.83075
15040,-1.00000,-1.00000,-1.00000
15041,-1.00000,-1.00000,-1.00000
15042,-1.00000,-1.00000,-1.00000
15044,-1.00000,0.82401,-1.00000
15045,-1.00000,0.99997,-1.00000
15046,-1.00000,0.99997,-1.00000
15047,-1.00000,0.99997,-1.00000
15048,-1.00000,0.99997,-1.00000
15050,-1.00000,0.99997,-1.00000
15051,-1.00000,0.99997,-1.00000
15052,-1.00000,0.99997,-1.00000
15053,-1.00000,0.58328,-1.00000
15054,-1.00000,-1.00000,-1.00000
15055,0.92770,-1.00000,-1.00000
15057,0.99997,-1.00000,-1.00000
15058,0.02869,0.44525,0.99997
15059,-1.00000,0.99997,0.99997
15060,-1.00000,0.99997,0.99997
15061,-1.00000,0.99997,0.99997
15063,-1.00000,0.99997,0.99997
15064,0.62866,0.99997,0.99997
15065,0.99997,0.99997,0.99997
15066,0.99997,0.10370,0.99997
15067,0.99997,-1.00000,0.99997
15069,0.99997,-1.00000,0.99997
15070,0.99997,-1.00000,0.99997
15071,0.99997,-1.00000,0.99997
15072,0.99997,-1.00000,0.99997
15073,0.99997,-1.00000,0.99997
15075,0.99997,-1.00000,0.99997
15076,0.99997,-1.00000,0.99997
15077,0.99997,-1.00000,0.99997
15078,0.99997,-1.00000,0.99997
15079,0.00082,-1.00000,0.99997
15080,-1.00000,-1.00000,0.99997
15082,-0.89175,0.99997,0.99997
15083,0.47516,0.99997,0.99997
15084,0.99997,0.99997,0.99997
15085,0.99997,0.99997,0.99997
15086,0.99997,-1.00000,0.99997
15088,0.99997,-1.00000,0.99997
15089,0.40680,0.00171,0.99997
15090,-0.67889,0.99997,0.99997
15091,-1.00000,0.99997,-0.82413
15092,-1.00000,0.99997,-1.00000
15094,-1.00000,0.99997,-1.00000
15095,-0.56067,0.99997,-1.00000
15096,0.50555,0.99997,-1.00000
15097,0.99997,0.99997,-1.00000
15098,0.99997,0.99997,-1.00000
15100,0.99997,0.99997,-1.00000
15101,0.15674,-0.07291,-0.05981
15102,-1.00000,-1.00000,0.99997
15103,-1.00000,-1.00000,0.99997
15104,-1.00000,-1.00000,0.99997
15105,-0.01050,-1.00000,0.99997
15107,0.99997,-1.00000,0.99997
15108,0.99997,-1.00000,0.99997
15109,0.99997,-1.00000,0.99997
15110,0.99997,-1.00000,0.99997
15111,-0.23016,-1.00000,0.99997
15113,-1.00000,-1.00000,0.99997
15114,-1.00000,-1.00000,0.99997
15115,-1.00000,-1.00000,0.99997
15116,-1.00000,-1.00000,-1.00000
15117,-1.00000,-1.00000,-1.00000
15119,0.33374,-1.00000,-1.00000
15120,0.99997,-1.00000,-1.00000
15121,0.99997,-1.00000,-1.00000
15122,0.99997,-0.50583,-0.13287
15123,0.99997,0.99997,0.99997
15125,0.99997,0.99997,0.99997
15126,0.99997,0.99997,0.99997
15127,0.99997,0.99997,0.99997
15128,0.99997,0.99997,0.99997
15129,0.87219,0.99997,0.99997
15130,0.61374,-1.00000,0.99997
15132,0.66046,-1.00000,0.99997
15133,0.92392,-1.00000,0.59564
15134,0.99997,-1.00000,0.10754
15135,0.99997,-1.00000,-0.08661
15136,0.99997,-1.00000,-0.56213
15138,0.99997,-1.00000,-1.00000
15139,0.93219,-1.00000,-1.00000
15140,0.78958,-1.00000,-1.00000
15141,0.75983,-1.00000,-1.00000
15142,0.83090,-1.00000,-1.00000
15144,0.95624,-1.00000,-1.00000
15145,0.99997,-1.00000,-1.00000
15146,0.99997,-1.00000,-1.00000
15147,0.99997,-1.00000,-1.00000
15148,0.99997,-1.00000,-1.00000
15150,0.95016,-1.00000,0.01465
15151,0.81027,-1.00000,0.99997
15152,0.73001,-1.00000,0.99997
15153,0.75006,-1.00000,0.99997
15154,0.85031,0.27805,0.31549
15155,0.94312,0.99997,-1.00000
15157,0.91455,0.99997,-1.00000
15158,0.69769,0.99997,-1.00000
15159,0.33105,0.99997,-1.00000
15160,-0.04343,0.99997,-1.00000
15161,-0.25433,-1.00000,-1.00000
15163,-0.20660,-1.00000,-1.00000
15164,0.05054,-1.00000,-1.00000
15165,0.34717,-1.00000,-1.00000
15166,0.50052,-0.15662,-1.00000
15167,0.43448,0.54895,-1.00000
15169,0.22180,0.49234,-1.00000
15170,0.01419,0.09839,-1.00000
15171,-0.08273,-0.18060,-1.00000
15172,-0.08438,-0.19873,-1.00000
15173,-0.08847,-0.10449,-1.00000
15175,-0.16388,-0.09546,-1.00000
15176,-0.27924,-0.21426,-1.00000
15177,-0.34570,-0.35327,-1.00000
15178,-0.33057,-0.40329,-1.00000
15179,-0.31555,-0.36356,-1.00000
15180,-0.41788,-0.31180,-1.00000
15182,-0.63638,-0.29651,-1.00000
15183,-0.78180,-0.28329,-1.00000
15184,-0.59265,-0.20703,-1.00000
15185,0.03931,-0.05823,-1.00000
15186,0.93335,0.09912,-1.00000
15188,0.99997,0.19693,-1.00000
15189,0.99997,0.23621,-1.00000
15190,0.99997,0.27676,-1.00000
15191,0.99997,0.34995,-1.00000
15192,0.99997,0.39410,-1.00000
15194,0.69141,0.29706,-0.31522
15195,0.49033,0.01865,0.99997
15196,0.31918,-0.32925,0.99997
15197,0.13260,-0.54004,0.99997
15198,-0.05344,-0.47122,0.99997
15200,-0.22198,-0.16394,0.99997
15201,-0.40338,0.18875,0.99997
15202,-0.64853,0.39618,-0.98917
15203,-0.95648,0.40750,-1.00000
15204,-1.00000,0.31622,-0.04391
15205,-1.00000,0.24655,0.99997
15207,-1.00000,0.24103,0.99997
15208,-0.89877,0.25040,0.99997
15209,-0.53406,0.21588,0.99997
15210,-0.32031,0.14673,0.53918
15211,-0.35202,0.11292,-0.40186
15213,-0.57196,0.16653,-0.30453
15214,-0.82095,0.27563,0.29462
15215,-0.96594,0.34088,0.68130
15216,-1.00000,0.28329,0.58957
15217,-1.00000,0.12375,0.32678
15219,-1.00000,-0.02249,0.39401
15220,-1.00000,-0.04034,0.99869
15221,-1.00000,0.07858,0.99997
15222,-1.00000,0.21399,0.99997
15223,-0.74463,0.21011,0.99997
15225,-0.16553,0.01413,0.99997
15226,0.09561,-0.25873,0.23157
15227,-0.10562,-0.39960,-0.54880
15228,-0.58640,-0.26559,-0.61929
15229,-0.96442,0.10623,-0.07812
15230,-0.93219,0.52515,0.64368
15232,-0.45706,0.78760,0.99997
15233,0.23550,0.81229,0.99997
15234,0.84912,0.66708,0.99997
15235,0.99997,0.48685,0.96490
15236,0.99997,0.36835,0.99228
15238,0.99997,0.32513,0.99997
15239,0.99997,0.31433,0.99997
15240,0.99997,0.28842,0.99997
15241,0.99997,0.22504,0.89771
15242,0.88394,0.12811,0.81567
15244,0.73099,0.01892,0.80518
15245,0.66339,-0.07007,0.81421
15246,0.70667,-0.10245,0.77975
15247,0.77338,-0.05078,0.69125
15248,0.69562,0.09003,0.59500
15250,0.34534,0.29623,0.54578
15251,-0.24521,0.51746,0.55765
15252,-0.86710,0.68594,0.59702
15253,-1.00000,0.73883,0.61707
15254,-1.00000,0.65689,0.59808
15255,-0.81656,0.50104,0.55728
15257,-0.20337,0.40604,0.52353
15258,0.41116,0.50867,0.50644
15259,0.90005,0.84439,0.49155
15260,0.99997,0.99997,0.46436
15261,0.99997,0.99997,0.43256
15263,0.99997,0.99997,0.41809
15264,0.99997,0.99997,0.42526
15265,0.99997,0.99997,0.42365
15266,0.99997,0.81992,0.37296
15267,0.99997,0.62900,0.27045
15269,0.99997,0.55905,0.17117
15270,0.96106,0.52652,0.15289
15271,0.71735,0.47238,0.25330
15272,0.37814,0.40497,0.43652
15273,0.02740,0.37183,0.61761
15275,-0.22372,0.40186,0.71970
15276,-0.31110,0.47559,0.71500
15277,-0.25931,0.54343,0.62585
15278,-0.15808,0.56665,0.50140
15279,-0.09473,0.54211,0.39279
15280,-0.09744,0.49380,0.33310
15282,-0.13086,0.44644,0.31949
15283,-0.13922,0.40707,0.31094
15284,-0.09573,0.36792,0.26175
15285,-0.01947,0.32181,0.17773
15286,0.04681,0.27264,0.13916
15288,0.07147,0.23090,0.24292
15289,0.05264,0.20078,0.49472
15290,0.01151,0.17450,0.75497
15291,-0.02728,0.14001,0.81671
15292,-0.05075,0.09546,0.57141
15294,-0.06097,0.05548,0.11725
15295,-0.07047,0.04199,-0.30035
15296,-0.09366,0.06619,-0.47391
15297,-0.13757,0.11807,-0.38107
15298,-0.19431,0.17282,-0.16840
15300,-0.24197,0.20935,-0.00482
15301,-0.25714,0.22458,0.04532
15302,-0.23227,0.23157,0.02103
15303,-0.18399,0.24365,-0.02634
15304,-0.14160,0.26041,-0.09204
15305,-0.12335,0.26968,-0.18320
15307,-0.11957,0.26410,-0.25388
15308,-0.09937,0.25519,-0.21176
15309,-0.03662,0.26733,-0.00406
15310,0.06509,0.31308,0.31409
15311,0.17047,0.37186,0.61511
15313,0.23563,0.39633,0.80386
15314,0.23788,0.34802,0.87225
15315,0.18991,0.23386,0.84213
15316,0.12781,0.10855,0.66989
15317,0.08609,0.03485,0.24203
15319,0.07803,0.03290,-0.50809
15320,0.09430,0.06659,-1.00000
15321,0.11505,0.08292,-1.00000
15322,0.12390,0.06802,-1.00000
15323,0.11563,0.06046,-1.00000
15325,0.09738,0.10101,-1.00000
15326,0.08435,0.16870,-1.00000
15327,0.09082,0.18039,-1.00000
15328,0.11801,0.07312,-1.00000
15329,0.14844,-0.10904,-1.00000
15330,0.15616,-0.23041,-1.00000
15332,0.13004,-0.20001,-1.00000
15333,0.09109,-0.10922,-1.00000
15334,0.08398,-0.21527,-1.00000
15335,0.14410,-0.74066,-1.00000
15336,0.26733,-1.00000,-0.72137
15338,0.41013,-1.00000,-0.12967
15339,0.52142,-1.00000,0.60861
15340,0.57785,-1.00000,0.99997
15341,0.59277,-1.00000,0.99997
15342,0.59497,-0.92422,0.99997
15344,0.60022,0.11530,0.99997
15345,0.60156,0.92984,0.99997
15346,0.58215,0.99997,0.99997
15347,0.53519,0.99997,0.99997
15348,0.47342,0.99997,0.99997
15350,0.42307,0.99997,0.99997
15351,0.40805,0.99997,0.99997
15352,0.43298,0.99997,0.99997
15353,0.47357,0.99997,0.99997
15354,0.48361,0.99997,0.99997
15355,0.42151,0.99997,0.99997
15357,0.28339,0.99997,0.99002
15358,0.11649,0.99997,-0.14670
15359,-0.00546,0.99997,-0.58121
15360,-0.03250,0.99997,-0.52319
15361,0.02515,0.94913,-0.43329
15363,0.10754,0.90182,-0.69232
15364,0.15460,0.89444,-1.00000
15365,0.15125,0.93069,-1.00000
15366,0.12796,0.99997,-1.00000
15367,0.12112,0.99997,-1.00000
15369,0.13571,0.99997,-1.00000
15370,0.14807,0.99997,-1.00000
15371,0.14096,0.99997,-1.00000
15372,0.12924,0.99997,-1.00000
15373,0.14465,0.99997,-1.00000
15375,0.19510,0.99997,-1.00000
15376,0.24387,0.94656,-1.00000
15377,0.23569,0.82300,-1.00000
15378,0.14725,0.67230,-0.61447
15379,0.01242,0.50388,-0.89633
15380,-0.10324,0.35892,-1.00000
15382,-0.15497,0.27365,-1.00000
15383,-0.14926,0.24899,-0.02158
15384,-0.12643,0.25146,0.99997
15385,-0.11713,0.24078,0.99997
15386,-0.11584,0.19983,0.99997
15388,-0.09357,0.14365,0.99997
15389,-0.03326,0.10144,0.47879
15390,0.04803,0.08725,-0.04102
15391,0.10922,0.08502,0.16409
15392,0.11636,0.06192,0.49124
15394,0.06726,-0.00076,-0.02811
15395,-0.00870,-0.08701,-1.00000
15396,-0.07184,-0.15469,-1.00000
15397,-0.09549,-0.16428,-1.00000
15398,-0.07562,-0.10394,-1.00000
15400,-0.02435,0.00189,-1.00000
15401,0.04288,0.09879,-0.43857
15402,0.11383,0.12180,0.99997
15403,0.17764,0.03677,0.99997
15404,0.22067,-0.11169,0.99997
15405,0.23059,-0.19974,0.99997
15407,0.20822,-0.11810,0.99997
15408,0.17670,0.09293,0.99997
15409,0.17395,0.21820,0.99997
15410,0.22693,0.04791,0.99997
15411,0.32489,-0.36642,0.99997
15413,0.41602,-0.67224,0.99997
15414,0.43698,-0.53439,0.99997
15415,0.35834,-0.05338,0.99997
15416,0.20984,0.19693,0.99997
15417,0.06247,-0.30542,0.99997
15419,-0.02115,-1.00000,0.32886
15420,-0.02811,-1.00000,-1.00000
15421,0.00464,-1.00000,-1.00000
15422,0.02808,0.99997,-0.84390
15423,0.01917,0.99997,0.99997
15425,-0.01361,0.99997,0.99997
15426,-0.05392,0.99997,0.99997
15427,-0.09723,0.99997,0.99997
15428,-0.14267,0.99997,0.99997
15429,-0.17136,0.99997,0.99997
15430,-0.14670,0.99997,0.99997
15432,-0.04910,0.99997,0.99997
15433,0.08856,0.99997,0.99997
15434,0.19009,0.99997,0.99997
15435,0.19464,0.99997,0.99997
15436,0.11343,0.99997,0.99997
15438,0.02347,0.99997,0.99997
15439,-0.00461,0.99997,0.99997
15440,0.02176,0.99997,0.99997
15441,0.02161,0.99997,0.99997
15442,-0.07166,0.99997,0.99997
15444,-0.21719,0.99997,-0.06155
15445,-0.26163,0.99997,-1.00000
15446,-0.04263,0.95847,-1.00000
15447,0.47772,0.99997,-1.00000
15448,0.99997,0.99997,-1.00000
15450,0.99997,0.99997,0.10315
15451,0.99997,0.99997,0.99997
15452,0.99997,0.99997,-0.39938
15453,0.99997,0.45999,-1.00000
15454,0.99997,-0.79138,-1.00000
15455,0.99997,-1.00000,-1.00000
15457,0.99997,-1.00000,-1.00000
15458,0.99997,-1.00000,-1.00000
15459,0.99997,-1.00000,-1.00000
15460,0.99997,-1.00000,-1.00000
15461,0.99997,-1.00000,-1.00000
15463,0.99997,-1.00000,-1.00000
15464,0.24985,-0.56671,-1.00000
15465,-0.67831,-0.45724,-1.00000
15466,-1.00000,-0.75439,-1.00000
15467,-0.94171,-0.99414,-1.00000
15469,-0.59286,-0.84567,-1.00000
15470,-0.38687,-0.35660,-1.00000
15471,-0.44696,0.17291,-1.00000
15472,-0.60321,0.49286,-1.00000
15473,-0.59509,0.57742,-1.00000
15475,-0.33377,0.56119,-1.00000
15476,0.01743,0.57104,-1.00000
15477,0.19690,0.62799,-1.00000
15478,0.06857,0.66083,-1.00000
15479,-0.28766,0.56677,-1.00000
15480,-0.66949,0.27347,-1.00000
15482,-0.91022,-0.18652,-1.00000
15483,-0.95908,-0.61093,-1.00000
15484,-0.85492,-0.67398,-1.00000
15485,-0.66745,-0.14963,-1.00000
15486,-0.47223,0.81702,-1.00000
15488,-0.34311,0.99997,-1.00000
15489,-0.31369,0.99997,-1.00000
15490,-0.31735,0.88910,-1.00000
15491,-0.18793,-0.53986,-1.00000
15492,0.22546,-1.00000,-1.00000
15494,0.89841,-1.00000,-1.00000
15495,0.99997,-1.00000,-1.00000
15496,0.99997,-1.00000,-1.00000
15497,0.99997,-0.22617,-1.00000
15498,0.99997,0.94092,-1.00000
15500,0.99997,0.99997,-1.00000
15501,0.99997,0.99997,-1.00000
15502,0.99997,0.99997,0.33719
15503,0.99997,0.99997,0.99997
15504,0.91519,-0.56665,0.99997
15505,0.78610,-1.00000,0.99997
15507,0.91595,-1.00000,0.99997
15508,0.99997,-0.59311,0.99997
15509,0.99997,0.99997,0.99997
15510,0.99997,0.99997,0.99997
15511,0.99997,0.99997,0.99997
15513,0.99997,-0.46539,-1.00000
15514,0.99997,-1.00000,-1.00000
15515,0.99997,-1.00000,-1.00000
15516,0.99997,-0.46832,-1.00000
15517,0.99997,0.99997,-1.00000
15519,0.45294,0.99997,-1.00000
15520,-0.19958,0.99997,-1.00000
15521,-0.67746,0.99997,-1.00000
15522,-1.00000,0.99997,-1.00000
15523,-1.00000,0.99997,-1.00000
15525,-1.00000,0.99997,0.99997
15526,-1.00000,0.99997,0.99997
15527,-1.00000,0.99997,0.99997
15528,-0.90375,0.38141,0.99997
15529,-0.97006,-1.00000,0.99997
15530,-1.00000,-1.00000,0.99997
15532,-1.00000,-1.00000,0.99997
15533,-1.00000,-1.00000,0.99997
15534,-0.36639,-1.00000,0.99997
15535,0.50745,-1.00000,0.99997
15536,0.77481,-1.00000,0.99997
15538,0.10571,-0.54636,0.99997
15539,-1.00000,0.99997,0.99997
15540,-1.00000,0.99997,0.99997
15541,-1.00000,0.99997,0.99997
15542,-1.00000,0.99997,0.33582
15544,-1.00000,0.99997,-0.40894
15545,-1.00000,0.99997,-0.76587
15546,-1.00000,0.99997,-0.68472
15547,-1.00000,0.99997,-0.50217
15548,-1.00000,0.99997,-0.81058
15550,-1.00000,0.99997,-1.00000
15551,-1.00000,0.99997,-1.00000
15552,-1.00000,0.99997,-1.00000
15553,-1.00000,0.99997,-1.00000
15554,-1.00000,0.99997,-1.00000
15555,-1.00000,0.99997,-1.00000
15557,-1.00000,0.99997,-1.00000
15558,-1.00000,0.99997,-1.00000
15559,-1.00000,0.99997,-1.00000
15560,0.68799,0.99997,-1.00000
15561,0.99997,0.99997,-1.00000
15563,0.99997,0.99997,-1.00000
15564,0.99997,0.99997,0.20200
15565,0.99997,0.99997,0.99997
15566,0.99997,0.99997,0.99997
15567,0.99997,0.99997,0.99997
15569,0.99997,0.99997,0.99997
15570,0.99997,0.99997,0.99997
15571,0.99997,-1.00000,0.99997
15572,-1.00000,-1.00000,0.99997
15573,-1.00000,-1.00000,0.99997
15575,-1.00000,-1.00000,-0.72433
15576,-1.00000,-1.00000,-1.00000
15577,0.99997,-1.00000,-1.00000
15578,0.99997,-0.35806,-0.37976
15579,0.99997,0.99997,0.99997
15580,0.99997,0.99997,0.99997
15582,0.99997,0.99997,0.99997
15583,0.99997,-1.00000,0.99997
15584,0.99997,-1.00000,0.99997
15585,0.99997,-1.00000,0.99997
15586,0.99997,-1.00000,0.99997
15588,0.99997,-1.00000,0.04691
15589,0.99997,-1.00000,-1.00000
15590,0.99997,-1.00000,-1.00000
15591,0.99997,-1.00000,-1.00000
15592,0.99997,-1.00000,-1.00000
15594,0.99997,0.12933,0.06644
15595,0.99997,0.99997,0.99997
15596,-0.87140,0.99997,0.99997
15597,-1.00000,0.99997,0.99997
15598,-1.00000,0.99997,0.99997
15600,-1.00000,0.99997,0.99997
15601,-1.00000,0.99997,0.99997
15602,-1.00000,0.99997,0.99997
15603,-1.00000,0.99997,0.65479
15604,-1.00000,0.99997,-1.00000
15605,-1.00000,0.99997,-1.00000
15607,-1.00000,0.99997,-1.00000
15608,-1.00000,0.99997,-0.16016
15609,-1.00000,0.99997,0.99997
15610,-1.00000,0.99997,0.99997
15611,-1.00000,0.99997,0.19568
15613,-1.00000,0.99997,-1.00000
15614,-1.00000,0.99997,-1.00000
15615,-1.00000,0.82190,-1.00000
15616,-1.00000,-0.15961,-1.00000
15617,-1.00000,-0.81842,-0.44977
15619,-1.00000,-0.83575,0.53464
15620,-1.00000,-0.35254,0.99997
15621,-0.88721,0.19431,0.99997
15622,-0.90170,0.48117,0.99997
15623,-1.00000,0.56369,0.99997
15625,-1.00000,0.76431,0.99997
15626,-1.00000,0.99997,0.99997
15627,-1.00000,0.99997,0.99997
15628,0.25354,0.99997,0.97870
15629,0.99997,0.99997,0.42914
15630,0.99997,0.99997,-0.18350
15632,0.99997,0.99997,-0.68784
15633,0.99997,0.57874,-0.93091
15634,-0.20895,-0.33047,-0.91006
15635,-1.00000,-1.00000,-0.81317
15636,-1.00000,-1.00000,-0.91592
15638,-1.00000,-1.00000,-1.00000
15639,-0.40338,-1.00000,-1.00000
15640,0.99997,-0.87527,-1.00000
15641,0.99997,-0.50858,-1.00000
15642,0.99997,-0.28326,-1.00000
15644,0.05328,-0.16302,-1.00000
15645,-1.00000,-0.05466,-0.43112
15646,-1.00000,0.06525,0.42291
15647,-1.00000,0.11707,0.58014
15648,-1.00000,0.01688,0.19199
15650,-1.00000,-0.19412,-0.29175
15651,-1.00000,-0.33463,-0.47809
15652,-1.00000,-0.22653,-0.28903
15653,-1.00000,0.11697,0.06915
15654,-0.21103,0.43970,0.34009
15655,0.99997,0.41190,0.41022
15657,0.99997,-0.08960,0.31573
15658,0.99997,-0.82657,0.13608
15659,0.63806,-1.00000,-0.06760
15660,-0.85165,-1.00000,-0.22238
15661,-1.00000,-0.59067,-0.21710
15663,-0.52707,0.21634,0.03506
15664,0.99997,0.70288,0.49338
15665,0.99997,0.65430,0.97089
15666,0.99997,0.22400,0.99997
15667,-0.32993,-0.23956,0.99997
15669,-1.00000,-0.46594,0.94678
15670,-1.00000,-0.41406,0.58255
15671,-1.00000,-0.22617,0.25623
15672,-0.56689,-0.07700,0.02710
15673,0.01025,-0.05536,-0.09390
15675,-0.47040,-0.14014,-0.11444
15676,-1.00000,-0.24536,-0.06577
15677,-1.00000,-0.28177,-0.01511
15678,-1.00000,-0.20407,-0.03934
15679,-1.00000,-0.03232,-0.16571
15680,-1.00000,0.15933,-0.33987
15682,-1.00000,0.28506,-0.46536
15683,-1.00000,0.29825,-0.48630
15684,-1.00000,0.21683,-0.43552
15685,-1.00000,0.10617,-0.40158
15686,-0.25250,0.03409,-0.44553
15688,0.70578,0.03113,-0.54700
15689,0.47333,0.07956,-0.62772
15690,-0.88660,0.13306,-0.62595
15691,-1.00000,0.15170,-0.54971
15692,-1.00000,0.13010,-0.46219
15694,-1.00000,0.09915,-0.41916
15695,0.74539,0.09732,-0.42166
15696,0.99997,0.13010,-0.42612
15697,0.99997,0.15353,-0.39679
15698,0.22525,0.10370,-0.34525
15700,-1.00000,-0.04584,-0.31815
15701,-1.00000,-0.24902,-0.34692
15702,-0.02255,-0.41156,-0.41107
15703,0.99997,-0.46005,-0.45273
15704,0.99997,-0.39771,-0.42920
15705,0.99997,-0.29739,-0.35278
15707,-0.27075,-0.23889,-0.27835
15708,-0.83139,-0.24670,-0.25110
15709,-0.10638,-0.28162,-0.26462
15710,0.99997,-0.28845,-0.27066
15711,0.99997,-0.25168,-0.22989
15713,0.99997,-0.20679,-0.15250
15714,-0.25848,-0.20029,-0.08740
15715,-1.00000,-0.23969,-0.07153
15716,-1.00000,-0.28342,-0.09177
15717,-1.00000,-0.28125,-0.09955
15719,-0.97397,-0.22662,-0.06412
15720,-0.27942,-0.16852,-0.00967
15721,0.32175,-0.16873,0.00238
15722,0.92694,-0.24350,-0.06912
15723,0.99997,-0.34436,-0.20374
15725,0.99997,-0.39825,-0.33228
15726,0.99997,-0.36902,-0.39139
15727,0.72018,-0.28409,-0.36942
15728,0.34854,-0.20422,-0.30698
15729,0.46069,-0.16934,-0.25790
15730,0.99997,-0.17206,-0.24860
15732,0.99997,-0.17767,-0.26633
15733,0.99997,-0.16290,-0.27872
15734,0.99997,-0.13321,-0.26193
15735,0.99997,-0.10712,-0.21622
15736,0.02295,-0.09268,-0.16138
15738,-1.00000,-0.08313,-0.12112
15739,-1.00000,-0.07236,-0.10858
15740,-1.00000,-0.06723,-0.12207
15741,-1.00000,-0.08072,-0.15030
15742,-1.00000,-0.11438,-0.18076
15744,0.27060,-0.15192,-0.20380
15745,0.99997,-0.17163,-0.21176
15746,0.99997,-0.16443,-0.19794
15747,0.99997,-0.13867,-0.16052
15748,0.99997,-0.10977,-0.10779
15750,0.99997,-0.08841,-0.05759
15751,0.99997,-0.07962,-0.02734
15752,0.99997,-0.08939,-0.02252
15753,0.99997,-0.12564,-0.03424
15754,0.99997,-0.18903,-0.04852
15755,-0.42078,-0.26385,-0.05792
15757,-0.61560,-0.32312,-0.06357
15758,-0.17221,-0.34613,-0.06830
15759,-0.24036,-0.33261,-0.07089
15760,-1.00000,-0.29883,-0.06958
15761,-1.00000,-0.26050,-0.07007
15763,-1.00000,-0.22098,-0.08542
15764,-1.00000,-0.17691,-0.12436
15765,-1.00000,-0.13336,-0.17822
15766,-1.00000,-0.10867,-0.22293
15767,-1.00000,-0.12152,-0.23810
15769,-1.00000,-0.17245,-0.22702
15770,-1.00000,-0.24020,-0.21695
15771,-1.00000,-0.29782,-0.23581
15772,0.99997,-0.33313,-0.28430
15773,0.99997,-0.35379,-0.32971
15775,0.99997,-0.37314,-0.33075
15776,0.99997,-0.39276,-0.27539
15777,0.61578,-0.39941,-0.19812
15778,0.99997,-0.37909,-0.15768
15779,0.99997,-0.33481,-0.18906
15780,0.99997,-0.29181,-0.27054
15782,0.99997,-0.28574,-0.33752
15783,-0.67581,-0.34186,-0.33640
15784,-1.00000,-0.45905,-0.27197
15785,-1.00000,-0.60712,-0.20328
15786,-1.00000,-0.73892,-0.18692
15788,0.97147,-0.81281,-0.22083
15789,0.99997,-0.81406,-0.24442
15790,0.99997,-0.76187,-0.20081
15791,0.02219,-0.69391,-0.10217
15792,-1.00000,-0.63672,-0.03226
15794,-1.00000,-0.58572,-0.07755
15795,-1.00000,-0.51590,-0.24841
15796,0.28110,-0.41623,-0.46231
15797,0.99997,-0.31174,-0.60138
15798,0.99997,-0.24048,-0.58987
15800,0.99997,-0.19937,-0.42941
15801,0.99997,-0.11844,-0.17926
15802,0.99997,0.08801,0.08057
15803,0.99997,0.41986,0.27179
15804,0.99997,0.73642,0.33047
15805,0.81815,0.82544,0.23019
15807,-0.62241,0.56326,0.00732
15808,-1.00000,0.03516,-0.24878
15809,-1.00000,-0.49686,-0.45361
15810,-1.00000,-0.76318,-0.58765
15811,-1.00000,-0.66077,-0.69293
15813,-0.04587,-0.30405,-0.80096
15814,0.58450,0.06754,-0.86890
15815,0.45883,0.24454,-0.80640
15816,0.03897,0.16956,-0.57889
15817,-0.10483,-0.02777,-0.27774
15819,0.18073,-0.09824,-0.06677
15820,0.51004,0.17072,-0.04507
15821,0.35703,0.78372,-0.16513
15822,-0.36890,0.99997,-0.29565
15823,-1.00000,0.99997,-0.36371
15825,-1.00000,0.99997,-0.42154
15826,0.14276,0.99997,-0.56653
15827,0.99997,0.99997,-0.81003
15828,0.99997,0.99997,-1.00000
15829,0.99997,0.99997,-1.00000
15830,0.17184,0.99997,-1.00000
15832,-1.00000,0.99997,-1.00000
15833,-1.00000,0.99997,-1.00000
15834,-1.00000,0.99997,-1.00000
15835,-1.00000,0.99997,-1.00000
15836,-0.73410,0.99997,-1.00000
15838,-0.73859,0.99997,-1.00000
15839,-1.00000,0.99997,-0.82471
15840,-1.00000,-1.00000,0.12549
15841,-1.00000,-1.00000,0.80530
15842,-1.00000,-1.00000,0.99997
15844,-1.00000,-1.00000,0.76318
15845,-1.00000,-1.00000,0.12445
15846,-1.00000,-1.00000,-0.58548
15847,-1.00000,-1.00000,-1.00000
15848,-1.00000,-1.00000,-0.93378
15850,-1.00000,-1.00000,-0.46741
15851,-0.62656,-1.00000,0.05557
15852,0.99997,-1.00000,0.35071
15853,0.99997,-1.00000,0.42349
15854,0.99997,-1.00000,0.51569
15855,0.99997,-1.00000,0.81003
15857,0.99997,-1.00000,0.99997
15858,0.99997,-1.00000,0.99997
15859,0.99997,-1.00000,0.99997
15860,0.99997,0.59250,0.84888
15861,0.99997,0.99997,0.36313
15863,0.99997,0.99997,0.01306
15864,0.99997,0.99997,-0.03494
15865,0.99997,0.99997,0.49405
15866,0.99997,0.99997,0.99997
15867,0.99997,0.99997,0.99997
15869,0.99997,0.99997,0.99997
15870,0.99997,0.99997,0.99997
15871,0.99997,0.99997,0.99997
15872,0.35867,0.99997,0.10532
15873,-0.75238,0.99997,-1.00000
15875,-0.52988,0.99997,-1.00000
15876,0.71481,0.99997,-1.00000
15877,0.99997,0.99997,-1.00000
15878,0.99997,0.99997,-1.00000
15879,0.94827,0.99997,-1.00000
15880,-0.77469,0.99997,-1.00000
15882,-1.00000,0.99997,-1.00000
15883,-1.00000,0.99997,-1.00000
15884,-0.77933,0.99997,-1.00000
15885,0.88068,0.99997,-1.00000
15886,0.99997,0.99997,-1.00000
15888,0.99997,0.99997,-1.00000
15889,0.99997,0.99997,-1.00000
15890,0.99997,0.99997,-1.00000
15891,0.80753,0.99997,-1.00000
15892,-0.32269,0.99997,-1.00000
15894,-1.00000,0.99997,-1.00000
15895,-1.00000,0.99997,0.77487
15896,-1.00000,0.99997,0.99997
15897,-1.00000,0.99997,0.99997
15898,-1.00000,0.99997,0.99997
15900,-1.00000,0.99997,0.99997
15901,-1.00000,0.99997,0.99326
15902,-1.00000,0.99997,-1.00000
15903,-1.00000,0.99997,-1.00000
15904,-1.00000,0.99997,-1.00000
15905,0.83441,0.99997,-1.00000
15907,0.99997,0.99997,-1.00000
15908,0.99997,0.99997,-1.00000
15909,0.99997,0.99997,-1.00000
15910,0.99997,0.99997,-1.00000
15911,0.99997,0.99997,-1.00000
15913,0.99997,0.99997,-1.00000
15914,0.99997,0.99997,-1.00000
15915,0.99997,-0.65076,-1.00000
15916,0.99997,-1.00000,-1.00000
15917,0.99997,-0.74341,-1.00000
15919,-0.21613,0.83466,-1.00000
15920,-1.00000,0.99997,-1.00000
15921,-1.00000,0.99997,-1.00000
15922,-1.00000,0.49570,-1.00000
15923,-1.00000,-1.00000,0.30392
15925,-1.00000,-1.00000,0.99997
15926,-1.00000,-1.00000,0.99997
15927,-1.00000,-0.02866,0.99997
15928,-1.00000,0.45956,0.99997
15929,-1.00000,-0.20532,0.45325
15930,-1.00000,-1.00000,-1.00000
15932,-1.00000,-1.00000,-1.00000
15933,-1.00000,-1.00000,-1.00000
15934,-1.00000,-1.00000,-1.00000
15935,-1.00000,0.17264,-1.00000
15936,-1.00000,0.85309,-0.00983
15938,-0.40579,0.53757,0.99997
15939,0.99997,-0.30270,0.99997
15940,0.99997,-0.88266,0.99997
15941,0.99997,-0.78809,0.99997
15942,0.99997,-0.30408,0.99997
15944,0.99997,-0.09503,0.99997
15945,0.99997,-0.53201,0.99997
15946,0.99997,-1.00000,0.99997
15947,0.99997,-1.00000,0.99997
15948,0.99997,-1.00000,0.99997
15950,0.99997,-0.51373,0.99997
15951,0.99997,0.34247,0.99997
15952,0.99997,0.81085,0.99997
15953,0.99997,0.99997,0.99997
15954,0.99997,0.99997,0.99997
15955,0.99997,0.99997,0.99997
15957,0.99997,0.99997,0.99997
15958,0.09918,0.99997,0.99997
15959,-1.00000,0.99997,0.99997
15960,-1.00000,0.99997,0.99997
15961,-1.00000,0.95447,0.99997
15963,-1.00000,0.36929,0.99997
15964,-1.00000,0.05920,0.99997
15965,-1.00000,0.06238,0.99997
15966,-1.00000,0.24167,0.99997
15967,-1.00000,0.26660,0.99997
15969,0.91763,-0.18481,0.99997
15970,0.99997,-1.00000,0.99997
15971,0.99997,-1.00000,0.99997
15972,0.99997,-1.00000,0.99997
15973,0.99997,-1.00000,0.80173
15975,0.99997,-1.00000,-1.00000
15976,0.99997,-1.00000,-1.00000
15977,0.99997,-0.63956,-1.00000
15978,0.99997,-0.15448,-1.00000
15979,0.99997,0.34546,0.81937
15980,0.99997,0.81610,0.99997
15982,-0.01611,0.99997,0.99997
15983,-0.18729,0.78824,0.99997
15984,0.21457,0.10294,0.99997
15985,0.63589,-0.72910,0.99997
15986,0.71875,-1.00000,0.24820
15988,0.45810,-1.00000,-0.71951
15989,0.05032,-0.79907,-0.28833
15990,-0.34137,-0.14584,0.89505
15991,-0.69434,0.15546,0.99997
15992,-1.00000,-0.17325,0.99997
15994,-1.00000,-0.95102,-0.24008
15995,-1.00000,-1.00000,-1.00000
15996,-1.00000,-1.00000,-0.95459
15997,-1.00000,-1.00000,0.99997
15998,-1.00000,-0.10696,0.99997
16000,-1.00000,0.38727,0.99997
16001,-1.00000,0.11224,0.99997
16002,-1.00000,-0.71487,0.99997
16003,-1.00000,-1.00000,-0.32803
16004,-1.00000,-1.00000,-1.00000
16005,-0.42584,-1.00000,-0.95007
16007,0.99997,-0.23447,-0.47745
16008,0.99997,0.23328,-0.44919
16009,0.99997,0.12085,-0.91721
16010,0.99997,-0.25684,-1.00000
16011,0.99997,-0.32132,-1.00000
16013,0.99997,0.19717,-0.99231
16014,0.99997,0.91260,-0.67322
16015,0.09772,0.99997,-1.00000
16016,-0.54657,0.07489,-1.00000
16017,-0.35928,-1.00000,-1.00000
16019,0.51746,-1.00000,-1.00000
16020,0.99997,-1.00000,-1.00000
16021,0.99997,-1.00000,-1.00000
16022,-0.46808,-0.51202,-1.00000
16023,-1.00000,0.48010,-1.00000
16025,-1.00000,0.61481,-1.00000
16026,-1.00000,0.37744,-1.00000
16027,-1.00000,0.42691,-1.00000
16028,-1.00000,0.86963,-1.00000
16029,0.31949,0.99997,-1.00000
16030,0.99997,0.64426,-1.00000
16032,0.99997,-0.68683,-1.00000
16033,0.99997,-1.00000,-1.00000
16034,0.90720,-1.00000,-1.00000
16035,0.74362,-1.00000,-1.00000
16036,0.61960,-1.00000,-1.00000
16038,0.35477,-1.00000,-1.00000
16039,-0.08908,-0.78647,-1.00000
16040,-0.49988,0.37485,0.99997
16041,-0.53424,0.99997,0.99997
16042,0.02826,0.99997,0.99997
16044,0.99997,0.99997,0.99997
16045,0.99997,0.99997,0.83835
16046,0.99997,0.99997,-0.47891
16047,0.99997,0.99997,0.08499
16048,0.99997,0.99997,0.99997
16050,0.99997,0.99997,0.99997
16051,0.99997,0.99997,0.51929
16052,0.99997,0.99997,-1.00000
16053,0.99997,0.99997,-1.00000
16054,0.99997,0.99997,-1.00000
16055,0.76624,0.84756,-1.00000
16057,-0.40256,0.80261,-1.00000
16058,-1.00000,0.99997,-0.68768
16059,-1.00000,0.99997,0.22232
16060,0.33286,0.99997,0.30630
16061,0.99997,0.99997,-0.24466
16063,0.99997,0.99997,-1.00000
16064,0.99997,0.99997,-1.00000
16065,0.99997,0.99997,-1.00000
16066,0.99997,0.99997,-1.00000
16067,0.48807,0.99997,-1.00000
16069,0.88104,0.99997,-1.00000
16070,0.99997,0.99997,-1.00000
16071,0.99997,0.99997,-1.00000
16072,0.99997,0.99997,-1.00000
16073,0.99997,0.99997,-1.00000
16075,0.99997,0.99997,-0.89429
16076,0.99997,0.99997,0.99997
16077,0.99997,0.99997,0.99997
16078,0.99997,0.99997,0.99997
16079,0.99997,0.99997,0.99997
16080,0.99997,0.99997,0.99997
16082,0.99997,0.92960,0.99997
16083,0.99997,-1.00000,0.99997
16084,0.99997,-1.00000,0.99997
16085,0.99997,-1.00000,0.99997
16086,0.64682,-1.00000,0.99997
16088,-0.67139,-1.00000,0.99997
16089,-1.00000,-1.00000,0.99997
16090,-1.00000,-1.00000,0.99997
16091,-0.68533,-1.00000,0.99997
16092,-0.52328,-1.00000,0.99997
16094,-0.77423,-1.00000,0.99997
16095,-1.00000,-1.00000,0.99997
16096,-1.00000,-1.00000,0.14166
16097,-1.00000,-1.00000,-1.00000
16098,-0.94379,-1.00000,-1.00000
16100,-0.31815,0.47650,-1.00000
16101,0.02289,0.99997,-1.00000
16102,-0.18881,0.99997,-1.00000
16103,-0.81363,-1.00000,-1.00000
16104,-1.00000,-1.00000,-1.00000
16105,-0.85138,-1.00000,-1.00000
16107,0.73404,-1.00000,-1.00000
16108,0.99997,-1.00000,-1.00000
16109,0.99997,-1.00000,-1.00000
16110,0.99997,-1.00000,-1.00000
16111,0.99997,-1.00000,-1.00000
16113,0.99997,-1.00000,-1.00000
16114,0.99997,-1.00000,-1.00000
16115,0.99997,-1.00000,-1.00000
16116,0.99997,-1.00000,-1.00000
16117,0.99997,-1.00000,-1.00000
16119,0.99997,-1.00000,-1.00000
16120,0.99997,-1.00000,-1.00000
16121,0.99997,-1.00000,-1.00000
16122,0.99997,-1.00000,-1.00000
16123,0.99997,-1.00000,-1.00000
16125,0.95584,-1.00000,-1.00000
16126,-0.21115,-1.00000,-1.00000
16127,-1.00000,-1.00000,-1.00000
16128,-1.00000,-0.92560,-1.00000
16129,-1.00000,0.99997,-1.00000
16130,-1.00000,0.99997,0.55774
16132,-1.00000,0.99997,0.99997
16133,-0.56488,0.99997,0.99997
16134,-0.19324,-1.00000,0.99997
16135,-0.10535,-1.00000,0.99997
16136,-0.10406,-1.00000,0.30350
16138,-0.10080,-1.00000,-1.00000
16139,-0.13269,-1.00000,-1.00000
16140,-0.20663,-1.00000,-1.00000
16141,-0.20999,-1.00000,-1.00000
16142,-0.03207,-1.00000,-1.00000
16144,0.24658,-1.00000,-1.00000
16145,0.37411,-1.00000,-1.00000
16146,0.21716,-1.00000,-1.00000
16147,0.03683,-1.00000,-1.00000
16148,0.39899,-1.00000,-1.00000
16150,0.99997,-1.00000,-1.00000
16151,0.99997,-1.00000,-1.00000
16152,0.99997,-1.00000,-1.00000
16153,0.99997,-1.00000,-0.79410
16154,0.99997,-1.00000,-1.00000
16155,0.99997,-1.00000,-1.00000
16157,0.99997,-1.00000,-1.00000
16158,0.99997,-1.00000,-1.00000
16159,0.99997,-1.00000,-1.00000
16160,0.99997,-1.00000,-1.00000
16161,0.99997,-1.00000,-1.00000
16163,0.99997,-1.00000,-1.00000
16164,0.99997,-1.00000,-0.59012
16165,0.99997,-1.00000,0.29181
16166,0.99997,-1.00000,0.99997
16167,0.26083,-1.00000,0.99997
16169,-0.56519,-0.91980,0.99997
16170,-1.00000,-0.60358,0.99997
16171,-1.00000,-0.16263,0.99997
16172,-1.00000,0.32755,0.99997
16173,-1.00000,0.75342,0.99997
16175,-1.00000,0.99997,0.99997
16176,-1.00000,0.99997,0.99997
16177,-1.00000,0.99973,0.99997
16178,-1.00000,0.86139,0.99997
16179,-1.00000,0.74365,0.99997
16180,-0.97839,0.66913,0.99997
16182,-0.86798,0.61871,0.99997
16183,-0.78220,0.57150,0.99997
16184,-0.69525,0.52557,0.99997
16185,-0.60345,0.48221,0.99997
16186,-0.54236,0.42111,0.99997
16188,-0.55377,0.30905,0.99997
16189,-0.63797,0.14618,0.99997
16190,-0.74487,0.00122,0.77811
16191,-0.81589,-0.01736,0.45322
16192,-0.83478,0.14859,0.60236
16194,-0.83646,0.43109,0.99997
16195,-0.86710,0.65491,0.99997
16196,-0.93796,0.65536,0.99997
16197,-1.00000,0.40302,0.99997
16198,-1.00000,0.02454,0.99997
16200,-1.00000,-0.30090,0.99997
16201,-1.00000,-0.47556,0.99997
16202,-1.00000,-0.52448,0.99997
16203,-0.95642,-0.51926,0.99997
16204,-0.82532,-0.48074,0.78381
16205,-0.61774,-0.37704,0.63867
16207,-0.38376,-0.21957,0.66281
16208,-0.21313,-0.13281,0.79715
16209,-0.17078,-0.28171,0.91980
16210,-0.24176,-0.69382,0.94766
16211,-0.33698,-1.00000,0.89743
16213,-0.35895,-1.00000,0.85852
16214,-0.27170,-0.93942,0.90918
16215,-0.11606,-0.15222,0.99997
16216,0.03552,0.67993,0.99997
16217,0.13574,0.99997,0.99997
16219,0.17911,0.99997,0.99997
16220,0.17599,0.99997,0.99997
16221,0.12631,0.88275,0.99997
16222,0.02652,0.83411,0.99997
16223,-0.10287,0.88635,0.99997
16225,-0.20963,0.92227,0.99997
16226,-0.24057,0.88336,0.99997
16227,-0.18152,0.80865,0.99997
16228,-0.06555,0.77048,0.99997
16229,0.05670,0.79425,0.99997
16230,0.15039,0.84048,0.99997
16232,0.20062,0.84964,0.99997
16233,0.19415,0.79523,0.99149
16234,0.11282,0.69833,0.86404
16235,-0.04562,0.60242,0.84567
16236,-0.24179,0.53745,0.91461
16238,-0.40015,0.50357,0.99881
16239,-0.45062,0.48141,0.99997
16240,-0.37347,0.45602,0.99997
16241,-0.21054,0.43204,0.99997
16242,-0.03705,0.42691,0.99475
16244,0.08127,0.44763,0.99997
16245,0.11847,0.47485,0.99997
16246,0.09354,0.47296,0.98959
16247,0.05228,0.42142,0.94208
16248,0.03345,0.33817,0.89673
16250,0.03726,0.26968,0.87302
16251,0.02213,0.25351,0.86841
16252,-0.05756,0.28616,0.86551
16253,-0.19705,0.32715,0.85233
16254,-0.32462,0.33551,0.83456
16255,-0.35193,0.30417,0.82950
16257,-0.25607,0.26126,0.84711
16258,-0.11392,0.24036,0.87665
16259,-0.04489,0.24936,0.89206
16260,-0.10800,0.26700,0.87363
16261,-0.25015,0.26529,0.82715
16263,-0.35785,0.23416,0.78207
16264,-0.36264,0.18643,0.76697
16265,-0.29816,0.14307,0.78336
16266,-0.25537,0.11688,0.80325
16267,-0.28552,0.10892,0.79520
16269,-0.34900,0.11655,0.75589
16270,-0.35699,0.14096,0.71765
16271,-0.25919,0.18521,0.72266
16272,-0.08923,0.24463,0.78586
16273,0.07123,0.30066,0.87881
16275,0.16617,0.32617,0.94833
16276,0.20038,0.30087,0.95389
16277,0.20886,0.22604,0.89468
16278,0.20334,0.12656,0.80728
16279,0.15744,0.03659,0.73773
16280,0.04150,-0.02060,0.70929
16282,-0.13977,-0.04285,0.70801
16283,-0.35062,-0.04276,0.69656
16284,-0.55341,-0.03464,0.64828
16285,-0.71698,-0.03021,0.57562
16286,-0.79712,-0.04465,0.52768
16288,-0.74310,-0.09589,0.55176
16289,-0.56454,-0.18484,0.64746
16290,-0.39215,-0.27325,0.75665
16291,-0.41385,-0.29553,0.80847
16292,-0.68042,-0.21542,0.78674
16294,-0.96634,-0.08075,0.75525
16295,-0.90213,-0.00562,0.80493
16296,-0.35098,-0.06369,0.95975
16297,0.30667,-0.17349,0.99997
16298,0.32761,-0.09311,0.99997
16300,-0.83347,0.43469,0.98306
16301,-1.00000,0.99997,0.66776
16302,-1.00000,0.99997,0.41669
16303,-1.00000,0.99997,0.40610
16304,-1.00000,0.99997,0.65363
16305,-1.00000,0.99997,0.99997
16307,-1.00000,0.99997,0.99997
16308,-1.00000,0.99997,0.99997
16309,-1.00000,0.99997,0.99997
16310,-1.00000,0.99997,0.92197
16311,-1.00000,0.99997,0.76041
16313,-1.00000,0.99997,0.67722
16314,-1.00000,0.99997,0.66763
16315,-1.00000,0.99997,0.74298
16316,-1.00000,0.99997,0.91959
16317,-1.00000,0.99997,0.99997
16319,-1.00000,0.99997,0.99997
16320,-1.00000,0.99997,0.99997
16321,-1.00000,0.88647,0.68359
16322,0.99997,-0.88367,0.04001
16323,0.99997,-1.00000,-0.51675
16325,0.99997,-1.00000,-0.78693
16326,0.99997,-1.00000,-0.77203
16327,0.99997,-1.00000,-0.63693
16328,0.99997,-1.00000,-0.54660
16329,0.99997,-1.00000,-0.53720
16330,0.99997,-1.00000,-0.53082
16332,0.99997,-1.00000,-0.45117
16333,0.99997,-1.00000,-0.30844
16334,0.99997,-1.00000,-0.17667
16335,0.99997,-1.00000,-0.11075
16336,0.99997,-1.00000,-0.10196
16338,0.99997,-1.00000,-0.10724
16339,0.99997,-1.00000,-0.09750
16340,0.99997,-1.00000,-0.05627
16341,0.99997,-1.00000,0.06830
16342,0.99997,-0.78204,0.38861
16344,0.99997,0.16068,0.99997
16345,0.99997,0.96872,0.99997
16346,0.99997,0.99997,0.99997
16347,0.99997,0.99997,0.99997
16348,0.99997,0.99997,0.99997
16350,0.99997,0.99997,0.99997
16351,0.99997,0.99997,0.99997
16352,0.99997,0.99997,-0.10876
16353,0.99997,0.99997,-1.00000
16354,0.99997,0.80157,-0.97525
16355,0.99997,0.55173,-0.24039
16357,0.99997,0.37411,0.59192
16358,0.99997,0.28879,0.95621
16359,0.99997,0.23282,0.67673
16360,0.99997,0.11264,-0.00848
16361,0.99997,-0.09866,-0.72751
16363,0.99997,-0.31595,-1.00000
16364,0.99997,-0.40353,-1.00000
16365,-0.43115,-0.29340,-1.00000
16366,-1.00000,-0.05060,-1.00000
16367,-1.00000,0.17679,-1.00000
16369,-1.00000,0.27322,-1.00000
16370,-1.00000,0.23105,-1.00000
16371,-1.00000,0.12949,-1.00000
16372,-1.00000,0.05679,-0.94061
16373,-1.00000,0.05411,-0.92599
16375,-1.00000,0.11618,-0.80539
16376,-1.00000,0.22324,-0.45120
16377,-1.00000,0.36749,-0.00415
16378,-1.00000,0.56415,0.30255
16379,-1.00000,0.84891,0.44412
16380,-1.00000,0.99997,0.67023
16382,-1.00000,0.99997,0.99997
16383,-1.00000,0.99997,0.99997
16384,-1.00000,0.99997,0.99997
16385,-1.00000,0.99997,0.47690
16386,-1.00000,0.99997,-1.00000
16388,-1.00000,0.99997,-1.00000
16389,-1.00000,0.99997,-1.00000
16390,-1.00000,0.99997,-1.00000
16391,-1.00000,0.99997,-1.00000
16392,-1.00000,0.99997,-1.00000
16394,-1.00000,0.99997,-1.00000
16395,-1.00000,0.99997,-1.00000
16396,-1.00000,0.90808,-1.00000
16397,-1.00000,0.66870,-1.00000
16398,-1.00000,0.49063,-1.00000
16400,-1.00000,0.38138,0.99997
16401,-1.00000,0.38043,0.99997
16402,-1.00000,0.52463,0.99997
16403,-1.00000,0.74033,0.99997
16404,-1.00000,0.78363,0.99997
16405,-1.00000,0.33069,0.99997
16407,-1.00000,-0.80759,0.99997
16408,-1.00000,-1.00000,0.99997
16409,-1.00000,-1.00000,0.99997
16410,-1.00000,-1.00000,0.99997
16411,-1.00000,-1.00000,0.99997
16413,-1.00000,-1.00000,0.99997
16414,-0.87714,-0.35291,0.99997
16415,-0.77011,0.99997,0.99997
16416,-0.67584,0.99997,0.99997
16417,-0.57880,0.99997,-1.00000
16419,-0.48117,0.99997,-1.00000
16420,-0.39230,0.99997,-1.00000
16421,-0.31512,0.99997,-1.00000
16422,-0.25168,0.99997,-1.00000
16423,-0.22104,0.99997,-1.00000
16425,-0.26221,0.99997,-1.00000
16426,-0.40637,0.99997,-1.00000
16427,-0.63837,0.99997,-1.00000
16428,-0.88516,0.99997,-0.56558
16429,-1.00000,0.99997,0.99997
16430,-1.00000,0.99997,0.99997
16432,-0.93710,0.99997,0.99997
16433,-0.73734,0.99997,0.99997
16434,-0.55487,0.99997,0.99997
16435,-0.44467,0.99997,0.99997
16436,-0.40048,0.99997,0.99997
16438,-0.37564,0.99997,0.99997
16439,-0.33905,0.99997,0.99997
16440,-0.32306,0.99997,0.99997
16441,-0.41629,0.99997,0.99997
16442,-0.69260,0.99997,0.99997
16444,-1.00000,0.99997,0.99997
16445,-1.00000,0.99997,0.99997
16446,-1.00000,0.99997,0.99997
16447,-1.00000,0.99997,0.99997
16448,-1.00000,0.99997,0.99997
16450,-1.00000,0.93549,0.99997
16451,-1.00000,0.13794,0.29773
16452,-0.90039,-0.76733,-1.00000
16453,-0.80698,-1.00000,-1.00000
16454,-0.73404,-1.00000,-1.00000
16455,-0.67267,-0.36661,-1.00000
16457,-0.64426,0.64395,-1.00000
16458,-0.65253,0.99997,-1.00000
16459,-0.65601,0.98312,-1.00000
16460,-0.59201,0.24442,-1.00000
16461,-0.42670,-0.49323,-1.00000
16463,-0.18298,-0.84958,-1.00000
16464,0.07819,-0.80188,-1.00000
16465,0.30289,-0.51364,-1.00000
16466,0.47699,-0.05038,-1.00000
16467,0.62482,0.65094,-1.00000
16469,0.78088,0.99997,-1.00000
16470,0.95953,0.99997,-1.00000
16471,0.99997,0.99997,-1.00000
16472,0.99997,0.99997,-1.00000
16473,0.99997,-0.43259,-1.00000
16475,0.99997,-1.00000,-1.00000
16476,0.99997,-1.00000,-1.00000
16477,0.99997,-0.01770,-1.00000
16478,0.99997,0.99997,-1.00000
16479,0.99997,0.99997,-1.00000
16480,0.99997,0.99997,-1.00000
16482,0.99997,-0.01266,-1.00000
16483,0.61887,-1.00000,-1.00000
16484,0.23816,-1.00000,-1.00000
16485,-0.12726,-0.25330,-1.00000
16486,-0.56036,0.99997,-1.00000
16488,-1.00000,0.99997,-1.00000
16489,-1.00000,0.99997,-1.00000
16490,-1.00000,0.99997,-1.00000
16491,-1.00000,0.99997,-1.00000
16492,-0.15085,0.99997,-1.00000
16494,0.85556,0.99997,-1.00000
16495,0.99997,0.99997,-1.00000
16496,0.99997,0.99997,-1.00000
16497,0.56543,-0.66797,-1.00000
16498,-0.30002,-1.00000,-1.00000
16500,-1.00000,-1.00000,-1.00000
16501,-1.00000,-1.00000,-1.00000
16502,-1.00000,-1.00000,-1.00000
16503,-1.00000,-1.00000,0.35696
16504,-1.00000,-1.00000,0.99997
16505,-1.00000,-1.00000,0.99997
16507,-1.00000,-1.00000,0.99997
16508,-1.00000,-1.00000,0.15536
16509,-1.00000,-1.00000,-1.00000
16510,-1.00000,-1.00000,-1.00000
16511,-1.00000,-1.00000,-1.00000
16513,-1.00000,0.59210,-1.00000
16514,-1.00000,0.94232,-1.00000
16515,-0.19971,0.33102,-1.00000
16516,0.18719,-0.15427,-1.00000
16517,-0.15991,0.44891,-1.00000
16519,-0.96820,0.99997,-1.00000
16520,-1.00000,0.99997,0.77106
16521,-1.00000,0.99997,0.99997
16522,-1.00000,0.99997,0.99997
16523,-1.00000,0.99997,0.99997
16525,-1.00000,0.99997,0.99997
16526,-1.00000,0.99997,0.99997
16527,-1.00000,0.99997,0.99997
16528,-1.00000,0.99997,0.99997
16529,-1.00000,0.99997,0.99997
16530,-1.00000,0.99997,0.99997
16532,-1.00000,0.99997,0.99997
16533,-0.63589,0.99997,0.99997
16534,-0.70590,0.99997,0.99997
16535,-1.00000,0.99997,-0.78928
16536,-1.00000,0.99997,-1.00000
16538,-1.00000,0.99997,-1.00000
16539,-1.00000,0.99997,-1.00000
16540,-0.06250,0.99997,-1.00000
16541,0.99997,0.99997,-1.00000
16542,0.99997,0.99997,-1.00000
16544,0.99997,0.99997,-1.00000
16545,0.99997,0.99997,-0.55609
16546,0.99997,0.99997,0.99997
16547,0.99997,0.99997,0.99997
16548,0.99997,0.99997,0.99997
16550,0.99997,0.99997,0.99997
16551,0.99997,0.99997,0.99997
16552,0.99997,0.99997,0.99997
16553,0.99997,0.99997,0.99997
16554,0.99997,0.99997,0.99997
16555,0.99997,-1.00000,0.99997
16557,0.99997,-1.00000,0.99997
16558,-1.00000,-1.00000,0.99997
16559,-1.00000,-1.00000,0.99997
16560,-1.00000,-1.00000,0.99997
16561,-1.00000,-1.00000,0.99997
16563,-1.00000,-1.00000,0.99997
16564,-1.00000,-1.00000,0.99997
16565,-1.00000,-1.00000,0.99997
16566,-1.00000,-1.00000,0.99997
16567,0.99997,-1.00000,0.89429
16569,0.99997,0.99997,0.84323
16570,0.99997,0.99997,0.75140
16571,0.99997,0.99997,0.31393
16572,0.99997,0.99997,-0.20450
16573,0.99997,0.99997,-0.22559
16575,0.99997,0.99997,0.54547
16576,0.99997,0.99997,0.99997
16577,0.99997,0.99997,0.99997
16578,0.99997,0.99997,0.99997
16579,-0.28418,-0.93179,0.99997
16580,-1.00000,-1.00000,0.31546
16582,-1.00000,-1.00000,-0.84485
16583,-1.00000,-1.00000,-1.00000
16584,-1.00000,-1.00000,-1.00000
16585,-1.00000,-1.00000,-1.00000
16586,-1.00000,-1.00000,-1.00000
16588,-1.00000,-1.00000,-1.00000
16589,-1.00000,-1.00000,-1.00000
16590,-1.00000,-1.00000,-1.00000
16591,-1.00000,-1.00000,-1.00000
16592,-1.00000,-1.00000,-1.00000
16594,-1.00000,-1.00000,-1.00000
16595,-0.57590,-1.00000,-1.00000
16596,0.62671,-0.29150,-1.00000
16597,0.40652,0.99997,-1.00000
16598,-0.93372,0.99997,-0.87360
16600,-1.00000,0.99997,-0.40741
16601,-1.00000,0.67667,-0.27402
16602,-0.77740,-0.95648,-0.32532
16603,0.86633,-1.00000,-0.29483
16604,0.99997,-1.00000,-0.03476
16605,0.58768,-1.00000,0.37057
16607,-1.00000,-1.00000,0.69586
16608,-1.00000,-1.00000,0.76398
16609,-1.00000,-1.00000,0.56326
16610,-1.00000,-1.00000,0.22403
16611,-0.21069,-1.00000,-0.08139
16613,0.23135,-1.00000,-0.21429
16614,-0.28506,-1.00000,-0.09329
16615,-1.00000,-1.00000,0.29285
16616,-1.00000,-0.62909,0.85410
16617,-1.00000,0.42273,0.99997
16619,-1.00000,0.99997,0.99997
16620,0.05057,0.99997,0.99997
16621,0.99997,0.99997,0.90305
16622,0.99997,0.35693,0.20654
16623,0.97507,-0.69339,-0.32367
16625,-0.06775,-1.00000,-0.51761
16626,-0.80981,-1.00000,-0.41772
16627,-0.87265,-1.00000,-0.20645
16628,-0.47351,-0.41394,-0.05023
16629,-0.13864,0.01859,0.01083
16630,-0.15155,0.14160,0.04916
16632,-0.28058,0.03076,0.14432
16633,-0.06616,-0.15927,0.29187
16634,0.63727,-0.31714,0.40836
16635,0.99997,-0.41278,0.41782
16636,0.99997,-0.46881,0.33032
16638,0.99997,-0.51743,0.23236
16639,0.99997,-0.57272,0.19830
16640,0.99997,-0.62109,0.21039
16641,0.99997,-0.62906,0.17001
16642,0.99997,-0.56830,-0.00598
16644,0.99997,-0.44424,-0.29459
16645,0.99997,-0.30304,-0.56912
16646,-0.04849,-0.20526,-0.69516
16647,0.26794,-0.18591,-0.63150
16648,0.99997,-0.23404,-0.44934
16650,0.99997,-0.30823,-0.26218
16651,0.99997,-0.37033,-0.13931
16652,0.99997,-0.40790,-0.07706
16653,0.99997,-0.43207,-0.03607
16654,0.01248,-0.46051,0.00708
16655,0.02777,-0.50284,0.04388
16657,0.61884,-0.55579,0.05554
16658,0.94003,-0.60477,0.03830
16659,0.52487,-0.62869,0.00668
16660,-0.34546,-0.60767,-0.02121
16661,-0.94147,-0.53262,-0.03479
16663,-0.74713,-0.41135,-0.02985
16664,0.09268,-0.26651,-0.00253
16665,0.90134,-0.12750,0.05020
16666,0.99997,-0.02264,0.12384
16667,0.40405,0.02643,0.20212
16669,-0.52255,0.01001,0.26114
16670,-1.00000,-0.06290,0.28058
16671,-1.00000,-0.16397,0.25525
16672,-0.37680,-0.25781,0.20035
16673,0.42276,-0.32288,0.14621
16675,0.99997,-0.36386,0.12250
16676,0.99997,-0.40268,0.13956
16677,0.76517,-0.45477,0.18011
16678,-0.08868,-0.51401,0.21024
16679,-1.00000,-0.56079,0.20380
16680,-1.00000,-0.58313,0.16119
16682,-1.00000,-0.58731,0.10675
16683,-1.00000,-0.58624,0.06671
16684,-1.00000,-0.58005,0.04877
16685,-0.89877,-0.55325,0.04092
16686,0.02753,-0.49329,0.02878
16688,0.99997,-0.41168,0.01181
16689,0.99997,-0.34308,0.00259
16690,0.99997,-0.32077,0.01068
16691,0.99997,-0.35062,0.02869
16692,-1.00000,-0.40720,0.03607
16694,-1.00000,-0.45316,0.01682
16695,-1.00000,-0.46332,-0.02490
16696,-1.00000,-0.43497,-0.06702
16697,-1.00000,-0.38379,-0.08777
16698,0.52106,-0.33554,-0.08478
16700,0.99997,-0.32028,-0.07794
16701,0.95599,-0.36346,-0.09207
16702,0.24417,-0.47031,-0.13254
16703,-0.22287,-0.61221,-0.17517
16704,-0.33426,-0.73224,-0.18246
16705,-0.45303,-0.77603,-0.13550
16707,-0.86456,-0.72910,-0.05399
16708,-1.00000,-0.63074,0.01691
16709,-1.00000,-0.54840,0.04639
16710,-0.29269,-0.53018,0.04916
16711,0.99997,-0.57111,0.07541
16713,0.99997,-0.62064,0.16193
16714,0.99997,-0.62485,0.28738
16715,0.99997,-0.56961,0.37613
16716,0.36334,-0.49130,0.35406
16717,0.54874,-0.44696,0.21136
16719,0.99997,-0.46854,0.01578
16720,0.99997,-0.53726,-0.13623
16721,0.99997,-0.59845,-0.18896
16722,0.99997,-0.60324,-0.15887
16723,0.99997,-0.54391,-0.10626
16725,0.32657,-0.45493,-0.08063
16726,-0.98483,-0.38223,-0.09055
16727,-0.96277,-0.34940,-0.11926
16728,0.07062,-0.34851,-0.15784
16729,0.99997,-0.35846,-0.21658
16730,0.99997,-0.36896,-0.30524
16732,0.99997,-0.38620,-0.41159
16733,0.80811,-0.41821,-0.50864
16734,0.75085,-0.45871,-0.58282
16735,0.99997,-0.48877,-0.64545
16736,0.99997,-0.49435,-0.70795
16738,0.60822,-0.48090,-0.74948
16739,-0.83466,-0.46747,-0.72601
16740,-1.00000,-0.46494,-0.62640
16741,-1.00000,-0.45761,-0.51663
16742,-1.00000,-0.40622,-0.50601
16744,-1.00000,-0.27216,-0.64569
16745,-0.59998,-0.04901,-0.85446
16746,-0.10272,0.21741,-0.96164
16747,0.18176,0.43668,-0.84555
16748,0.40668,0.51733,-0.54193
16750,0.49954,0.43506,-0.21454
16751,0.26920,0.28088,-0.01633
16752,-0.30255,0.23203,0.01807
16753,-0.91150,0.43002,-0.05389
16754,-1.00000,0.84119,-0.19269
16755,-0.44205,0.99997,-0.42316
16757,0.88235,0.99997,-0.74756
16758,0.99997,0.97037,-1.00000
16759,0.99997,0.42191,-1.00000
16760,0.99997,0.04230,-0.50089
16761,0.15375,0.10791,0.38205
16763,-1.00000,0.59021,0.99997
16764,-1.00000,0.99997,0.99997
16765,-1.00000,0.99997,0.99997
16766,-1.00000,0.99997,0.99997
16767,-0.40851,0.99997,0.99997
16769,0.71567,0.99997,0.75018
16770,0.27966,0.99997,0.31000
16771,-1.00000,0.99997,-0.44156
16772,-1.00000,0.99997,-1.00000
16773,-1.00000,0.99997,-1.00000
16775,-1.00000,0.99997,-1.00000
16776,-1.00000,0.99997,-1.00000
16777,-1.00000,0.99997,-1.00000
16778,-1.00000,0.99997,-1.00000
16779,-1.00000,0.99997,-1.00000
16780,-1.00000,0.99997,-1.00000
16782,-1.00000,0.99997,-0.25040
16783,-0.76962,0.99997,0.99997
16784,0.73428,0.99997,0.99997
16785,0.99997,0.99997,0.99997
16786,0.99997,0.99997,0.99997
16788,0.99997,0.99997,0.99997
16789,0.99997,0.84656,0.99997
16790,0.99997,-1.00000,0.99997
16791,0.99997,-1.00000,0.99997
16792,0.99997,-1.00000,0.99997
16794,0.99997,-1.00000,0.99997
16795,0.99997,-1.00000,0.99997
16796,0.99997,-1.00000,0.99997
16797,0.99997,-1.00000,0.99997
16798,0.99997,-1.00000,0.99997
16800,0.99997,-1.00000,0.99997
16801,0.99997,-1.00000,0.99997
16802,0.99997,-1.00000,0.99997
16803,0.99997,-1.00000,0.99997
16804,0.99997,-1.00000,0.99997
16805,0.99997,-1.00000,0.99997
16807,0.99997,-1.00000,0.99997
16808,0.99997,-1.00000,-0.13055
16809,0.32309,-1.00000,-0.39673
16810,-0.46188,-1.00000,0.98090
16811,0.03363,-1.00000,0.99997
16813,0.99997,-1.00000,0.99997
16814,0.99997,-1.00000,0.99997
16815,0.86893,-1.00000,0.01260
16816,-0.08963,-1.00000,-1.00000
16817,-0.69754,-1.00000,-1.00000
16819,-0.70935,-1.00000,-1.00000
16820,-0.50897,0.41647,-1.00000
16821,-0.51294,0.99997,-1.00000
16822,-0.61432,0.99997,-1.00000
16823,-0.33609,0.99997,-1.00000
16825,0.48114,0.99997,-1.00000
16826,0.99997,0.99997,-1.00000
16827,0.99997,0.99997,-1.00000
16828,0.78574,0.99997,-1.00000
16829,0.41425,0.99997,-1.00000
16830,0.99997,0.99997,-1.00000
16832,0.99997,0.99997,-1.00000
16833,0.99997,0.99997,-1.00000
16834,0.99997,0.99997,-1.00000
16835,0.99997,0.99997,-1.00000
16836,-1.00000,0.99997,-1.00000
16838,-1.00000,0.99997,-1.00000
16839,-1.00000,0.99997,-1.00000
16840,-1.00000,0.99997,-1.00000
16841,0.32263,0.99997,-1.00000
16842,0.29150,0.99997,-1.00000
16844,-1.00000,0.99997,-1.00000
16845,-1.00000,0.99997,-0.88406
16846,-1.00000,0.99997,-0.53366
16847,-1.00000,0.99997,-0.27832
16848,-1.00000,0.99997,0.05960
16850,-1.00000,0.51544,0.51080
16851,-1.00000,-0.53574,0.87741
16852,-1.00000,0.17181,0.90314
16853,-1.00000,0.99997,0.59595
16854,-1.00000,0.99997,0.37274
16855,-1.00000,0.99997,0.78076
16857,-1.00000,0.99997,0.99997
16858,-0.75864,0.99997,0.99997
16859,0.99997,0.99997,0.99997
16860,0.99997,0.99997,0.99997
16861,0.99997,0.99997,0.99997
16863,0.99997,0.99997,-1.00000
16864,0.99997,0.99997,-1.00000
16865,0.99997,0.99997,-1.00000
16866,0.99997,0.99997,-1.00000
16867,0.99997,0.99997,-1.00000
16869,0.99997,0.99997,-1.00000
16870,0.99997,0.73682,-1.00000
16871,0.99997,-0.06363,-1.00000
16872,0.99997,-0.68140,-1.00000
16873,0.99997,-0.57962,-1.00000
16875,0.99997,0.28595,-1.00000
16876,0.99997,0.99997,-1.00000
16877,0.99997,0.99997,-1.00000
16878,0.99997,0.99997,-1.00000
16879,0.99997,0.99997,-1.00000
16880,0.99997,0.53922,-1.00000
16882,0.99997,0.53519,-1.00000
16883,0.99997,0.99899,-1.00000
16884,0.99997,0.99997,-1.00000
16885,0.23981,0.99997,-1.00000
16886,-1.00000,0.99997,-1.00000
16888,-1.00000,0.99997,-1.00000
16889,-1.00000,0.99997,-1.00000
16890,-1.00000,0.99997,-1.00000
16891,-1.00000,0.99997,-1.00000
16892,-1.00000,0.99997,-1.00000
16894,-1.00000,0.99997,-1.00000
16895,-0.77548,0.99997,-1.00000
16896,-0.28006,0.99997,-1.00000
16897,0.04199,0.99997,-1.00000
16898,-0.03928,0.99997,-1.00000
16900,-0.51889,0.99997,-1.00000
16901,-1.00000,0.83124,-1.00000
16902,-1.00000,0.30240,-1.00000
16903,-1.00000,-0.35654,-1.00000
16904,-1.00000,-1.00000,-1.00000
16905,-1.00000,-1.00000,-1.00000
16907,-0.51590,-1.00000,-1.00000
16908,-0.08844,-1.00000,-1.00000
16909,-0.08246,-1.00000,-1.00000
16910,-0.66687,-0.17303,-1.00000
16911,-1.00000,0.95020,-1.00000
16913,-1.00000,0.99997,-0.91464
16914,-1.00000,0.99997,0.29062
16915,-1.00000,0.99997,0.99997
16916,-1.00000,0.99997,0.99997
16917,-1.00000,0.68909,0.99997
16919,-1.00000,0.46957,0.99997
16920,-0.49963,0.23215,0.99997
16921,0.81104,-0.10080,0.99997
16922,0.99997,-0.45554,-0.75339
16923,0.72827,-0.62793,-1.00000
16925,0.00815,-0.43155,-1.00000
16926,-0.60275,0.14160,-1.00000
16927,-0.94629,0.88168,-1.00000
16928,-1.00000,0.99997,-1.00000
16929,-0.83630,0.99997,-1.00000
16930,-0.34222,0.99997,-1.00000
16932,0.39389,0.99997,0.77924
16933,0.99997,0.96213,0.99997
16934,0.99997,0.53641,0.99997
16935,0.99997,0.09406,0.99997
16936,0.34305,-0.30209,0.99997
16938,-0.56815,-0.55304,0.99997
16939,-1.00000,-0.62076,0.99997
16940,-1.00000,-0.57727,0.99997
16941,-0.97845,-0.50510,0.99997
16942,-0.43314,-0.34366,0.99997
16944,0.09842,0.10254,0.99997
16945,0.46320,0.92004,-1.00000
16946,0.61115,0.99997,-1.00000
16947,0.57819,0.99997,-0.41412
16948,0.45303,0.99997,0.99997
16950,0.32904,0.31393,0.99997
16951,0.25439,-1.00000,0.99997
16952,0.21771,-1.00000,0.99997
16953,0.18750,-1.00000,0.99997
16954,0.16534,-0.95514,0.99997
16955,0.18695,-0.18851,0.99997
16957,0.25888,0.08844,0.99997
16958,0.30743,-0.03326,0.99997
16959,0.22778,-0.20010,0.99997
16960,0.02005,-0.22672,0.99997
16961,-0.12256,-0.26755,0.99997
16963,0.09506,-0.60083,0.99997
16964,0.81931,-1.00000,0.99997
16965,0.99997,-1.00000,0.18112
16966,0.99997,-1.00000,-1.00000
16967,0.99997,-1.00000,-1.00000
16969,0.99997,-1.00000,-1.00000
16970,-0.68607,-1.00000,-1.00000
16971,-1.00000,-1.00000,-1.00000
16972,-1.00000,-1.00000,-1.00000
16973,-1.00000,-1.00000,-1.00000
16975,-1.00000,-1.00000,-1.00000
16976,-1.00000,-1.00000,-1.00000
16977,-1.00000,-1.00000,-1.00000
16978,-1.00000,-1.00000,-1.00000
16979,-1.00000,-1.00000,-1.00000
16980,-1.00000,-1.00000,-1.00000
16982,0.99997,-1.00000,-1.00000
16983,0.99997,-1.00000,-1.00000
16984,0.99997,-1.00000,-1.00000
16985,0.99997,-0.93048,-1.00000
16986,0.99997,-0.50723,-1.00000
16988,0.99997,-0.06049,-1.00000
16989,-0.00174,0.35352,-1.00000
16990,-1.00000,0.60617,-1.00000
16991,-1.00000,0.54031,-1.00000
16992,-1.00000,0.12064,-1.00000
16994,-1.00000,-0.44214,-1.00000
16995,-1.00000,-0.74985,-1.00000
16996,0.12717,-0.45914,-1.00000
16997,0.99997,0.47385,-1.00000
16998,0.99997,0.99997,-1.00000
17000,0.99997,0.99997,-1.00000
17001,0.99997,0.99997,-1.00000
17002,0.99997,0.99997,-1.00000
17003,0.99997,0.99997,-1.00000
17004,0.99997,0.99997,-1.00000
17005,0.99997,0.00140,-1.00000
17007,0.99997,-1.00000,-1.00000
17008,-0.26685,-1.00000,-0.33365
17009,-1.00000,-1.00000,0.99997
17010,-1.00000,-1.00000,0.99997
17011,-1.00000,-1.00000,0.99997
17013,-1.00000,-1.00000,0.99997
17014,-1.00000,-1.00000,0.99997
17015,-0.41904,0.23953,0.99997
17016,0.81036,0.90665,0.99997
17017,0.99997,0.65643,0.99997
17019,0.99997,-0.10135,0.99997
17020,0.99997,-0.87741,0.99997
17021,0.99997,-1.00000,0.99997
17022,0.99997,-1.00000,0.87418
17023,0.99997,-1.00000,-1.00000
17025,0.99997,-1.00000,-1.00000
17026,0.99997,-1.00000,-1.00000
17027,0.99997,-1.00000,-0.53455
17028,0.99997,-1.00000,0.97116
17029,0.83527,-0.78741,0.99997
17030,0.46109,-0.90134,0.38702
17032,0.28641,-1.00000,-0.42731
17033,0.27136,-1.00000,-0.17300
17034,0.42160,-1.00000,0.99997
17035,0.71167,-1.00000,0.99997
17036,0.98627,-1.00000,0.99997
17038,0.99997,-1.00000,0.99997
17039,0.61349,-1.00000,0.99997
17040,-0.06448,-1.00000,0.99997
17041,-0.70923,-1.00000,0.99997
17042,-1.00000,-1.00000,0.99997
17044,-1.00000,-1.00000,0.99997
17045,-0.89169,-1.00000,0.99997
17046,-0.91321,-1.00000,0.99438
17047,-1.00000,-1.00000,-1.00000
17048,-1.00000,-0.59232,-1.00000
17050,-1.00000,0.04346,-1.00000
17051,-0.65048,-0.69043,0.81122
17052,-0.43643,-1.00000,0.99997
17053,-0.61401,-1.00000,0.99997
17054,-0.99741,-1.00000,0.99997
17055,-1.00000,-1.00000,0.04099
17057,-0.48276,-1.00000,-1.00000
17058,0.48392,-1.00000,-1.00000
17059,0.99997,-1.00000,-1.00000
17060,0.53180,0.42316,-1.00000
17061,-0.88428,0.99997,-1.00000
17063,-1.00000,0.99997,-1.00000
17064,-1.00000,0.99997,-1.00000
17065,-1.00000,0.99997,-1.00000
17066,-1.00000,0.99997,-1.00000
17067,-1.00000,0.33032,-1.00000
17069,-1.00000,-0.67755,-1.00000
17070,-1.00000,-1.00000,-1.00000
17071,-1.00000,-1.00000,-1.00000
17072,-1.00000,-1.00000,-1.00000
17073,-0.19138,-1.00000,-1.00000
17075,0.54370,-0.61743,-1.00000
17076,0.36551,0.99997,0.12033
17077,-0.31985,0.99997,0.83093
17078,-0.77939,0.99997,0.88037
17079,-0.62967,0.99997,0.87317
17080,-0.11276,0.99997,0.99997
17082,0.20590,0.05215,0.99997
17083,-0.03668,-1.00000,0.99997
17084,-0.72632,-1.00000,0.99997
17085,-1.00000,-1.00000,0.99997
17086,-1.00000,-1.00000,0.99997
17088,-1.00000,-1.00000,0.99997
17089,-0.62408,-1.00000,0.99997
17090,0.22409,-1.00000,0.99997
17091,0.89487,-1.00000,0.99997
17092,0.99997,-1.00000,0.99997
17094,0.99997,-1.00000,0.42392
17095,0.99997,-1.00000,-1.00000
17096,0.99997,-1.00000,-1.00000
17097,0.99997,-1.00000,-1.00000
17098,0.99997,-1.00000,-1.00000
17100,0.99997,-1.00000,-1.00000
17101,0.71655,-1.00000,-1.00000
17102,0.31540,-1.00000,-1.00000
17103,0.05756,-1.00000,-1.00000
17104,0.08517,-1.00000,-1.00000
17105,0.33408,-1.00000,-1.00000
17107,0.59717,-1.00000,-1.00000
17108,0.70691,-1.00000,-1.00000
17109,0.66031,-1.00000,-1.00000
17110,0.57733,-0.42264,-1.00000
17111,0.55710,0.94171,-1.00000
17113,0.58914,0.99997,-1.00000
17114,0.59897,0.79666,-1.00000
17115,0.55801,-0.50629,-1.00000
17116,0.52597,-1.00000,-1.00000
17117,0.58118,-1.00000,-1.00000
17119,0.72046,-1.00000,-1.00000
17120,0.84048,-0.68799,-1.00000
17121,0.82184,-0.13943,-1.00000
17122,0.63165,-0.13071,-1.00000
17123,0.34756,-0.53650,-1.00000
17125,0.09015,-1.00000,-1.00000
17126,-0.06439,-1.00000,-1.00000
17127,-0.11499,-1.00000,-1.00000
17128,-0.10193,-1.00000,-1.00000
17129,-0.05981,-1.00000,-1.00000
17130,-0.00232,-1.00000,-1.00000
17132,0.06787,-1.00000,-1.00000
17133,0.15839,-1.00000,-1.00000
17134,0.30234,-1.00000,-1.00000
17135,0.55450,-0.94000,-1.00000
17136,0.94092,-0.25381,-1.00000
17138,0.99997,-0.44443,-1.00000
17139,0.99997,-1.00000,-1.00000
17140,0.99997,-1.00000,-1.00000
17141,0.99997,-1.00000,-1.00000
17142,0.99997,-1.00000,-1.00000
17144,0.99997,-1.00000,-1.00000
17145,0.99997,-1.00000,-1.00000
17146,0.99997,-1.00000,-1.00000
17147,0.99997,-1.00000,-1.00000
17148,0.99997,-1.00000,-1.00000
17150,0.95145,-1.00000,-1.00000
17151,0.64709,-1.00000,-1.00000
17152,0.37186,-1.00000,-1.00000
17153,0.15021,-1.00000,-1.00000
17154,-0.02597,-1.00000,-1.00000
17155,-0.14117,-1.00000,-1.00000
17157,-0.15555,-1.00000,-1.00000
17158,-0.06125,-1.00000,-1.00000
17159,0.07593,0.22589,-1.00000
17160,0.14960,0.99997,-1.00000
17161,0.09625,0.99997,-1.00000
17163,-0.05194,0.99997,-1.00000
17164,-0.19839,0.99997,-1.00000
17165,-0.26550,0.94098,-1.00000
17166,-0.25259,0.37939,-1.00000
17167,-0.21994,0.12582,-1.00000
17169,-0.22485,0.04590,-1.00000
17170,-0.27444,0.10242,-1.00000
17171,-0.33371,0.30560,-1.00000
17172,-0.36798,0.57874,-1.00000
17173,-0.37112,0.75305,-1.00000
17175,-0.35538,0.70993,-1.00000
17176,-0.32407,0.50046,-1.00000
17177,-0.26614,0.30176,-0.77319
17178,-0.18054,0.25388,-0.21490
17179,-0.09912,0.34610,-0.16388
17180,-0.07297,0.45529,-0.51651
17182,-0.12631,0.47797,-0.95404
17183,-0.22385,0.41388,-1.00000
17184,-0.29083,0.32996,-0.93176
17185,-0.27332,0.26511,-0.50519
17186,-0.18311,0.18973,-0.17682
17188,-0.08386,0.06003,-0.13849
17189,-0.03317,-0.10132,-0.26947
17190,-0.03879,-0.19614,-0.24847
17191,-0.06961,-0.13046,0.09149
17192,-0.10199,0.09531,0.48169
17194,-0.14700,0.37738,0.33221
17195,-0.22879,0.58691,-0.76465
17196,-0.34082,0.65637,-1.00000
17197,-0.43292,0.59714,-1.00000
17198,-0.44727,0.45444,-1.00000
17200,-0.36880,0.26859,-1.00000
17201,-0.23853,0.08307,-1.00000
17202,-0.11893,-0.03860,0.61624
17203,-0.04788,-0.04724,0.99997
17204,-0.02435,0.02054,0.99997
17205,-0.02945,0.03137,0.59982
17207,-0.05176,-0.12881,0.39597
17208,-0.08929,-0.38571,0.63965
17209,-0.13531,-0.43375,0.96198
17210,-0.17252,0.07690,0.99960
17211,-0.18307,0.99997,0.78094
17213,-0.15616,0.99997,0.64352
17214,-0.07913,0.99997,0.80969
17215,0.07214,0.99997,0.99997
17216,0.31534,0.99997,0.99997
17217,0.61792,0.99997,0.42239
17219,0.87213,0.99997,-0.49063
17220,0.93494,0.43857,-1.00000
17221,0.72232,-0.08331,-0.87003
17222,0.28873,-0.29694,0.10623
17223,-0.18060,-0.34412,0.99997
17225,-0.47113,-0.32065,0.99997
17226,-0.46637,-0.26971,0.99997
17227,-0.21451,-0.21570,0.99997
17228,0.10757,-0.18115,0.99997
17229,0.30441,-0.17984,0.99997
17230,0.27679,-0.20880,0.99997
17232,0.07339,-0.25409,0.99997
17233,-0.15005,-0.30075,0.99997
17234,-0.23911,-0.33432,0.99997
17235,-0.14737,-0.33817,0.99997
17236,0.03424,-0.29846,0.99997
17238,0.15298,-0.21799,0.99997
17239,0.12045,-0.12210,0.99997
17240,-0.01187,-0.04361,0.99997
17241,-0.09436,0.00427,0.99997
17242,-0.00687,0.04059,0.99997
17244,0.23758,0.09787,0.99997
17245,0.50226,0.18637,0.89697
17246,0.63885,0.27533,0.82675
17247,0.59967,0.31326,0.88467
17248,0.45535,0.27191,0.98792
17250,0.31537,0.17496,0.99997
17251,0.23685,0.08511,0.99997
17252,0.20383,0.06039,0.99997
17253,0.17883,0.11627,0.99997
17254,0.15726,0.22223,0.99997
17255,0.16483,0.32990,0.99997
17257,0.20975,0.40591,0.99997
17258,0.25333,0.44531,0.87381
17259,0.23834,0.46262,0.72186
17260,0.14664,0.47476,0.62189
17261,0.02264,0.49054,0.58014
17263,-0.06439,0.51059,0.56235
17264,-0.08273,0.53177,0.53024
17265,-0.06360,0.55026,0.47281
17266,-0.06976,0.56207,0.40958
17267,-0.14145,0.56366,0.36887
17269,-0.26859,0.55386,0.36060
17270,-0.40445,0.53540,0.36566
17271,-0.49924,0.51419,0.35114
17272,-0.52640,0.49557,0.30081
17273,-0.49506,0.48068,0.23715
17275,-0.45059,0.46606,0.21304
17276,-0.45959,0.44720,0.27509
17277,-0.57404,0.42300,0.42493
17278,-0.78748,0.39740,0.61093
17279,-1.00000,0.37616,0.75900
17280,-1.00000,0.36090,0.82059
17282,-1.00000,0.34564,0.80139
17283,-0.86661,0.31982,0.75211
17284,-0.54749,0.27783,0.73077
17285,-0.25284,0.22736,0.76648
17286,-0.05423,0.18771,0.84735
17288,0.04050,0.17627,0.93518
17289,0.06253,0.19186,0.99222
17290,0.04245,0.21204,0.99997
17291,-0.00909,0.20972,0.97687
17292,-0.09073,0.17752,0.94547
17294,-0.18918,0.13593,0.93704
17295,-0.27066,0.11566,0.96182
17296,-0.29462,0.12839,0.99997
17297,-0.23840,0.15448,0.99997
17298,-0.11429,0.16061,0.99997
17300,0.03412,0.13089,0.93021
17301,0.15491,0.08078,0.82349
17302,0.21582,0.04144,0.72128
17303,0.21997,0.03165,0.64978
17304,0.19971,0.04532,0.61252
17305,0.19354,0.06433,0.59558
17307,0.22125,0.07916,0.58359
17308,0.27319,0.09473,0.57111
17309,0.31845,0.11740,0.56000
17310,0.32483,0.14059,0.54858
17311,0.27640,0.14691,0.52710
17313,0.17969,0.12488,0.48746
17314,0.05869,0.08234,0.43884
17315,-0.05627,0.04193,0.40952
17316,-0.13998,0.02213,0.42676
17317,-0.18192,0.02151,0.48880
17319,-0.19009,0.02060,0.55746
17320,-0.18454,-0.00061,0.58588
17321,-0.18100,-0.04462,0.56033
17322,-0.17520,-0.09232,0.51529
17323,-0.14310,-0.11572,0.50089
17325,-0.06241,-0.09714,0.53030
17326,0.06012,-0.04190,0.56076
17327,0.18091,0.02332,0.53165
17328,0.24307,0.06573,0.42233
17329,0.21570,0.06702,0.26767
17330,0.11636,0.03717,0.11334
17332,-0.00253,0.01190,-0.03674
17333,-0.09259,0.03094,-0.21426
17334,-0.14142,0.10977,-0.41852
17335,-0.17230,0.22458,-0.56302
17336,-0.21579,0.32465,-0.51108
17338,-0.27957,0.36478,-0.18823
17339,-0.34186,0.33340,0.32864
17340,-0.37094,0.25497,0.83676
17341,-0.35123,0.16849,0.99997
17342,-0.29343,0.10327,0.99997
17344,-0.22189,0.07065,0.99997
17345,-0.15479,0.07031,0.81082
17346,-0.09729,0.09573,0.69193
17347,-0.05438,0.13196,0.64764
17348,-0.04498,0.15408,0.62000
17350,-0.09402,0.13834,0.56894
17351,-0.19928,0.08127,0.51025
17352,-0.30478,0.00790,0.48602
17353,-0.32062,-0.04309,0.50781
17354,-0.19342,-0.04721,0.53848
17355,0.02502,-0.01123,0.53506
17357,0.18326,0.03372,0.50409
17358,0.12918,0.05493,0.49759
17359,-0.16394,0.03781,0.53989
17360,-0.55307,-0.00848,0.56866
17361,-0.81290,-0.05792,0.48700
17363,-0.79291,-0.08160,0.31317
17364,-0.51746,-0.06500,0.27371
17365,-0.14993,-0.02148,0.68454
17366,0.13852,0.01099,0.99997
17367,0.27972,-0.00397,0.99997
17369,0.31491,-0.06717,0.99997
17370,0.31708,-0.13446,0.99997
17371,0.31766,-0.15039,0.99997
17372,0.30148,-0.10275,0.43423
17373,0.25308,-0.04733,-0.92493
17375,0.19083,-0.07086,-1.00000
17376,0.15237,-0.21805,-1.00000
17377,0.15469,-0.44675,-0.48007
17378,0.17737,-0.65573,0.06152
17379,0.18674,-0.76285,0.33725
17380,0.17084,-0.76343,0.46249
17382,0.14627,-0.71884,0.59940
17383,0.13257,-0.69196,0.76736
17384,0.12640,-0.69489,0.85452
17385,0.10648,-0.69498,0.77640
17386,0.06305,-0.66144,0.59695
17388,0.01819,-0.59741,0.48257
17389,0.01086,-0.52502,0.53110
17390,0.05927,-0.44757,0.64465
17391,0.13708,-0.33771,0.57913
17392,0.18936,-0.16727,0.14249
17394,0.17569,0.05417,-0.62720
17395,0.10287,0.27496,-1.00000
17396,0.01971,0.43610,-1.00000
17397,-0.02036,0.51056,-1.00000
17398,0.00360,0.51367,-1.00000
17400,0.07144,0.48444,-1.00000
17401,0.14398,0.46060,-1.00000
17402,0.19284,0.46167,-1.00000
17403,0.21402,0.47992,-1.00000
17404,0.21890,0.48251,-1.00000
17405,0.21710,0.43649,-1.00000
17407,0.20889,0.35126,-1.00000
17408,0.19235,0.29611,-1.00000
17409,0.17267,0.34988,-1.00000
17410,0.16061,0.50238,-1.00000
17411,0.16010,0.60156,-1.00000
17413,0.15979,0.43045,-1.00000
17414,0.14050,-0.11636,-1.00000
17415,0.09448,-0.90469,-1.00000
17416,0.03769,-1.00000,-0.92004
17417,0.00186,-1.00000,-0.49487
17419,0.01193,-1.00000,-0.17023
17420,0.06793,-1.00000,0.00497
17421,0.14587,-1.00000,0.05301
17422,0.21429,-1.00000,0.03976
17423,0.25223,-1.00000,0.03384
17425,0.25653,-1.00000,0.07458
17426,0.23810,-1.00000,0.15799
17427,0.21130,-1.00000,0.24445
17428,0.18445,-1.00000,0.28687
17429,0.15512,-1.00000,0.26270
17430,0.11539,-1.00000,0.18546
17432,0.06393,-1.00000,0.08701
17433,0.01584,-0.34467,-0.00909
17434,-0.00250,0.78503,-0.09406
17435,0.02673,0.99997,-0.15933
17436,0.09378,0.99997,-0.18903
17438,0.16223,0.99997,-0.17609
17439,0.19296,0.91754,-0.13864
17440,0.17126,0.80084,-0.10229
17441,0.11398,0.85196,-0.06451
17442,0.05145,0.92911,-0.00171
17444,0.00256,0.91785,0.06039
17445,-0.03439,0.81735,-0.00351
17446,-0.07004,0.70203,-0.33875
17447,-0.10654,0.62814,-0.92599
17448,-0.13284,0.58759,-1.00000
17450,-0.13510,0.54086,-1.00000
17451,-0.11057,0.47275,-1.00000
17452,-0.07071,0.40244,-1.00000
17453,-0.03250,0.34451,-1.00000
17454,-0.00702,0.27530,-1.00000
17455,0.00500,0.15079,-1.00000
17457,0.00928,-0.04031,-1.00000
17458,0.01071,-0.24722,-1.00000
17459,0.00925,-0.38669,-1.00000
17460,0.00049,-0.40543,-0.14331
17461,-0.01904,-0.31738,0.58063
17463,-0.04590,-0.18491,0.59250
17464,-0.06741,-0.06863,0.36929
17465,-0.06680,0.00552,0.36862
17466,-0.03568,0.04108,0.63678
17467,0.01562,0.04758,0.90866
17469,0.06085,0.03094,0.99802
17470,0.07635,0.00232,0.99997
17471,0.06198,-0.01523,0.99997
17472,0.04440,0.00137,0.99997
17473,0.05502,0.05527,0.99997
17475,0.09998,0.12537,0.99997
17476,0.14996,0.18466,0.90356
17477,0.16370,0.22290,0.99997
17478,0.12555,0.25165,0.99997
17479,0.06250,0.28952,0.99997
17480,0.02261,0.34506,0.99997
17482,0.03394,0.41034,0.99997
17483,0.08191,0.46564,0.99997
17484,0.12558,0.48889,0.99997
17485,0.13623,0.46924,0.99997
17486,0.12131,0.42236,0.99997
17488,0.11423,0.39075,0.99997
17489,0.14261,0.41385,0.99997
17490,0.20532,0.48480,0.99997
17491,0.27606,0.54480,0.99997
17492,0.32468,0.54510,0.99997
17494,0.33658,0.52753,0.99997
17495,0.31750,0.61646,0.99997
17496,0.28574,0.87711,0.99997
17497,0.26108,0.99997,0.99997
17498,0.25534,0.99997,0.99997
17500,0.26642,0.34286,0.99997
17501,0.27802,-0.89139,0.99997
17502,0.26703,-1.00000,0.99997
17503,0.21658,-1.00000,0.99997
17504,0.12738,-0.56287,0.99997
17505,0.01892,0.99997,0.99997
17507,-0.08057,0.99997,-0.78207
17508,-0.14960,0.99997,-1.00000
17509,-0.18399,0.99997,-1.00000
17510,-0.19598,0.99997,-1.00000
17511,-0.20209,0.99997,-1.00000
17513,-0.20877,0.99997,-1.00000
17514,-0.20779,0.99997,-1.00000
17515,-0.18600,0.99997,-1.00000
17516,-0.14270,0.99997,-1.00000
17517,-0.09717,0.99997,-1.00000
17519,-0.07639,0.99997,-1.00000
17520,-0.09122,0.99997,-1.00000
17521,-0.12311,0.99997,-1.00000
17522,-0.13541,0.99997,-1.00000
17523,-0.10104,0.99997,-1.00000
17525,-0.02228,0.99997,-1.00000
17526,0.07281,0.99997,-1.00000
17527,0.15125,0.99997,-1.00000
17528,0.19482,0.99997,-1.00000
17529,0.20685,0.99997,-1.00000
17530,0.20798,0.99997,-1.00000
17532,0.22644,0.99997,-1.00000
17533,0.28351,0.99997,-1.00000
17534,0.37805,0.99997,-1.00000
17535,0.48486,0.99997,-1.00000
17536,0.57751,0.99997,-1.00000
17538,0.66107,0.99997,-1.00000
17539,0.77548,0.99997,-1.00000
17540,0.94836,0.99997,-1.00000
17541,0.99997,0.99997,-1.00000
17542,0.99997,0.99997,-1.00000
17544,0.99997,0.99997,-1.00000
17545,0.79523,0.99997,0.18240
17546,0.51480,0.99997,0.99997
17547,0.46619,0.99997,0.99997
17548,0.70996,0.99997,0.99997
17550,0.99997,0.33408,0.99997
17551,0.99997,-0.95914,-0.31354
17552,0.99997,-1.00000,-1.00000
17553,0.72507,-1.00000,-1.00000
17554,0.24631,-1.00000,-1.00000
17555,-0.09000,-1.00000,-1.00000
17557,-0.25146,-1.00000,-1.00000
17558,-0.35199,-1.00000,-1.00000
17559,-0.50546,-1.00000,-1.00000
17560,-0.70044,-1.00000,-1.00000
17561,-0.80063,-1.00000,-1.00000
17563,-0.65649,-1.00000,-1.00000
17564,-0.22885,-1.00000,-1.00000
17565,0.36575,0.27386,0.99997
17566,0.90872,0.99997,0.99997
17567,0.99997,0.99997,0.99997
17569,0.99997,0.99997,0.99997
17570,0.68045,0.99997,0.99997
17571,0.06378,0.99997,0.99997
17572,-0.58435,0.93185,0.99997
17573,-1.00000,0.86945,0.99997
17575,-1.00000,0.79590,0.65262
17576,-1.00000,0.05362,-1.00000
17577,-1.00000,-1.00000,-1.00000
17578,-0.97235,-1.00000,-1.00000
17579,-0.85687,-1.00000,-1.00000
17580,-1.00000,-1.00000,-1.00000
17582,-1.00000,-1.00000,-1.00000
17583,-1.00000,-0.53299,0.66107
17584,-0.89188,0.99997,0.99997
17585,0.52600,0.99997,0.99997
17586,0.99997,0.99997,0.99997
17588,0.99997,0.99997,0.62662
17589,0.99997,0.99997,0.99997
17590,0.99997,0.99997,0.99997
17591,0.99997,0.99997,0.99997
17592,-0.13089,0.99997,0.99997
17594,-1.00000,0.99997,0.99997
17595,-1.00000,0.99997,0.99997
17596,-1.00000,0.99997,0.99997
17597,-0.18237,-1.00000,0.99997
17598,0.99997,-1.00000,0.99997
17600,0.99997,-1.00000,0.99997
17601,0.99997,-1.00000,0.99997
17602,0.99997,-1.00000,0.99997
17603,0.99997,-1.00000,0.99997
17604,-0.09232,-0.41302,0.99997
17605,-1.00000,0.99997,0.99997
17607,-1.00000,0.99997,0.99997
17608,-0.72229,0.99997,-0.11636
17609,-0.60483,0.99997,-1.00000
17610,-1.00000,0.99997,-1.00000
17611,-1.00000,0.99997,-1.00000
17613,-1.00000,0.99997,-1.00000
17614,-1.00000,0.99997,-1.00000
17615,-1.00000,0.99997,-1.00000
17616,-1.00000,0.99997,-1.00000
17617,-1.00000,0.99997,-1.00000
17619,-1.00000,0.99997,-1.00000
17620,-1.00000,0.99997,-1.00000
17621,-1.00000,0.99997,-1.00000
17622,-1.00000,0.99997,-1.00000
17623,-1.00000,0.99997,-1.00000
17625,-1.00000,0.99997,-1.00000
17626,-1.00000,0.99997,-1.00000
17627,-1.00000,0.99997,-1.00000
17628,-1.00000,0.99997,-1.00000
17629,-1.00000,0.99997,-0.37262
17630,-1.00000,0.99997,0.99997
17632,-1.00000,-1.00000,0.99997
17633,-1.00000,-1.00000,0.99997
17634,-0.65280,-1.00000,0.99997
17635,-0.33246,-1.00000,0.99997
17636,-0.05081,-1.00000,0.99997
17638,0.42160,-1.00000,0.99997
17639,0.99997,-1.00000,0.99997
17640,0.99997,-1.00000,0.99997
17641,0.99997,-1.00000,0.99997
17642,0.99997,-1.00000,-1.00000
17644,0.99997,-1.00000,-1.00000
17645,0.99997,-1.00000,-1.00000
17646,0.99997,-1.00000,-1.00000
17647,0.99997,-1.00000,-1.00000
17648,0.99997,-1.00000,-1.00000
17650,0.99997,-1.00000,-1.00000
17651,0.99997,-1.00000,-0.20319
17652,-0.28348,-0.26126,0.99997
17653,-1.00000,0.83658,0.99997
17654,-1.00000,0.99997,0.99997
17655,-0.84485,0.99997,0.99997
17657,-0.35794,0.99997,0.99997
17658,-0.11511,0.99997,0.99997
17659,-0.15405,0.99997,0.99997
17660,-0.29669,0.99997,0.99997
17661,-0.31000,0.99997,0.99997
17663,-0.08597,0.99997,0.99997
17664,0.22818,0.99997,0.99997
17665,0.23621,0.99997,0.99997
17666,-0.50375,0.99997,0.99997
17667,-1.00000,0.82898,0.99997
17669,-1.00000,0.99997,0.99997
17670,-1.00000,0.99997,0.99997
17671,-1.00000,0.99997,0.57544
17672,-1.00000,0.99997,0.05307
17673,-1.00000,0.99997,-0.33109
17675,-1.00000,0.99997,-0.70032
17676,0.05582,0.99997,-1.00000
17677,0.99997,0.99997,-1.00000
17678,0.99997,0.99997,-1.00000
17679,0.99997,0.99997,-1.00000
17680,0.99997,0.99997,-0.90195
17682,0.99997,0.99997,-0.33606
17683,0.99997,0.99997,0.13553
17684,0.99997,0.99997,0.49744
17685,0.99997,0.99997,0.94211
17686,0.99997,0.99997,0.99997
17688,0.99997,0.99997,0.99997
17689,0.99997,0.99997,0.99997
17690,0.99997,0.99997,0.99997
17691,0.99997,0.63641,0.99997
17692,0.42529,0.20462,0.99997
17694,-1.00000,-0.15466,0.10721
17695,-1.00000,-0.39316,-0.67807
17696,-1.00000,-0.57788,-0.80276
17697,-1.00000,-0.79947,-0.58099
17698,0.27316,-1.00000,-0.41122
17700,0.99997,-1.00000,-0.45593
17701,0.99997,-1.00000,-0.57880
17702,0.99997,-0.80765,-0.53674
17703,0.99997,-0.38547,-0.22403
17704,0.99997,-0.01193,0.23010
17705,0.99997,0.22574,0.55774
17707,0.99997,0.32126,0.54407
17708,0.60394,0.29858,0.17447
17709,-0.20963,0.18921,-0.35269
17710,-0.42471,0.05545,-0.74927
17711,0.20291,-0.01868,-0.81598
17713,0.99997,-0.02176,-0.55975
17714,0.99997,-0.10718,-0.16849
17715,0.72928,-0.52966,0.13571
17716,-0.92255,-1.00000,0.24908
17717,-1.00000,-1.00000,0.22717
17719,-1.00000,-1.00000,0.19595
17720,-1.00000,-1.00000,0.22641
17721,-1.00000,-1.00000,0.28641
17722,-0.63232,-0.81470,0.29886
17723,-0.10046,0.44028,0.23279
17725,0.29370,0.99997,0.13412
17726,0.82382,0.99997,0.07343
17727,0.99997,0.99997,0.07129
17728,0.99997,0.99997,0.07751
17729,0.99997,0.97910,0.02222
17730,0.99997,0.87350,-0.11395
17732,0.82669,0.76407,-0.27637
17733,0.12830,0.66791,-0.37939
17734,-0.03708,0.59061,-0.37558
17735,0.40939,0.50061,-0.29016
17736,0.99997,0.36624,-0.19525
17738,0.99997,0.20596,-0.14905
17739,0.99997,0.08459,-0.15210
17740,0.59628,0.05576,-0.15469
17741,0.01959,0.11423,-0.10617
17742,0.03598,0.20514,-0.00415
17744,0.57831,0.27341,0.09668
17745,0.99997,0.29980,0.12598
17746,0.66919,0.29654,0.05896
17747,-0.64774,0.28043,-0.05334
17748,-1.00000,0.25726,-0.11557
17750,-1.00000,0.22729,-0.06421
17751,-1.00000,0.19507,0.07199
17752,-0.23434,0.16687,0.18439
17753,0.99997,0.13837,0.16885
17754,0.99997,0.08966,0.01596
17755,0.99997,-0.00287,-0.17331
17757,0.99997,-0.14536,-0.26477
17758,0.63977,-0.31488,-0.19714
17759,-1.00000,-0.46933,-0.02621
17760,-1.00000,-0.57202,0.12802
17761,-1.00000,-0.61267,0.17993
17763,-0.10452,-0.60895,0.13562
17764,0.64200,-0.58966,0.06757
17765,0.61548,-0.57474,0.04150
17766,0.00305,-0.56641,0.06561
17767,-0.73813,-0.55511,0.10083
17769,-1.00000,-0.53165,0.11011
17770,-1.00000,-0.49677,0.09457
17771,-1.00000,-0.46326,0.08521
17772,-1.00000,-0.44962,0.10443
17773,-1.00000,-0.46722,0.13876
17775,-1.00000,-0.50742,0.15054
17776,-0.76804,-0.54056,0.12015
17777,-0.39270,-0.53455,0.07855
17778,-0.22046,-0.48282,0.09537
17779,-0.19873,-0.41644,0.22357
17780,-0.01169,-0.38235,0.44330
17782,0.65305,-0.40198,0.65564
17783,0.99997,-0.44839,0.74051
17784,0.99997,-0.46924,0.63852
17785,0.99997,-0.43805,0.39178
17786,0.99997,-0.38290,0.11023
17788,-0.51236,-0.35938,-0.10693
17789,-1.00000,-0.39124,-0.23114
17790,-1.00000,-0.44104,-0.30261
17791,-1.00000,-0.44586,-0.38055
17792,-0.79196,-0.38773,-0.49365
17794,0.26566,-0.32504,-0.62454
17795,0.85529,-0.34653,-0.72412
17796,0.99533,-0.48602,-0.73297
17797,0.84363,-0.67810,-0.60229
17798,0.50583,-0.79581,-0.32199
17800,0.05078,-0.73538,0.04736
17801,-0.38113,-0.47455,0.36890
17802,-0.57086,-0.06888,0.48172
17803,-0.35187,0.38763,0.29736
17804,0.25482,0.79376,-0.12704
17805,0.99997,0.99997,-0.60831
17807,0.99997,0.99997,-0.95285
17808,0.99997,0.91833,-1.00000
17809,0.99997,0.57333,-1.00000
17810,0.29196,0.17505,-1.00000
17811,-1.00000,-0.17728,-1.00000
17813,-1.00000,-0.42606,-1.00000
17814,-1.00000,-0.52914,-1.00000
17815,-1.00000,-0.41495,-1.00000
17816,-1.00000,0.01202,-0.95023
17817,-1.00000,0.79633,-0.76266
17819,-1.00000,0.99997,-0.58545
17820,-1.00000,0.99997,-0.32147
17821,-1.00000,0.99997,0.10706
17822,-0.50668,0.99997,0.62802
17823,0.99997,0.99997,0.99997
17825,0.99997,0.99997,0.99997
17826,0.99997,0.99997,0.76639
17827,0.99997,0.99997,0.25931
17828,0.99997,0.99997,-0.20004
17829,0.99997,0.99997,-0.48590
17830,0.61099,0.99997,-0.66013
17832,-1.00000,0.99997,-0.88776
17833,-1.00000,0.99997,-1.00000
17834,-1.00000,0.99997,-1.00000
17835,-1.00000,0.99997,-1.00000
17836,-1.00000,0.99997,-1.00000
17838,-0.44162,0.99997,-1.00000
17839,0.99997,0.99997,-1.00000
17840,0.99997,0.99997,-1.00000
17841,0.99997,0.99997,-0.44748
17842,0.99997,0.18021,0.39981
17844,0.99997,-1.00000,0.99997
17845,0.99997,-1.00000,0.99997
17846,-0.25790,-1.00000,0.99997
17847,-1.00000,-1.00000,0.99997
17848,-1.00000,-1.00000,0.99997
17850,-1.00000,-1.00000,0.99997
17851,-1.00000,-1.00000,0.99997
17852,-1.00000,-1.00000,0.99997
17853,-1.00000,-1.00000,0.99997
17854,-1.00000,-1.00000,0.99997
17855,-1.00000,-1.00000,0.90753
17857,-1.00000,-1.00000,0.91055
17858,-1.00000,-1.00000,0.84808
17859,-1.00000,-1.00000,0.40039
17860,-1.00000,-1.00000,-0.40802
17861,-1.00000,-1.00000,-1.00000
17863,-1.00000,-1.00000,-0.65710
17864,-1.00000,-1.00000,0.99997
17865,-1.00000,-1.00000,0.99997
17866,-1.00000,-1.00000,0.99997
17867,-1.00000,-1.00000,0.99997
17869,-1.00000,-1.00000,0.99997
17870,-1.00000,-1.00000,0.99997
17871,-1.00000,-1.00000,0.99997
17872,-0.36670,-1.00000,0.99997
17873,0.72955,-1.00000,0.99997
17875,0.99997,-1.00000,0.99997
17876,0.91974,-1.00000,0.99997
17877,0.40671,-1.00000,0.99997
17878,0.02380,-1.00000,0.99997
17879,-0.25821,-1.00000,0.99997
17880,-0.80463,-1.00000,0.99997
17882,-1.00000,-1.00000,0.99997
17883,-1.00000,-1.00000,0.99997
17884,-1.00000,-1.00000,0.40909
17885,-1.00000,-1.00000,-1.00000
17886,-1.00000,-0.57031,-1.00000
17888,-0.02563,-0.09686,-1.00000
17889,0.99997,0.17020,-1.00000
17890,0.99997,0.17181,-1.00000
17891,0.99997,0.01685,-1.00000
17892,0.99997,-0.12717,-1.00000
17894,0.99997,-0.16730,-1.00000
17895,0.99997,-0.12976,-1.00000
17896,0.99997,-0.09860,-1.00000
17897,0.99997,-0.12500,-1.00000
17898,0.99997,-0.19049,-1.00000
17900,0.99997,-0.24066,-1.00000
17901,0.41412,-0.24130,-1.00000
17902,-1.00000,-0.20422,-1.00000
17903,-1.00000,-0.16803,-1.00000
17904,-1.00000,-0.16010,-1.00000
17905,-1.00000,-0.17429,-1.00000
17907,-1.00000,-0.18250,-1.00000
17908,-1.00000,-0.16724,-1.00000
17909,0.99997,-0.14374,-0.79739
17910,0.99997,-0.14676,-0.51370
17911,0.99997,-0.19394,-0.44223
17913,0.99997,-0.26651,-0.58368
17914,0.99997,-0.33502,-0.87347
17915,0.99997,-0.40375,-1.00000
17916,0.99997,-0.51254,-1.00000
17917,0.99997,-0.67810,-0.99594
17919,0.99997,-0.83954,-0.59531
17920,0.99997,-0.89426,-0.28238
17921,0.99997,-0.81381,-0.20587
17922,0.99997,-0.71115,-0.22580
17923,0.99997,-0.74591,-0.03903
17925,0.99997,-0.93054,0.44992
17926,0.99997,-1.00000,0.87567
17927,0.99997,-0.86960,0.60086
17928,0.99997,-0.41147,-0.74423
17929,0.99997,-0.12650,-1.00000
17930,0.99997,-0.61108,-1.00000
17932,0.99997,-1.00000,-1.00000
17933,0.99997,-1.00000,-1.00000
17934,0.99997,-1.00000,-1.00000
17935,0.99997,-1.00000,-1.00000
17936,0.99997,-1.00000,-1.00000
17938,0.99997,-1.00000,-1.00000
17939,0.08609,-1.00000,-1.00000
17940,-1.00000,-1.00000,-1.00000
17941,-1.00000,-1.00000,-1.00000
17942,-1.00000,-1.00000,-1.00000
17944,-1.00000,-1.00000,-1.00000
17945,-0.61514,-1.00000,-1.00000
17946,0.22583,-1.00000,-1.00000
17947,0.14841,0.97098,-1.00000
17948,-0.48132,0.99997,-1.00000
17950,-0.89468,0.99997,-1.00000
17951,-0.60184,0.99997,-1.00000
17952,0.20053,0.99997,-0.05460
17953,0.82135,0.99997,0.80621
17954,0.67136,0.99997,0.99997
17955,-0.24680,0.99997,0.99997
17957,-1.00000,0.99997,0.99997
17958,-1.00000,0.99997,0.99997
17959,-1.00000,0.99997,0.99997
17960,-0.13898,0.99997,0.99997
17961,0.99997,0.99997,0.99997
17963,0.99997,0.99997,0.99997
17964,0.99997,0.99997,0.99997
17965,0.99997,0.99997,0.99997
17966,0.99997,0.99997,0.99997
17967,0.99997,0.99997,0.99997
17969,0.99997,0.99997,0.99997
17970,0.99997,0.99997,0.99997
17971,0.99997,0.99997,0.99997
17972,0.99997,0.99997,0.99997
17973,0.99997,0.99997,0.99997
17975,0.99997,0.99997,-0.78793
17976,0.99997,0.66089,-1.00000
17977,0.99997,-1.00000,-1.00000
17978,0.99997,-1.00000,-1.00000
17979,0.96695,-1.00000,-1.00000
17980,0.33572,-1.00000,-1.00000
17982,-0.63507,0.99997,-1.00000
17983,-1.00000,0.99997,-1.00000
17984,-1.00000,0.99997,-1.00000
17985,-1.00000,0.99997,-1.00000
17986,-1.00000,0.99997,-1.00000
17988,-1.00000,0.99997,-1.00000
17989,-1.00000,0.99997,-1.00000
17990,-1.00000,0.99997,-1.00000
17991,-1.00000,0.99997,-1.00000
17992,-1.00000,0.99997,-1.00000
17994,-1.00000,0.99997,-0.81552
17995,-1.00000,0.99997,0.77698
17996,-1.00000,0.99997,0.99997
17997,-1.00000,0.87759,0.99997
17998,-1.00000,0.33365,0.99997
18000,-1.00000,-0.38943,0.99997
18001,-1.00000,-0.97232,0.99997
18002,0.46909,-0.93835,0.99997
18003,0.99997,-0.09735,0.99997
18004,0.99997,0.99997,0.99997
18005,0.99997,0.99997,0.99997
18007,0.99997,0.99997,0.99997
18008,-0.46783,0.99997,0.99997
18009,-1.00000,0.99997,0.99997
18010,-1.00000,0.99997,0.99997
18011,-1.00000,0.99997,0.99997
18013,-1.00000,0.99997,0.99997
18014,0.90121,0.95633,0.99997
18015,0.99997,0.71994,0.99997
18016,0.99997,0.39969,0.99997
18017,0.99997,0.03052,0.99997
18019,0.99997,-0.30728,0.99997
18020,0.99997,-0.47745,0.99997
18021,0.99997,-0.31674,0.99997
18022,0.99997,0.27283,0.99997
18023,0.99997,0.99997,0.99997
18025,0.99997,0.99997,0.99997
18026,0.99997,0.99997,0.99997
18027,0.99997,0.99997,0.99997
18028,0.95251,0.99997,0.99997
18029,0.96570,0.99997,0.99997
18030,0.99997,0.99997,0.99997
18032,0.99997,0.99997,0.99997
18033,0.99997,0.99997,0.99997
18034,0.99997,0.99997,0.99997
18035,0.99997,0.99997,0.99997
18036,0.99997,0.27679,0.99997
18038,0.99997,-0.58069,0.99997
18039,0.99997,-1.00000,0.52463
18040,0.99997,-0.77075,0.64343
18041,0.99997,-0.00467,0.99997
18042,0.99997,0.79318,0.99997
18044,0.99997,0.99997,0.99997
18045,0.99997,0.55023,0.99997
18046,0.99997,-0.40396,0.36688
18047,0.99997,-1.00000,-1.00000
18048,0.97223,-0.54517,-1.00000
18050,0.91232,0.94122,-0.61465
18051,0.93085,0.99997,0.99997
18052,0.99374,0.99997,0.99997
18053,0.99997,0.99997,0.99997
18054,0.95721,-1.00000,0.99997
18055,0.83435,-1.00000,0.99997
18057,0.71875,-1.00000,0.70035
18058,0.66577,-1.00000,-1.00000
18059,0.68536,-0.38202,-1.00000
18060,0.74979,0.85083,-1.00000
18061,0.81937,0.99997,-1.00000
18063,0.86163,0.60495,-0.29218
18064,0.86005,0.08835,0.99997
18065,0.81729,-0.27951,0.99997
18066,0.75259,-0.65564,0.99997
18067,0.68823,-1.00000,0.99997
18069,0.63092,-1.00000,0.99997
18070,0.56793,-1.00000,0.99997
18071,0.48865,-0.14749,0.99997
18072,0.41241,0.98096,0.99997
18073,0.38885,0.99997,0.99997
18075,0.45786,0.99997,0.99997
18076,0.60248,0.31305,0.99997
18077,0.74448,-0.09122,0.99997
18078,0.79663,0.34979,0.99997
18079,0.73019,0.99997,0.99997
18080,0.59567,0.99997,0.99997
18082,0.47839,0.78751,0.99997
18083,0.43054,-0.71985,0.99997
18084,0.44067,-1.00000,0.99997
18085,0.46182,-1.00000,0.99997
18086,0.46271,-1.00000,0.99997
18088,0.45139,-1.00000,0.99997
18089,0.45490,-1.00000,0.99997
18090,0.48355,-1.00000,0.99997
18091,0.51822,-1.00000,0.99997
18092,0.52921,-1.00000,0.99997
18094,0.50290,-1.00000,0.99997
18095,0.44980,-1.00000,0.99997
18096,0.39209,-1.00000,0.99997
18097,0.34879,-1.00000,0.99997
18098,0.33282,-1.00000,0.91379
18100,0.35562,-1.00000,-1.00000
18101,0.42538,-1.00000,-1.00000
18102,0.53592,-0.58362,-1.00000
18103,0.65805,-0.57449,-1.00000
18104,0.74786,-1.00000,-1.00000
18105,0.76956,-1.00000,-1.00000
18107,0.71704,-1.00000,-1.00000
18108,0.61725,-1.00000,-1.00000
18109,0.51431,-0.61734,-1.00000
18110,0.44519,0.02579,-1.00000
18111,0.42303,0.01279,-1.00000
18113,0.43582,-0.44717,-1.00000
18114,0.45889,-0.78006,-1.00000
18115,0.47208,-0.52606,-1.00000
18116,0.47021,0.29706,-1.00000
18117,0.46082,0.99997,-1.00000
18119,0.45282,0.99997,-1.00000
18120,0.44797,0.99997,-1.00000
18121,0.44321,0.17911,-1.00000
18122,0.44012,-0.76212,-1.00000
18123,0.44882,-0.97369,-1.00000
18125,0.47983,-0.19922,-1.00000
18126,0.53094,0.99997,-1.00000
18127,0.58395,0.99997,-1.00000
18128,0.61542,0.99997,-1.00000
18129,0.61209,0.99997,-1.00000
18130,0.57697,0.99997,-1.00000
18132,0.52313,0.99997,-1.00000
18133,0.46417,0.99997,-1.00000
18134,0.41006,0.99997,-1.00000
18135,0.36746,0.99997,-1.00000
18136,0.33865,0.60532,-1.00000
18138,0.31912,0.02808,-1.00000
18139,0.30011,-0.43185,-1.00000
18140,0.27893,-0.74805,-0.41812
18141,0.26755,-0.74594,0.99997
18142,0.28775,-0.17545,0.99997
18144,0.35175,0.99026,0.99997
18145,0.44485,0.99997,0.99997
18146,0.52814,0.99997,0.99997
18147,0.56262,0.99997,0.99997
18148,0.53534,0.99997,0.99997
18150,0.46552,0.31903,0.99997
18151,0.38684,-0.74762,0.99997
18152,0.32333,-0.90424,0.99997
18153,0.28000,-0.18491,0.99997
18154,0.25314,0.93106,0.99997
18155,0.24475,0.99997,0.99997
18157,0.26468,0.99997,0.99997
18158,0.31885,0.99997,0.99997
18159,0.39853,-0.20242,0.99997
18160,0.48260,-1.00000,0.99997
18161,0.55075,-1.00000,0.99997
18163,0.59406,-0.72064,0.99997
18164,0.61526,0.27289,0.99997
18165,0.62289,0.91852,0.99997
18166,0.62546,0.85129,-1.00000
18167,0.62692,0.25989,-1.00000
18169,0.62109,-0.31406,-1.00000
18170,0.59244,-0.45334,-1.00000
18171,0.53073,-0.21912,-1.00000
18172,0.45242,-0.05667,-1.00000
18173,0.39972,-0.30362,-1.00000
18175,0.40231,-0.74796,-1.00000
18176,0.43158,-0.71671,-1.00000
18177,0.40732,0.27838,-1.00000
18178,0.27737,0.99997,0.02695
18179,0.10242,0.99997,0.99997
18180,0.04291,0.99997,0.99997
18182,0.22299,0.82272,0.99997
18183,0.58286,-1.00000,0.99997
18184,0.87415,-1.00000,0.99997
18185,0.83667,-1.00000,0.99997
18186,0.41354,-0.56882,-0.26874
18188,-0.19308,0.99997,-1.00000
18189,-0.68207,0.99997,-1.00000
18190,-0.88397,0.99997,-1.00000
18191,-0.85544,0.99997,-1.00000
18192,-0.77179,0.99997,-1.00000
18194,-0.74390,0.99997,-1.00000
18195,-0.73770,0.99997,-1.00000
18196,-0.65079,0.99997,-1.00000
18197,-0.44208,0.99997,-1.00000
18198,-0.18011,0.99997,-1.00000
18200,0.02246,0.99997,-1.00000
18201,0.10529,0.99997,-1.00000
18202,0.09473,0.99997,-1.00000
18203,0.06113,0.99997,-1.00000
18204,0.05661,0.99997,-0.51608
18205,0.08917,0.99997,0.65903
18207,0.13721,-0.36377,-0.09387
18208,0.17444,-1.00000,-1.00000
18209,0.18298,-1.00000,-1.00000
18210,0.15686,-1.00000,-1.00000
18211,0.10400,-1.00000,-1.00000
18213,0.04324,-1.00000,-1.00000
18214,-0.00919,-1.00000,-1.00000
18215,-0.05405,-1.00000,-1.00000
18216,-0.10495,-1.00000,-1.00000
18217,-0.16238,-1.00000,-1.00000
18219,-0.19208,-1.00000,-1.00000
18220,-0.13898,-1.00000,-1.00000
18221,0.02454,-1.00000,-1.00000
18222,0.25790,-1.00000,-1.00000
18223,0.46359,-1.00000,-1.00000
18225,0.54944,-1.00000,-1.00000
18226,0.49097,-0.54456,-1.00000
18227,0.34106,-0.33051,-1.00000
18228,0.18250,-0.22211,-1.00000
18229,0.07028,-0.00568,-1.00000
18230,0.01172,0.43332,0.99997
18232,-0.01031,0.99997,0.99997
18233,-0.00760,0.99997,0.99997
18234,0.01816,0.99997,0.99997
18235,0.05923,0.99997,0.49396
18236,0.09351,0.99997,-1.00000
18238,0.09869,0.95898,-1.00000
18239,0.07224,0.38690,0.48004
18240,0.03256,-0.13446,0.99997
18241,-0.00098,-0.35358,0.99997
18242,-0.02658,0.11234,0.99997
18244,-0.05795,0.99997,0.99997
18245,-0.10675,0.99997,0.99997
18246,-0.17181,0.99997,0.99997
18247,-0.24466,0.99997,0.99997
18248,-0.32047,0.99997,0.99997
18250,-0.39786,0.99997,0.99997
18251,-0.46826,0.44614,-1.00000
18252,-0.51257,-1.00000,-1.00000
18253,-0.51425,-1.00000,-1.00000
18254,-0.47812,-1.00000,-1.00000
18255,-0.43195,-1.00000,-1.00000
18257,-0.40436,-1.00000,-1.00000
18258,-0.39828,-1.00000,-1.00000
18259,-0.38687,-1.00000,-0.87567
18260,-0.33978,-1.00000,0.99997
18261,-0.25613,-1.00000,0.99997
18263,-0.17084,-1.00000,0.99997
18264,-0.12402,-1.00000,0.99997
18265,-0.11996,-1.00000,0.99997
18266,-0.11710,-0.75705,0.99997
18267,-0.06567,0.19931,0.99997
18269,0.03769,0.99997,0.99997
18270,0.13129,0.99997,0.99997
18271,0.13058,0.99997,0.99997
18272,0.00049,0.99997,0.42691
18273,-0.20575,0.99997,-1.00000
18275,-0.37875,0.37466,-1.00000
18276,-0.43039,0.02332,-1.00000
18277,-0.35214,0.99997,-1.00000
18278,-0.20886,0.99997,-1.00000
18279,-0.08054,0.99997,-1.00000
18280,-0.00589,0.99997,-1.00000
18282,0.02896,0.99997,-1.00000
18283,0.05890,0.99997,-1.00000
18284,0.10272,0.99997,-1.00000
18285,0.15302,0.99997,-1.00000
18286,0.19504,0.99997,-1.00000
18288,0.22818,-1.00000,-1.00000
18289,0.26611,-1.00000,-1.00000
18290,0.31519,-1.00000,-1.00000
18291,0.35419,-1.00000,-1.00000
18292,0.34021,-1.00000,-1.00000
18294,0.24219,0.84180,-1.00000
18295,0.07504,0.99997,-1.00000
18296,-0.09875,0.99997,-1.00000
18297,-0.20886,0.99997,-1.00000
18298,-0.22925,-1.00000,-1.00000
18300,-0.19864,-1.00000,-1.00000
18301,-0.18887,-1.00000,-1.00000
18302,-0.24619,-1.00000,-1.00000
18303,-0.35556,-1.00000,0.99997
18304,-0.45877,-1.00000,0.99997
18305,-0.50912,-1.00000,0.99997
18307,-0.51297,-1.00000,0.99997
18308,-0.52066,-1.00000,0.99997
18309,-0.57605,-1.00000,0.99997
18310,-0.67068,-1.00000,0.99997
18311,-0.74353,-1.00000,0.99997
18313,-0.72736,-1.00000,0.99997
18314,-0.60172,-1.00000,0.99997
18315,-0.41083,-1.00000,0.99997
18316,-0.23395,-1.00000,0.99997
18317,-0.13434,-1.00000,0.99997
18319,-0.12503,-0.51093,0.99997
18320,-0.17157,0.17084,0.99997
18321,-0.22272,-0.02451,0.99997
18322,-0.24335,-0.82376,0.99997
18323,-0.22836,-1.00000,0.99997
18325,-0.19556,-1.00000,0.99997
18326,-0.16956,-1.00000,0.99997
18327,-0.17047,-1.00000,0.99997
18328,-0.21027,-1.00000,0.99997
18329,-0.28903,-1.00000,0.99997
18330,-0.38727,-1.00000,0.80777
18332,-0.46158,-1.00000,0.79382
18333,-0.45807,-1.00000,0.99997
18334,-0.34360,-1.00000,0.99997
18335,-0.13385,-1.00000,0.99997
18336,0.10950,-0.97116,0.99997
18338,0.31390,0.31961,0.99997
18339,0.43536,0.99997,0.38434
18340,0.46964,0.99997,0.07541
18341,0.43582,0.96384,0.17725
18342,0.35995,0.62320,0.37366
18344,0.27646,0.41849,0.41418
18345,0.23044,0.32681,0.28427
18346,0.25552,0.23849,0.13751
18347,0.33795,0.12024,0.11380
18348,0.41595,0.04062,0.22269
18350,0.43707,0.06805,0.36246
18351,0.42355,0.18210,0.41739
18352,0.46057,0.29666,0.34128
18353,0.59299,0.35437,0.17926
18354,0.72821,0.37830,0.03494
18355,0.66858,0.42868,0.01013
18357,0.27844,0.52325,0.14639
18358,-0.36020,0.61346,0.39694
18359,-0.96725,0.63593,0.64981
18360,-1.00000,0.57269,0.79312
18361,-1.00000,0.45386,0.78049
18363,-0.95648,0.31360,0.64932
18364,-0.80417,0.16516,0.48251
18365,-0.87399,0.02597,0.35205
18366,-1.00000,-0.05551,0.29297
18367,-1.00000,-0.03275,0.31927
18369,-1.00000,0.06665,0.44485
18370,-1.00000,0.12747,0.66953
18371,-0.86295,0.04654,0.94138
18372,-0.70898,-0.14084,0.99997
18373,-0.63528,-0.26517,0.99997
18375,-0.58044,-0.20239,0.99997
18376,-0.45538,-0.06747,0.84894
18377,-0.20911,-0.19864,0.73868
18378,0.13477,-0.89310,0.82062
18379,0.49042,-1.00000,0.99997
18380,0.76279,-1.00000,0.99997
18382,0.90573,-1.00000,0.99997
18383,0.94247,-1.00000,0.99997
18384,0.93478,-1.00000,0.99997
18385,0.93130,-1.00000,0.99997
18386,0.94080,-1.00000,0.99997
18388,0.94794,-1.00000,0.99997
18389,0.94556,-1.00000,0.99997
18390,0.94714,-1.00000,0.99997
18391,0.97110,-1.00000,0.99997
18392,0.99997,-1.00000,0.99997
18394,0.99997,-1.00000,0.99997
18395,0.99997,-0.94580,0.99997
18396,0.99997,-0.71567,0.99997
18397,0.99997,-0.78281,0.99997
18398,0.99997,-0.83087,0.99997
18400,0.91971,-0.53937,0.99997
18401,0.73138,0.17435,0.82510
18402,0.54843,0.99997,-1.00000
18403,0.41656,0.99997,-1.00000
18404,0.35300,0.99997,-1.00000
18405,0.34354,0.99997,-1.00000
18407,0.36301,0.99997,-1.00000
18408,0.39520,0.99997,-1.00000
18409,0.43427,0.99997,-1.00000
18410,0.47119,0.99997,-1.00000
18411,0.48654,0.99997,-1.00000
18413,0.46155,0.99997,-1.00000
18414,0.39832,0.99997,-1.00000
18415,0.32870,0.99997,-1.00000
18416,0.29715,0.99997,-1.00000
18417,0.32504,0.99997,-1.00000
18419,0.38165,0.99997,-1.00000
18420,0.39005,0.99997,-1.00000
18421,0.27612,0.99997,-1.00000
18422,0.03329,0.99997,-1.00000
18423,-0.24777,0.91745,-0.84030
18425,-0.41974,0.81390,0.10910
18426,-0.37289,0.75656,0.34122
18427,-0.11563,0.72070,0.08441
18428,0.22580,0.68198,-0.26147
18429,0.49722,0.63388,-0.43982
18430,0.63263,0.59305,-0.45392
18432,0.70599,0.58273,-0.44165
18433,0.87308,0.60699,-0.48730
18434,0.99997,0.64093,-0.55658
18435,0.99997,0.64981,-0.57376
18436,0.99997,0.62021,-0.51712
18438,0.99997,0.57242,-0.42819
18439,0.99997,0.53983,-0.35040
18440,0.99997,0.53427,-0.28387
18441,0.99997,0.53067,-0.20480
18442,0.99997,0.48761,-0.11209
18444,0.99997,0.38617,-0.03922
18445,0.99997,0.25134,-0.01974
18446,0.99997,0.13635,-0.05350
18447,0.99997,0.08273,-0.11728
18448,0.99997,0.08978,-0.20517
18450,0.99997,0.11807,-0.34064
18451,0.99997,0.12231,-0.53018
18452,0.99997,0.08441,-0.70065
18453,0.99997,0.02090,-0.70181
18454,0.99997,-0.03674,-0.40955
18455,0.99997,-0.06671,0.13638
18457,0.99997,-0.06375,0.68640
18458,0.99997,-0.02872,0.90350
18459,0.99997,0.03833,0.59497
18460,0.99997,0.12573,-0.11716
18461,0.99997,0.19159,-0.83984
18463,0.99997,0.17044,-1.00000
18464,0.99997,0.01758,-0.95627
18465,0.99997,-0.24155,-0.43640
18466,0.33914,-0.51132,0.00473
18467,-0.77008,-0.69260,0.12567
18469,-1.00000,-0.76285,-0.00732
18470,-1.00000,-0.78879,-0.16058
18471,-1.00000,-0.84744,-0.22476
18472,-1.00000,-0.93188,-0.33862
18473,-0.87323,-0.94998,-0.68512
18475,-0.84894,-0.83548,-1.00000
18476,-1.00000,-0.65619,-1.00000
18477,-1.00000,-0.57840,-0.97525
18478,-1.00000,-0.69070,-0.26523
18479,-1.00000,-0.86975,-0.14783
18480,-1.00000,-0.87708,-1.00000
18482,-1.00000,-0.65002,-1.00000
18483,-1.00000,-0.50290,-1.00000
18484,-1.00000,-0.96942,-1.00000
18485,-1.00000,-1.00000,-1.00000
18486,0.58719,-1.00000,-1.00000
18488,0.99997,-1.00000,-0.32855
18489,0.99997,-1.00000,0.99997
18490,0.99997,-1.00000,0.99997
18491,0.99997,-1.00000,0.99997
18492,0.99997,-1.00000,0.99997
18494,0.99997,-1.00000,0.99997
18495,0.99997,-1.00000,0.99997
18496,0.99997,-1.00000,0.99997
18497,0.99997,-1.00000,0.99997
18498,0.99997,-0.34085,0.99997
18500,0.09286,0.99997,0.99997
18501,-0.14230,0.99997,0.99997
18502,0.50482,0.99997,0.99997
18503,0.99997,0.99997,0.99997
18504,0.99997,0.99997,0.99997
18505,0.99997,0.99997,0.99997
18507,0.92395,0.99997,0.99997
18508,-0.11420,0.99997,0.99997
18509,-0.71799,0.99997,0.99997
18510,-0.71271,0.99997,0.99997
18511,-0.34891,0.99997,0.99997
18513,-0.02475,0.99997,0.99997
18514,0.06198,0.99997,0.99997
18515,0.03989,0.99997,0.99997
18516,0.18732,0.99997,0.94739
18517,0.63583,0.99997,0.88644
18519,0.99997,0.99997,0.98340
18520,0.99997,0.99997,0.99997
18521,0.99997,0.99997,0.99997
18522,0.99997,0.99997,0.99997
18523,0.53491,0.99997,0.99997
18525,0.04724,0.99997,0.99997
18526,-0.19162,0.99997,0.99997
18527,-0.24417,0.99997,0.99997
18528,-0.26740,0.99997,0.99997
18529,-0.36591,0.99997,0.99997
18530,-0.50482,0.99997,0.99997
18532,-0.54031,0.99997,0.99997
18533,-0.34650,0.99997,0.99997
18534,0.05746,0.99997,0.99997
18535,0.49167,0.99997,0.99997
18536,0.74643,0.99997,0.99997
18538,0.75937,0.99997,0.99997
18539,0.66940,0.82516,0.99997
18540,0.67197,0.99997,0.99997
18541,0.80295,0.99997,0.99997
18542,0.88293,0.99997,0.99997
18544,0.71237,0.99997,0.99997
18545,0.32928,0.99997,0.99997
18546,0.02155,0.99997,0.99997
18547,0.00964,0.99997,0.99997
18548,0.09378,0.99997,0.99997
18550,-0.31274,0.99997,0.95081
18551,-1.00000,0.99997,-0.05606
18552,-1.00000,0.99997,-0.88666
18553,-1.00000,0.99997,-1.00000
18554,-1.00000,0.99997,-0.51700
18555,-1.00000,0.99997,0.68622
18557,-1.00000,0.99997,0.99997
18558,0.99997,0.99997,0.99997
18559,0.99997,0.99997,0.99997
18560,0.99997,0.99997,0.99997
18561,0.99997,0.90973,0.33472
18563,0.99997,0.45496,-1.00000
18564,0.99997,-0.02527,-1.00000
18565,0.99997,-0.45764,-1.00000
18566,0.99997,-0.51224,-1.00000
18567,0.99997,-0.02234,-0.86209
18569,0.99997,0.66861,-0.40466
18570,0.99997,0.87466,-0.50824
18571,0.99997,0.16565,-1.00000
18572,0.99997,-1.00000,-1.00000
18573,-0.26199,-1.00000,-1.00000
18575,-1.00000,-1.00000,-1.00000
18576,-1.00000,-1.00000,-1.00000
18577,-1.00000,-1.00000,-1.00000
18578,-0.85129,-1.00000,-1.00000
18579,-0.36914,-1.00000,-1.00000
18580,-0.20093,-1.00000,-1.00000
18582,-0.29669,-1.00000,-0.17767
18583,-0.40323,-1.00000,0.99997
18584,-0.23221,-1.00000,0.99997
18585,0.29086,-1.00000,0.99997
18586,0.85007,-1.00000,0.99997
18588,0.86096,-1.00000,0.62909
18589,-0.07169,-1.00000,-0.48032
18590,-1.00000,-1.00000,-1.00000
18591,-1.00000,-1.00000,-1.00000
18592,-1.00000,-0.48914,-0.99643
18594,-1.00000,0.06403,-1.00000
18595,-0.67401,0.47449,-1.00000
18596,0.60956,0.88965,-1.00000
18597,0.90176,0.99997,-1.00000
18598,0.43719,0.99997,-0.20914
18600,-0.08633,0.99997,0.99997
18601,-0.17407,0.85843,0.99997
18602,0.11728,-0.01801,0.99997
18603,0.38281,-0.55795,-0.64166
18604,0.32013,-0.42117,-1.00000
18605,-0.02432,0.22845,-1.00000
18607,-0.36929,0.85507,-1.00000
18608,-0.47205,0.99997,-1.00000
18609,-0.29053,0.63815,-1.00000
18610,0.04395,0.14035,-1.00000
18611,0.33841,-0.06671,-1.00000
18613,0.42450,0.17429,-1.00000
18614,0.20856,0.67780,-0.75879
18615,-0.28513,0.99997,0.29379
18616,-0.89603,0.99997,0.99997
18617,-1.00000,0.54279,0.99997
18619,-1.00000,-0.20331,0.99997
18620,-1.00000,-0.73373,0.79736
18621,-1.00000,-0.68137,0.94971
18622,-1.00000,-0.05432,0.99997
18623,-1.00000,0.72644,0.99997
18625,-1.00000,0.99997,0.99997
18626,-1.00000,0.92316,0.66855
18627,-1.00000,0.33331,-1.00000
18628,-0.85165,-0.19156,-1.00000
18629,-0.45642,-0.36377,-1.00000
18630,-0.11142,-0.23428,-1.00000
18632,0.11215,-0.04980,-0.66208
18633,0.21664,0.00327,0.57547
18634,0.23953,-0.09613,0.99997
18635,0.21307,-0.28802,0.84372
18636,0.15604,-0.53143,-0.16443
18638,0.08902,-0.78250,-1.00000
18639,0.04230,-0.91434,-1.00000
18640,0.04031,-0.74371,-1.00000
18641,0.07892,-0.20139,-1.00000
18642,0.12283,0.51968,-1.00000
18644,0.13324,0.99997,-1.00000
18645,0.10388,0.99997,-0.13193
18646,0.06992,0.76450,0.30399
18647,0.07446,0.52954,0.41486
18648,0.11771,0.82483,0.55603
18650,0.14127,0.99997,0.99997
18651,0.07956,0.99997,0.99997
18652,-0.05481,0.99997,0.99997
18653,-0.14087,0.99997,0.99997
18654,-0.04272,0.99997,0.99997
18655,0.21494,0.66394,0.99997
18657,0.34543,-0.20401,0.55408
18658,-0.07971,-0.51825,-0.91638
18659,-1.00000,-0.32599,-1.00000
18660,-1.00000,0.12982,-1.00000
18661,-1.00000,0.53189,-1.00000
18663,-1.00000,0.62915,-1.00000
18664,-1.00000,0.38702,-1.00000
18665,-1.00000,0.03571,-1.00000
18666,-0.27795,-0.09821,-1.00000
18667,0.99997,0.10754,0.99997
18669,0.99997,0.42197,0.99997
18670,0.99997,0.45596,0.99997
18671,0.99997,0.04144,0.99997
18672,0.99997,-0.59351,0.99997
18673,0.99997,-1.00000,0.99997
18675,0.99997,-1.00000,0.99997
18676,0.99997,-0.97330,0.99997
18677,0.99997,-0.83975,0.77133
18678,0.99997,-0.76080,-0.29800
18679,0.99997,-0.55496,0.71066
18680,0.99997,-0.11902,0.99997
18682,0.99997,0.32764,0.99997
18683,0.99997,0.35934,0.99997
18684,0.76590,-0.26538,0.99997
18685,0.13196,-1.00000,0.99997
18686,0.24908,-1.00000,0.99997
18688,0.99997,-1.00000,0.99997
18689,0.99997,-1.00000,0.99997
18690,0.99997,-0.74438,0.99997
18691,0.99997,0.17990,0.99997
18692,0.99997,0.47409,0.99997
18694,0.99997,0.03906,0.99997
18695,0.99997,-0.82440,0.99997
18696,0.99997,-1.00000,0.99997
18697,0.99997,-1.00000,0.99997
18698,0.99997,-1.00000,0.99997
18700,0.60770,-1.00000,0.99997
18701,0.26697,-1.00000,0.99997
18702,0.42264,-1.00000,0.99997
18703,0.86462,-1.00000,0.99997
18704,0.99997,-1.00000,0.99997
18705,0.94769,-1.00000,0.99997
18707,0.19458,-1.00000,0.99997
18708,-0.78149,-1.00000,0.99997
18709,-1.00000,-1.00000,0.99997
18710,-1.00000,-1.00000,0.99997
18711,-1.00000,-0.85486,0.99997
18713,-0.32303,-0.61758,0.99997
18714,0.49960,-0.09607,0.99997
18715,0.99997,0.72998,0.99997
18716,0.99997,0.99997,0.99997
18717,0.99997,0.99997,0.99997
18719,0.99997,0.99997,0.99997
18720,0.99997,0.55872,0.99997
18721,0.95215,0.10074,0.99997
18722,0.53604,0.17590,0.99997
18723,0.14835,0.52411,0.99997
18725,-0.12207,0.68457,0.99997
18726,-0.26047,0.49387,0.99997
18727,-0.31165,0.23752,0.99997
18728,-0.32495,0.30051,0.43625
18729,-0.31738,0.70407,-0.32080
18730,-0.28278,0.99997,-0.39008
18732,-0.22147,0.88495,0.03784
18733,-0.15280,0.25699,0.48804
18734,-0.09995,-0.37747,0.59497
18735,-0.06891,-0.56110,0.29700
18736,-0.04398,-0.28967,-0.27295
18738,-0.00189,0.02460,-0.97165
18739,0.06943,0.03146,-1.00000
18740,0.16144,-0.14709,-1.00000
18741,0.24811,-0.01929,-1.00000
18742,0.29984,0.74731,-0.31183
18744,0.30151,0.99997,0.99997
18745,0.26459,0.99997,0.99997
18746,0.22150,0.99997,0.99997
18747,0.20291,0.99997,0.77280
18748,0.21417,0.71472,-1.00000
18750,0.23297,-0.20056,-1.00000
18751,0.23294,-0.66595,-1.00000
18752,0.21054,-0.87711,-1.00000
18753,0.18774,-1.00000,0.27698
18754,0.18661,-1.00000,0.99997
18755,0.20319,-0.85977,0.99997
18757,0.21069,-0.14960,0.98657
18758,0.19089,0.73172,0.51810
18759,0.15860,0.99997,0.03015
18760,0.14954,0.99997,-0.51782
18761,0.17920,0.66827,-1.00000
18763,0.21628,0.13196,-1.00000
18764,0.20224,0.03534,-0.74689
18765,0.10318,0.39404,0.02518
18766,-0.05524,0.85352,0.75095
18767,-0.20502,0.99997,0.99997
18769,-0.28967,0.88760,0.99997
18770,-0.30472,0.59555,0.99997
18771,-0.29044,0.37646,0.99997
18772,-0.28922,0.23944,0.99997
18773,-0.31104,0.08258,0.99997
18775,-0.33450,-0.07422,0.99997
18776,-0.33368,-0.05054,0.99997
18777,-0.30026,0.24100,0.99997
18778,-0.24402,0.55173,0.99997
18779,-0.18137,0.43326,0.99997
18780,-0.12796,-0.28632,0.73178
18782,-0.09763,-1.00000,-0.84076
18783,-0.09814,-1.00000,-1.00000
18784,-0.12082,-0.79779,-1.00000
18785,-0.13730,0.39606,-0.11865
18786,-0.11505,0.99997,0.82028
18788,-0.04480,0.47058,0.74442
18789,0.04596,-1.00000,-0.30954
18790,0.10956,-1.00000,-1.00000
18791,0.11404,-1.00000,-1.00000
18792,0.06824,-1.00000,-1.00000
18794,0.01434,0.73465,-1.00000
18795,-0.00467,0.99997,-1.00000
18796,0.02432,0.99997,-1.00000
18797,0.07928,0.34509,-1.00000
18798,0.12396,-0.60226,-1.00000
18800,0.13620,-0.59860,0.07233
18801,0.12186,0.15393,0.99997
18802,0.10562,0.82443,0.99997
18803,0.10709,0.80936,0.31866
18804,0.12222,0.34329,-0.82156
18805,0.12622,0.30603,-1.00000
18807,0.09564,0.99997,-0.17755
18808,0.03168,0.99997,0.99997
18809,-0.03775,0.99997,0.99997
18810,-0.07996,0.99997,0.99997
18811,-0.08420,0.99997,0.99997
18813,-0.06778,0.99997,-0.68076
18814,-0.05557,0.99997,-1.00000
18815,-0.05414,0.99997,-1.00000
18816,-0.04642,0.99997,-1.00000
18817,-0.01324,0.99997,-1.00000
18819,0.04147,0.99997,-1.00000
18820,0.08826,0.99997,-1.00000
18821,0.09714,0.99997,-1.00000
18822,0.06662,0.99997,-1.00000
18823,0.02759,-1.00000,-1.00000
18825,0.01740,-1.00000,-1.00000
18826,0.04684,-1.00000,-1.00000
18827,0.08994,-1.00000,-1.00000
18828,0.10580,-1.00000,-0.33347
18829,0.07358,-1.00000,0.99997
18830,0.01004,-1.00000,0.99997
18832,-0.04425,-1.00000,0.99997
18833,-0.05725,-1.00000,0.99997
18834,-0.02850,-1.00000,0.99997
18835,0.01520,-1.00000,0.99997
18836,0.04526,-1.00000,0.99997
18838,0.05331,-1.00000,0.99997
18839,0.05182,-1.00000,0.99997
18840,0.05505,-1.00000,0.99997
18841,0.06091,-1.00000,0.36761
18842,0.05106,-1.00000,-0.92752
18844,0.00894,-1.00000,-1.00000
18845,-0.06137,-1.00000,-1.00000
18846,-0.13205,-1.00000,-1.00000
18847,-0.16653,-1.00000,-1.00000
18848,-0.14224,-1.00000,-1.00000
18850,-0.06506,-1.00000,-1.00000
18851,0.03232,-1.00000,-1.00000
18852,0.10773,-1.00000,-1.00000
18853,0.13287,-0.42770,-1.00000
18854,0.10947,0.62943,-1.00000
18855,0.06760,0.99997,-1.00000
18857,0.04495,0.79016,-1.00000
18858,0.06082,-0.05972,-1.00000
18859,0.10315,-0.86414,-1.00000
18860,0.13940,-1.00000,-1.00000
18861,0.14258,-0.36679,-1.00000
18863,0.11130,0.67459,-1.00000
18864,0.06845,0.99997,-1.00000
18865,0.04086,0.99997,-1.00000
18866,0.03760,0.02737,-1.00000
18867,0.04510,-1.00000,-1.00000
18869,0.04211,-1.00000,-1.00000
18870,0.02011,-1.00000,-1.00000
18871,-0.00836,-1.00000,-1.00000
18872,-0.02100,-1.00000,-1.00000
18873,-0.00684,-1.00000,-0.50961
18875,0.02261,-1.00000,-0.37399
18876,0.04279,-1.00000,-0.71292
18877,0.03888,-0.38770,-0.84708
18878,0.02014,0.52045,-0.45120
18879,0.01172,0.99997,0.19479
18880,0.03082,0.99997,0.54449
18882,0.07001,0.99997,0.33777
18883,0.10345,0.99997,-0.17700
18884,0.10941,0.99997,-0.51846
18885,0.08725,0.99997,-0.41492
18886,0.05386,0.99997,0.02231
18888,0.02658,0.82623,0.49103
18889,0.01096,0.42838,0.77966
18890,0.00421,0.86481,0.84467
18891,0.00650,0.99997,0.68405
18892,0.02521,0.99997,0.23795
18894,0.06735,0.99997,-0.53528
18895,0.12753,0.99997,-1.00000
18896,0.18503,0.99997,-1.00000
18897,0.21344,0.99997,-1.00000
18898,0.19806,0.99997,-1.00000
18900,0.14893,0.99997,-1.00000
18901,0.09927,0.99997,-1.00000
18902,0.08667,0.99997,-1.00000
18903,0.12585,0.99997,0.15094
18904,0.19275,0.99997,0.99997
18905,0.23676,0.99997,0.99997
18907,0.21857,0.99997,0.99997
18908,0.14621,0.99997,0.99997
18909,0.07825,0.04352,0.99997
18910,0.08606,-1.00000,0.99997
18911,0.20184,-1.00000,0.99997
18913,0.39224,-1.00000,0.99997
18914,0.57660,-0.80106,0.99997
18915,0.67377,0.99997,0.99997
18916,0.64325,0.99997,0.99997
18917,0.49667,0.99997,0.99997
18919,0.28091,0.99997,0.99997
18920,0.05032,0.99997,0.99997
18921,-0.15512,0.99997,0.99997
18922,-0.31821,0.99997,0.99997
18923,-0.44049,0.99997,0.99997
18925,-0.53070,0.99997,0.99997
18926,-0.59344,0.99997,0.99997
18927,-0.62561,0.99997,0.99997
18928,-0.62177,0.99997,0.99997
18929,-0.58270,0.99997,0.99997
18930,-0.51862,0.99997,0.99997
18932,-0.44473,0.99997,0.99997
18933,-0.37527,0.99997,0.99997
18934,-0.32114,0.99997,0.99997
18935,-0.29080,0.99997,0.99997
18936,-0.28702,0.99997,-0.23511
18938,-0.29968,-1.00000,-1.00000
18939,-0.30322,-1.00000,-1.00000
18940,-0.26871,-1.00000,-1.00000
18941,-0.18640,-1.00000,-1.00000
18942,-0.08041,-1.00000,-1.00000
18944,0.00284,-1.00000,-1.00000
18945,0.02750,-1.00000,-1.00000
18946,-0.00232,-1.00000,-1.00000
18947,-0.04462,0.04193,-1.00000
18948,-0.05319,0.99997,-1.00000
18950,-0.01562,0.99997,-1.00000
18951,0.03806,0.99997,-1.00000
18952,0.06323,0.99997,-1.00000
18953,0.03860,0.99997,-1.00000
18954,-0.02029,0.51337,-1.00000
18955,-0.08228,0.16550,0.73480
18957,-0.13190,0.36539,0.99997
18958,-0.17847,0.72925,0.99997
18959,-0.23526,0.88446,0.99997
18960,-0.29352,0.73291,0.99997
18961,-0.32358,0.43332,0.99997
18963,-0.30551,0.15231,0.99997
18964,-0.26007,-0.13965,0.99997
18965,-0.24411,-0.58871,0.99997
18966,-0.30801,-1.00000,0.99997
18967,-0.45062,-1.00000,0.99997
18969,-0.61365,-1.00000,0.99997
18970,-0.72546,0.33505,0.99997
18971,-0.75763,0.99997,0.99997
18972,-0.74228,0.99997,0.99997
18973,-0.73279,0.99997,0.99997
18975,-0.74271,0.99997,0.99997
18976,-0.72232,0.99997,0.99997
18977,-0.59985,0.39996,0.99997
18978,-0.35278,-0.71832,0.99997
18979,-0.04431,-1.00000,0.99997
18980,0.20935,-1.00000,0.99997
18982,0.31229,-1.00000,0.99997
18983,0.24280,-1.00000,0.99997
18984,0.05518,-1.00000,0.99997
18985,-0.15549,-1.00000,0.07150
18986,-0.29330,-1.00000,-1.00000
18988,-0.29532,-1.00000,-1.00000
18989,-0.16193,-1.00000,-1.00000
18990,0.03342,-1.00000,-1.00000
18991,0.18842,-1.00000,-1.00000
18992,0.26505,-1.00000,-1.00000
18994,0.35257,-0.55032,-1.00000
18995,0.61002,0.99997,-1.00000
18996,0.99997,0.99997,-1.00000
18997,0.99997,0.99997,0.89600
18998,0.99997,0.68076,0.99997
19000,0.99997,0.60861,0.99997
19001,0.84055,0.99997,0.99997
19002,-0.09958,0.99997,0.99997
19003,-0.75562,0.99997,0.99997
19004,-0.91550,-0.34393,0.99997
19005,-0.69489,-1.00000,0.99997
19007,-0.39365,-1.00000,0.99997
19008,-0.25333,-1.00000,0.99997
19009,-0.31717,-1.00000,0.99997
19010,-0.46817,-1.00000,0.99997
19011,-0.56543,-1.00000,-0.40326
19013,-0.55161,-1.00000,-1.00000
19014,-0.46872,-1.00000,-1.00000
19015,-0.40228,-1.00000,-1.00000
19016,-0.40775,-1.00000,-1.00000
19017,-0.46667,-1.00000,-1.00000
19019,-0.49731,-1.00000,-1.00000
19020,-0.41672,-1.00000,-1.00000
19021,-0.21387,-0.59280,-1.00000
19022,0.02750,0.99997,-1.00000
19023,0.18652,0.99997,-1.00000
19025,0.20227,0.99997,-1.00000
19026,0.12411,0.99997,-1.00000
19027,0.06403,0.99997,-1.00000
19028,0.09106,0.99997,-1.00000
19029,0.16684,0.99997,-1.00000
19030,0.18442,0.99997,-1.00000
19032,0.07419,0.99997,-1.00000
19033,-0.12463,0.99997,-1.00000
19034,-0.29596,0.99997,-1.00000
19035,-0.35159,0.99997,-1.00000
19036,-0.31052,0.99997,0.99997
19038,-0.27698,0.99997,0.99997
19039,-0.33829,0.99997,0.99997
19040,-0.47714,0.99997,0.99997
19041,-0.58136,0.99997,0.99997
19042,-0.54608,0.99997,0.99997
19044,-0.37787,0.99997,0.99997
19045,-0.20334,0.99997,0.99997
19046,-0.16547,0.99997,0.99997
19047,-0.29230,0.99997,0.99997
19048,-0.45865,0.99997,0.99997
19050,-0.49225,0.99997,0.48401
19051,-0.34525,0.99997,0.03601
19052,-0.17123,0.47360,-0.35638
19053,-0.20428,-0.41122,-0.75107
19054,-0.50958,-0.94296,-1.00000
19055,-0.82587,-1.00000,-1.00000
19057,-0.68933,-1.00000,-1.00000
19058,0.19885,-1.00000,-1.00000
19059,0.99997,-1.00000,-1.00000
19060,0.99997,-1.00000,-1.00000
19061,0.99997,-1.00000,-1.00000
19063,0.99997,-1.00000,-1.00000
19064,0.97485,-1.00000,-1.00000
19065,-0.67841,-1.00000,-1.00000
19066,-1.00000,-1.00000,-1.00000
19067,-1.00000,-1.00000,-1.00000
19069,-1.00000,-1.00000,-1.00000
19070,-1.00000,-1.00000,-1.00000
19071,-1.00000,-1.00000,-1.00000
19072,-1.00000,-1.00000,-1.00000
19073,-1.00000,-1.00000,-1.00000
19075,-1.00000,-1.00000,-1.00000
19076,-1.00000,-1.00000,-1.00000
19077,-0.24625,-1.00000,-1.00000
19078,-0.03690,-1.00000,-1.00000
19079,-0.71753,-1.00000,-1.00000
19080,-1.00000,-1.00000,-1.00000
19082,-1.00000,-1.00000,-1.00000
19083,-1.00000,-1.00000,-1.00000
19084,-1.00000,-1.00000,-1.00000
19085,-0.63046,-1.00000,-1.00000
19086,0.35788,-0.33228,-1.00000
19088,0.90237,0.99997,-0.06610
19089,0.99997,0.99997,0.99997
19090,0.99997,0.99997,0.99997
19091,0.99997,0.99997,0.99997
19092,0.99997,0.99997,0.99997
19094,0.99997,0.99997,0.99997
19095,0.99997,0.99997,0.87839
19096,0.99997,0.99997,-1.00000
19097,0.99997,0.99997,-1.00000
19098,0.99997,0.99997,-1.00000
19100,0.99997,0.99997,-1.00000
19101,0.99997,0.99997,0.99997
19102,0.99997,0.99997,0.99997
19103,0.91214,0.99997,0.99997
19104,0.58868,0.99997,0.99997
19105,0.20139,0.99997,0.99997
19107,-0.11398,0.99997,0.99997
19108,-0.25061,0.57767,0.99997
19109,-0.20239,-0.75354,0.73239
19110,-0.06119,-1.00000,0.29425
19111,0.05826,-1.00000,0.09958
19113,0.10132,-1.00000,0.03342
19114,0.10007,-0.46039,0.01663
19115,0.12857,-0.04990,0.08887
19116,0.22726,0.18799,0.39722
19117,0.35779,0.44965,0.99997
19119,0.42517,0.82596,0.99997
19120,0.35510,0.99997,0.99997
19121,0.16876,0.99997,0.99997
19122,-0.01074,0.99997,0.99997
19123,-0.03885,0.95657,0.71072
19125,0.13675,0.82703,-0.13889
19126,0.42267,0.87296,-0.60373
19127,0.63794,0.94534,-0.72394
19128,0.64218,0.82590,-0.70398
19129,0.43008,0.42862,-0.70966
19130,0.11960,-0.12085,-0.78043
19132,-0.14401,-0.57861,-0.88123
19133,-0.27954,-0.75168,-0.98026
19134,-0.28860,-0.60898,-1.00000
19135,-0.21265,-0.27689,-1.00000
19136,-0.09082,0.04694,-1.00000
19138,0.04184,0.19742,-0.85660
19139,0.13617,0.12091,-0.65350
19140,0.13730,-0.09915,-0.52142
19141,0.03055,-0.29013,-0.51532
19142,-0.12018,-0.30551,-0.59351
19144,-0.19531,-0.14014,-0.66196
19145,-0.10608,0.05106,-0.66397
19146,0.12170,0.06931,-0.62344
19147,0.34399,-0.15790,-0.60306
19148,0.39337,-0.50079,-0.62817
19150,0.20444,-0.72226,-0.65979
19151,-0.13000,-0.66852,-0.64264
19152,-0.42148,-0.38879,-0.57303
19153,-0.51874,-0.08289,-0.51227
19154,-0.40750,0.06683,-0.52957
19155,-0.20325,0.02423,-0.63324
19157,-0.05292,-0.11273,-0.75781
19158,-0.03134,-0.22836,-0.81799
19159,-0.10962,-0.28622,-0.77313
19160,-0.20529,-0.32617,-0.64322
19161,-0.25778,-0.39163,-0.47220
19163,-0.26599,-0.47852,-0.28897
19164,-0.26990,-0.55542,-0.10812
19165,-0.30612,-0.61728,0.03900
19166,-0.38101,-0.70145,0.09399
19167,-0.47668,-0.84277,0.00851
19169,-0.57297,-1.00000,-0.20102
19170,-0.65869,-1.00000,-0.44180
19171,-0.72437,-1.00000,-0.60120
19172,-0.75095,-0.97327,-0.62820
19173,-0.71323,-0.74304,-0.56821
19175,-0.59860,-0.54709,-0.51810
19176,-0.42282,-0.45261,-0.54147
19177,-0.22586,-0.45242,-0.61850
19178,-0.04926,-0.48874,-0.67059
19179,0.08490,-0.50626,-0.63205
19180,0.17651,-0.49023,-0.50323
19182,0.23514,-0.46616,-0.34326
19183,0.26920,-0.46939,-0.21774
19184,0.28616,-0.51169,-0.15228
19185,0.29742,-0.56760,-0.12744
19186,0.31519,-0.58987,-0.10870
19188,0.34167,-0.54437,-0.07883
19189,0.36374,-0.44315,-0.04672
19190,0.36050,-0.34979,-0.03391
19191,0.31805,-0.34528,-0.05350
19192,0.23611,-0.46954,-0.09613
19194,0.12421,-0.67911,-0.12823
19195,-0.00363,-0.85773,-0.10645
19196,-0.12735,-0.88358,-0.00723
19197,-0.21942,-0.70999,0.14493
19198,-0.25458,-0.40146,0.27780
19200,-0.22876,-0.09500,0.31290
19201,-0.16916,0.08679,0.22406
19202,-0.11954,0.10846,0.06226
19203,-0.10953,0.03091,-0.08081
19204,-0.13229,-0.04306,-0.14230
19205,-0.14914,-0.04141,-0.12805
19207,-0.11609,0.03693,-0.08920
19208,-0.01044,0.13562,-0.06531
19209,0.15778,0.19073,-0.05472
19210,0.35110,0.17822,-0.03741
19211,0.51822,0.12686,-0.01566
19213,0.60846,0.08896,-0.02194
19214,0.58771,0.09311,-0.08655
19215,0.45505,0.12030,-0.20428
19216,0.25620,0.12949,-0.33713
19217,0.08008,0.11142,-0.44409
19219,0.02515,0.11182,-0.50311
19220,0.14035,0.18436,-0.50943
19221,0.37842,0.31061,-0.47040
19222,0.61353,0.38205,-0.41403
19223,0.73682,0.29550,-0.39584
19225,0.76221,0.08762,-0.47287
19226,0.83136,-0.04367,-0.65125
19227,0.99997,0.09967,-0.85858
19228,0.99997,0.49408,-0.98505
19229,0.99997,0.83649,-0.96942
19230,0.99997,0.74869,-0.85172
19232,0.23590,0.08957,-0.73758
19233,-1.00000,-0.90317,-0.70459
19234,-1.00000,-1.00000,-0.73816
19235,-1.00000,-1.00000,-0.75638
19236,-1.00000,-1.00000,-0.69568
19238,-1.00000,-1.00000,-0.57297
19239,-0.83640,-0.99548,-0.46475
19240,-0.66797,-0.55179,-0.42569
19241,-0.68057,-0.29626,-0.42502
19242,-0.62411,-0.21082,-0.36597
19244,-0.32547,-0.17917,-0.17801
19245,0.22046,-0.02689,0.09686
19246,0.86642,0.33945,0.30765
19247,0.99997,0.77902,0.30093
19248,0.99997,0.93881,0.04984
19250,0.99997,0.51962,-0.30698
19251,0.27231,-0.41229,-0.56161
19252,-0.58762,-1.00000,-0.59393
19253,-1.00000,-1.00000,-0.45441
19254,-1.00000,-1.00000,-0.30029
19255,-0.54779,-0.73273,-0.24951
19257,-0.02695,-0.04480,-0.29062
19258,0.25888,0.19357,-0.32672
19259,0.29507,0.02457,-0.29294
19260,0.27481,-0.24002,-0.21841
19261,0.37653,-0.34103,-0.17459
19263,0.60394,-0.26584,-0.18130
19264,0.81976,-0.17648,-0.18668
19265,0.90289,-0.20157,-0.14557
19266,0.85593,-0.31641,-0.09732
19267,0.76584,-0.40189,-0.13309
19269,0.67700,-0.38278,-0.26706
19270,0.51041,-0.29251,-0.35175
19271,0.11026,-0.21558,-0.15930
19272,-0.61526,-0.19061,0.40967
19273,-1.00000,-0.18274,0.99997
19275,-1.00000,-0.14438,0.99997
19276,-1.00000,-0.08856,0.99997
19277,-1.00000,-0.08990,0.99997
19278,-1.00000,-0.21027,0.42331
19279,-0.75543,-0.42639,-0.27252
19280,0.20325,-0.63550,-0.60480
19282,0.71490,-0.73737,-0.61935
19283,0.72870,-0.71619,-0.52640
19284,0.40570,-0.64740,-0.47690
19285,-0.02390,-0.62601,-0.44806
19286,-0.38889,-0.68420,-0.32715
19288,-0.61743,-0.76831,-0.08371
19289,-0.70636,-0.78943,0.15363
19290,-0.68042,-0.70093,0.18475
19291,-0.57581,-0.54251,-0.11578
19292,-0.43597,-0.42096,-0.74088
19294,-0.29846,-0.44302,-1.00000
19295,-0.17874,-0.64218,-1.00000
19296,-0.07324,-0.94580,-1.00000
19297,0.01678,-1.00000,-1.00000
19298,0.06903,-1.00000,-1.00000
19300,0.05807,-1.00000,-1.00000
19301,-0.00513,-0.93362,-0.41599
19302,-0.05698,-0.71857,0.99997
19303,-0.01898,-0.64124,0.99997
19304,0.13461,-0.70410,0.99997
19305,0.33905,-0.81384,0.99997
19307,0.47211,-0.86081,0.99997
19308,0.43613,-0.80640,0.99997
19309,0.22433,-0.71927,0.99997
19310,-0.07822,-0.73615,0.39639
19311,-0.35095,-0.96558,-0.75836
19313,-0.50055,-1.00000,-1.00000
19314,-0.48911,-1.00000,-1.00000
19315,-0.32935,-1.00000,-0.91074
19316,-0.07220,-1.00000,-0.41818
19317,0.20117,-0.81232,-0.27292
19319,0.39618,-0.02240,-0.40457
19320,0.44272,0.37814,-0.51468
19321,0.33755,0.22946,-0.42752
19322,0.15341,-0.20844,-0.25516
19323,-0.00137,-0.44662,-0.24246
19325,-0.04898,-0.19254,-0.49466
19326,0.01428,0.34619,-0.88260
19327,0.12402,0.57904,-1.00000
19328,0.19339,0.01797,-1.00000
19329,0.16647,-1.00000,-1.00000
19330,0.04977,-1.00000,-1.00000
19332,-0.09277,-1.00000,-1.00000
19333,-0.18250,-1.00000,-1.00000
19334,-0.18439,-1.00000,-1.00000
19335,-0.13794,-0.12628,-1.00000
19336,-0.12149,0.68802,-0.40143
19338,-0.16547,0.80875,-0.02652
19339,-0.19214,0.50983,0.01688
19340,-0.05829,0.18958,-0.12134
19341,0.31140,0.06320,-0.18600
19342,0.81204,0.08545,-0.00739
19344,0.99997,0.10422,0.38821
19345,0.99997,0.04938,0.81262
19346,0.64120,-0.04123,0.99997
19347,-0.26761,-0.16577,0.99594
19348,-1.00000,-0.47507,0.69464
19350,-1.00000,-1.00000,0.30035
19351,-1.00000,-1.00000,-0.02359
19352,-1.00000,-1.00000,-0.18045
19353,-1.00000,-1.00000,-0.16660
19354,-1.00000,-1.00000,-0.05429
19355,-1.00000,-1.00000,0.04919
19357,-1.00000,-1.00000,0.05353
19358,-1.00000,-1.00000,-0.06720
19359,-1.00000,-1.00000,-0.25656
19360,-1.00000,-1.00000,-0.40869
19361,-1.00000,-0.35501,-0.43692
19363,-1.00000,0.96964,-0.32895
19364,-1.00000,0.99997,-0.14487
19365,0.08563,0.99997,0.03476
19366,0.99997,0.99997,0.16058
19367,0.99997,0.99997,0.22556
19369,0.99997,0.99997,0.24316
19370,0.99997,0.99997,0.22885
19371,0.99997,0.99997,0.20193
19372,0.99997,0.99997,0.18698
19373,0.99997,0.99997,0.19458
19375,0.99997,0.99997,0.19720
19376,0.99997,0.99997,0.14029
19377,0.99997,0.99997,-0.00348
19378,0.99997,0.99997,-0.18607
19379,0.99997,0.99997,-0.30331
19380,0.99997,0.99997,-0.28210
19382,0.99997,0.99997,-0.15750
19383,0.99997,0.99997,-0.05594
19384,0.99997,0.99997,-0.08582
19385,0.99997,0.99997,-0.23294
19386,0.99997,0.99997,-0.36465
19388,0.74268,0.99997,-0.34705
19389,0.47928,0.99997,-0.16766
19390,0.74408,0.99997,0.05209
19391,0.99997,0.99997,0.16666
19392,0.99997,0.99997,0.13217
19394,0.85034,0.99997,0.03107
19395,0.66992,0.99997,-0.02081
19396,0.72910,0.87787,0.01294
19397,0.92850,0.68033,0.06638
19398,0.99997,0.38852,0.05203
19400,0.90799,0.06540,-0.04294
19401,0.72214,-0.16211,-0.14096
19402,0.68192,-0.23270,-0.14697
19403,0.83493,-0.20483,-0.03107
19404,0.99997,-0.17435,0.15805
19405,0.96878,-0.16241,0.34885
19407,0.69983,-0.11032,0.50513
19408,0.40359,0.02191,0.62918
19409,0.35089,0.18558,0.72119
19410,0.64685,0.29236,0.75174
19411,0.99997,0.31705,0.68106
19413,0.99997,0.31555,0.49991
19414,0.99997,0.32745,0.24356
19415,0.99997,0.28778,-0.03391
19416,0.91278,0.08011,-0.29123
19417,0.13672,-0.30334,-0.50302
19419,-0.77374,-0.67545,-0.64383
19420,-1.00000,-0.76974,-0.69022
19421,-1.00000,-0.47314,-0.65118
19422,-1.00000,0.04761,-0.58865
19423,-1.00000,0.45956,-0.58527
19425,-0.12064,0.51895,-0.67462
19426,0.99997,0.23837,-0.80145
19427,0.99997,-0.16852,-0.86304
19428,0.99997,-0.48575,-0.80017
19429,0.41971,-0.64615,-0.65118
19430,-0.41531,-0.72241,-0.51517
19432,-0.85309,-0.80844,-0.46118
19433,-0.86685,-0.92102,-0.47272
19434,-0.71472,-0.99686,-0.47632
19435,-0.65594,-0.95963,-0.41772
19436,-0.73935,-0.78751,-0.30975
19438,-0.83353,-0.53589,-0.21356
19439,-0.81802,-0.31046,-0.18307
19440,-0.71408,-0.20605,-0.22775
19441,-0.62640,-0.23953,-0.31723
19442,-0.58636,-0.32138,-0.41022
19444,-0.49112,-0.30536,-0.47626
19445,-0.21875,-0.10141,-0.50043
19446,0.20264,0.23224,-0.47836
19447,0.56381,0.50812,-0.41287
19448,0.63181,0.54294,-0.31473
19450,0.34952,0.29947,-0.20508
19451,-0.11469,-0.08627,-0.11499
19452,-0.50821,-0.41431,-0.07663
19453,-0.68546,-0.56470,-0.10504
19454,-0.68005,-0.55338,-0.17963
19455,-0.62350,-0.47195,-0.24609
19457,-0.61859,-0.39264,-0.24847
19458,-0.68192,-0.32889,-0.17346
19459,-0.77026,-0.26535,-0.06839
19460,-0.83054,-0.20007,-0.00946
19461,-0.83273,-0.15344,-0.04132
19463,-0.79401,-0.15210,-0.14029
19464,-0.79102,-0.21686,-0.23654
19465,-0.91846,-0.35565,-0.27612
19466,-1.00000,-0.54337,-0.26590
19467,-1.00000,-0.70233,-0.25873
19469,-1.00000,-0.73019,-0.29205
19470,-0.76413,-0.58691,-0.33640
19471,0.04294,-0.36838,-0.30344
19472,0.65628,-0.26660,-0.11392
19473,0.70627,-0.41449,0.22437
19475,0.22748,-0.74420,0.59027
19476,-0.35471,-1.00000,0.80524
19477,-0.56528,-0.94321,0.74658
19478,-0.22958,-0.49411,0.44388
19479,0.46313,0.17587,0.08145
19480,0.99997,0.78278,-0.11609
19482,0.99997,0.99997,-0.04541
19483,0.99997,0.93564,0.19019
19484,0.65717,0.38507,0.35110
19485,-0.61401,-0.38132,0.24335
19486,-1.00000,-1.00000,-0.13235
19488,-1.00000,-1.00000,-0.58411
19489,-1.00000,-0.85748,-0.87357
19490,-0.85178,-0.10992,-0.87344
19491,0.68546,0.56058,-0.61670
19492,0.99997,0.77652,-0.23032
19494,0.99997,0.49207,0.15714
19495,0.58563,-0.01483,0.45654
19496,-0.16348,-0.40363,0.61102
19497,-0.48944,-0.53729,0.59418
19498,-0.47952,-0.52350,0.43195
19500,-0.43002,-0.53687,0.21106
19501,-0.48233,-0.63190,0.03638
19502,-0.54059,-0.72583,-0.03973
19503,-0.48358,-0.72849,-0.04895
19504,-0.36215,-0.64706,-0.06531
19505,-0.33807,-0.55002,-0.13071
19507,-0.45798,-0.44989,-0.22177
19508,-0.56024,-0.26239,-0.28632
19509,-0.45490,0.09024,-0.30289
19510,-0.17850,0.53796,-0.29745
19511,-0.00296,0.85556,-0.30249
19513,-0.13187,0.83661,-0.31219
19514,-0.39026,0.49673,-0.29092
19515,-0.28824,0.09500,-0.22952
19516,0.51437,-0.07950,-0.18213
19517,0.99997,0.02902,-0.22888
19519,0.99997,0.18530,-0.39062
19520,0.99997,0.08243,-0.58469
19521,0.99011,-0.35922,-0.68054
19522,-0.88187,-0.89633,-0.61203
19523,-1.00000,-1.00000,-0.43668
19525,-1.00000,-0.97998,-0.28094
19526,-1.00000,-0.48969,-0.22836
19527,-0.63681,-0.01685,-0.26819
19528,0.11423,0.19775,-0.35065
19529,0.42990,0.14600,-0.46915
19530,0.44769,-0.01440,-0.65622
19532,0.34717,-0.13611,-0.88821
19533,0.21622,-0.18912,-1.00000
19534,0.09842,-0.22263,-0.88834
19535,0.06000,-0.25201,-0.45389
19536,0.15317,-0.19772,0.07718
19538,0.33835,0.06363,0.40848
19539,0.49817,0.58057,0.40894
19540,0.54572,0.99997,0.24310
19541,0.49106,0.99997,0.22452
19542,0.37735,0.99997,0.51682
19544,0.17725,0.99997,0.96790
19545,-0.18759,0.99997,0.99997
19546,-0.69122,0.80881,0.99997
19547,-1.00000,0.40918,0.61792
19548,-1.00000,0.22244,0.06934
19550,-0.62637,0.20090,-0.28949
19551,0.09314,0.28558,-0.38901
19552,0.60352,0.45493,-0.32532
19553,0.65793,0.66403,-0.23825
19554,0.40268,0.76028,-0.22784
19555,0.19073,0.51514,-0.34738
19557,0.19833,-0.20120,-0.60928
19558,0.24493,-1.00000,-0.96078
19559,0.00854,-1.00000,-1.00000
19560,-0.58450,-1.00000,-1.00000
19561,-1.00000,-1.00000,-1.00000
19563,-1.00000,-1.00000,-1.00000
19564,-0.73709,-1.00000,-1.00000
19565,0.38925,-1.00000,-1.00000
19566,0.99997,-1.00000,-1.00000
19567,0.99997,-1.00000,-1.00000
19569,0.99997,-1.00000,-0.71634
19570,0.99997,-1.00000,-0.27094
19571,0.21521,-1.00000,0.13507
19572,-0.89609,-1.00000,0.40915
19573,-1.00000,-0.88113,0.55667
19575,-1.00000,-0.59348,0.63165
19576,-1.00000,-0.39658,0.67096
19577,-0.70279,-0.32022,0.67917
19578,-0.09882,-0.39291,0.65601
19579,0.04544,-0.60999,0.61212
19580,-0.30563,-0.89191,0.54837
19582,-0.84070,-1.00000,0.43182
19583,-1.00000,-1.00000,0.21210
19584,-0.87970,-0.61575,-0.12628
19585,-0.31250,-0.12415,-0.52826
19586,0.13766,0.08340,-0.89059
19588,0.14719,-0.31561,-1.00000
19589,-0.15179,-1.00000,-1.00000
19590,-0.28107,-1.00000,-1.00000
19591,0.06039,-1.00000,-1.00000
19592,0.53857,-1.00000,-1.00000
19594,0.31573,-1.00000,-0.99146
19595,-1.00000,-1.00000,-0.92313
19596,-1.00000,-1.00000,-0.82208
19597,-1.00000,-1.00000,-0.64310
19598,-1.00000,-1.00000,-0.36591
19600,-1.00000,-1.00000,-0.04431
19601,-1.00000,-0.95798,0.19843
19602,0.34763,0.99997,0.25919
19603,0.99997,0.99997,0.16461
19604,0.99997,0.99997,0.07681
19605,0.99997,0.99997,0.14862
19607,0.99997,0.99997,0.34686
19608,0.99997,0.20908,0.44000
19609,0.99997,-0.21448,0.21570
19610,0.99997,-0.51132,-0.24948
19611,0.99997,-1.00000,-0.55142
19613,0.99997,-1.00000,-0.25339
19614,0.99997,-1.00000,0.70828
19615,0.99997,-1.00000,0.99997
19616,0.99997,-1.00000,0.99997
19617,0.99997,-1.00000,0.99997
19619,0.58661,-0.51257,0.99997
19620,0.04788,0.77139,0.39319
19621,0.53174,0.99997,-0.35233
19622,0.99997,0.11835,-0.60080
19623,0.99997,-1.00000,-0.55548
19625,0.99997,-1.00000,-0.49234
19626,0.56073,-0.64691,-0.51163
19627,-1.00000,0.99997,-0.52267
19628,-1.00000,0.99997,-0.40524
19629,-1.00000,0.99997,-0.15155
19630,-1.00000,0.99997,0.13110
19632,-1.00000,0.99997,0.31323
19633,-0.73804,0.99997,0.32468
19634,0.99997,0.93256,0.18027
19635,0.99997,0.70111,-0.02536
19636,0.99997,0.81116,-0.13898
19638,0.99997,0.99997,-0.01303
19639,0.22028,0.99997,0.38605
19640,-0.73563,0.99997,0.90607
19641,-0.37033,0.99997,0.99997
19642,0.99997,0.99997,0.99997
19644,0.99997,0.99997,0.99997
19645,0.99997,0.46170,0.67020
19646,0.99997,-0.50278,0.50873
19647,0.99997,-1.00000,0.54956
19648,0.99997,-1.00000,0.60077
19650,0.99997,-1.00000,0.46762
19651,0.99997,-1.00000,0.15848
19652,0.11771,-1.00000,-0.12109
19653,-1.00000,-1.00000,-0.17688
19654,-1.00000,-1.00000,-0.02301
19655,-1.00000,-1.00000,0.13318
19657,-1.00000,-1.00000,0.09930
19658,-1.00000,-1.00000,-0.11703
19659,0.31210,-0.84348,-0.33389
19660,0.99997,0.16226,-0.39700
19661,0.99997,0.99997,-0.33768
19663,0.99997,0.99997,-0.31757
19664,0.99997,0.99997,-0.42642
19665,0.99997,0.99997,-0.56662
19666,0.99997,0.94012,-0.56763
19667,0.99997,0.77112,-0.41116
19669,0.99997,0.83475,-0.30231
19670,0.99997,0.89697,-0.47351
19671,0.99997,0.69482,-0.91269
19672,0.99997,0.16223,-1.00000
19673,0.99997,-0.51816,-1.00000
19675,0.99997,-1.00000,-1.00000
19676,0.99997,-1.00000,-0.84741
19677,0.99997,-1.00000,-0.81955
19678,0.99997,-1.00000,-0.96771
19679,0.99997,-1.00000,-0.87778
19680,0.99997,-1.00000,-0.23022
19682,0.99997,-1.00000,0.80640
19683,0.92596,-1.00000,0.99997
19684,-0.66360,-0.97437,0.99997
19685,-1.00000,-0.70514,0.99008
19686,-1.00000,-0.47815,0.03723
19688,-0.40826,-0.38831,-0.52368
19689,0.68417,-0.59396,-0.43970
19690,0.99997,-1.00000,0.03635
19691,0.99997,-1.00000,0.44064
19692,0.55664,-1.00000,0.49567
19694,0.28946,-1.00000,0.26654
19695,0.39795,0.20618,0.00629
19696,0.70578,0.99997,-0.10370
19697,0.95319,0.99997,-0.07410
19698,0.99997,0.99997,-0.02795
19700,0.99997,0.99997,-0.04852
19701,0.99997,0.99997,-0.11243
19702,0.99997,0.99997,-0.14737
19703,0.84244,0.99997,-0.12592
19704,0.54822,0.99997,-0.09073
19705,0.28201,0.99997,-0.09241
19707,0.19666,-0.04626,-0.11325
19708,0.31870,-1.00000,-0.06219
19709,0.54099,-1.00000,0.14914
19710,0.73941,-1.00000,0.51721
19711,0.88153,-1.00000,0.92691
19713,0.99997,-1.00000,0.99997
19714,0.99997,-1.00000,0.99997
19715,0.99997,-1.00000,0.99997
19716,0.99997,-1.00000,0.99005
19717,0.99020,-0.62000,0.81076
19719,0.56357,0.23624,0.69406
19720,0.13791,0.46616,0.60431
19721,-0.14590,0.14087,0.47720
19722,-0.26007,-0.17105,0.28271
19723,-0.28464,0.06274,0.05249
19725,-0.31955,0.84476,-0.14481
19726,-0.39786,0.99997,-0.25534
19727,-0.47653,0.99997,-0.27560
19728,-0.50467,0.99997,-0.24689
19729,-0.49701,0.99997,-0.21997
19730,-0.53287,0.70215,-0.22220
19732,-0.67175,0.63159,-0.24988
19733,-0.86386,0.69751,-0.28238
19734,-0.95749,0.62750,-0.30005
19735,-0.82373,0.33228,-0.29385
19736,-0.49689,-0.05392,-0.26825
19738,-0.18552,-0.33484,-0.24033
19739,-0.10855,-0.41910,-0.23230
19740,-0.28610,-0.34857,-0.25461
19741,-0.48856,-0.21497,-0.29007
19742,-0.42410,-0.08127,-0.29782
19744,-0.01321,0.02475,-0.24319
19745,0.50983,0.07831,-0.13208
19746,0.78522,0.05133,-0.01688
19747,0.64563,-0.05566,0.03842
19748,0.26422,-0.18866,0.00815
19750,-0.01096,-0.26346,-0.07367
19751,0.02036,-0.22632,-0.14108
19752,0.24017,-0.09821,-0.14996
19753,0.34912,0.03662,-0.11081
19754,0.16647,0.08997,-0.07214
19755,-0.19656,0.03082,-0.07108
19757,-0.44153,-0.09488,-0.09631
19758,-0.34756,-0.19882,-0.09937
19759,0.05161,-0.21414,-0.04407
19760,0.51697,-0.14471,0.05011
19761,0.80463,-0.06357,0.11539
19763,0.83353,-0.05716,0.09219
19764,0.70355,-0.15350,-0.01251
19765,0.58691,-0.29172,-0.12064
19766,0.59830,-0.36511,-0.14258
19767,0.72971,-0.31003,-0.05316
19769,0.87164,-0.16687,0.08304
19770,0.89081,-0.05533,0.16217
19771,0.71588,-0.07703,0.12485
19772,0.38416,-0.22595,0.00070
19773,0.02176,-0.38599,-0.12292
19775,-0.23242,-0.42181,-0.17667
19776,-0.30994,-0.28735,-0.16031
19777,-0.24603,-0.06021,-0.12738
19778,-0.14053,0.12491,-0.12546
19779,-0.07855,0.18402,-0.15268
19780,-0.07227,0.14075,-0.17099
19782,-0.06665,0.08783,-0.15695
19783,-0.00137,0.09448,-0.13309
19784,0.12418,0.14456,-0.14337
19785,0.23859,0.15924,-0.19815
19786,0.25366,0.07925,-0.25000
19788,0.14349,-0.07101,-0.23572
19789,-0.02158,-0.19699,-0.14752
19790,-0.12247,-0.21234,-0.05661
19791,-0.08524,-0.11230,-0.05328
19792,0.05890,0.02237,-0.15302
19794,0.19998,0.09171,-0.26291
19795,0.23801,0.05460,-0.25082
19796,0.15356,-0.04642,-0.05939
19797,0.00552,-0.12897,0.23816
19798,-0.12411,-0.14206,0.48898
19800,-0.17670,-0.10297,0.56750
19801,-0.12503,-0.07104,0.44812
19802,0.02759,-0.08386,0.20059
19803,0.22675,-0.11728,-0.06274
19804,0.35501,-0.11227,-0.24042
19805,0.29062,-0.04971,-0.27896
19807,0.03052,0.00327,-0.19781
19808,-0.24054,-0.05869,-0.08911
19809,-0.25986,-0.26132,-0.06528
19810,0.05624,-0.48172,-0.16766
19811,0.42569,-0.53354,-0.31100
19813,0.30588,-0.36890,-0.33401
19814,-0.72171,-0.20804,-0.13400
19815,-1.00000,-0.42242,0.23523
19816,-1.00000,-1.00000,0.60403
19817,-1.00000,-1.00000,0.83487
19819,-1.00000,-1.00000,0.93292
19820,-1.00000,-1.00000,0.99997
19821,-1.00000,-1.00000,0.99997
19822,-0.16229,-0.12607,0.99997
19823,0.99997,0.99997,0.99997
19825,0.99997,0.99997,0.86520
19826,0.99997,0.99997,0.38553
19827,0.99997,0.99997,-0.08725
19828,0.99997,0.99997,-0.41797
19829,0.99997,0.99997,-0.60165
19830,0.99997,0.99997,-0.72366
19832,0.99997,0.99997,-0.85242
19833,0.99997,0.99997,-0.98126
19834,0.99997,0.73575,-1.00000
19835,0.99997,0.29868,-1.00000
19836,0.99997,0.17493,-1.00000
19838,0.14557,0.32629,-1.00000
19839,-0.31683,0.53986,-1.00000
19840,-0.05399,0.59842,-0.76645
19841,0.44476,0.45673,-0.25879
19842,0.75708,0.26892,0.37698
19844,0.82318,0.24500,0.89331
19845,0.83823,0.46893,0.99997
19846,0.93192,0.83752,0.82175
19847,0.99997,0.99997,0.34018
19848,0.98251,0.99997,-0.12637
19850,0.89780,0.99997,-0.39377
19851,0.99997,0.99997,-0.44702
19852,0.99997,0.99997,-0.39581
19853,0.99997,0.99997,-0.35077
19854,0.99997,0.99997,-0.33429
19855,0.99997,0.99997,-0.29041
19857,0.99997,0.99997,-0.16150
19858,0.32852,0.32404,0.05026
19859,-0.63065,-0.44794,0.28693
19860,-1.00000,-0.96436,0.48413
19861,-0.98340,-1.00000,0.61172
19863,-0.79037,-1.00000,0.67484
19864,-0.69128,-0.92966,0.69031
19865,-0.74805,-0.87347,0.66977
19866,-0.89243,-0.89874,0.61926
19867,-1.00000,-0.93378,0.54437
19869,-1.00000,-0.92007,0.45056
19870,-0.92993,-0.85904,0.34592
19871,-0.71179,-0.78940,0.25153
19872,-0.51410,-0.74109,0.20709
19873,-0.46570,-0.71735,0.25168
19875,-0.56830,-0.70883,0.38327
19876,-0.63901,-0.70917,0.53461
19877,-0.43094,-0.71335,0.60159
19878,0.13681,-0.71075,0.51508
19879,0.85126,-0.69086,0.29721
19880,0.99997,-0.65778,0.04901
19882,0.99997,-0.63293,-0.12442
19883,0.87271,-0.63571,-0.18729
19884,0.34592,-0.65933,-0.18253
19885,0.04440,-0.66812,-0.17734
19886,0.01675,-0.62280,-0.20120
19888,0.05679,-0.51288,-0.23404
19889,-0.06693,-0.36661,-0.24615
19890,-0.38675,-0.23007,-0.24103
19891,-0.71710,-0.13364,-0.25336
19892,-0.83890,-0.07581,-0.30499
19894,-0.70392,-0.03485,-0.36847
19895,-0.47699,0.00537,-0.38287
19896,-0.39392,0.04132,-0.31619
19897,-0.57419,0.05722,-0.21564
19898,-0.94608,0.04190,-0.18948
19900,-1.00000,-0.00421,-0.32193
19901,-1.00000,-0.07703,-0.58859
19902,-1.00000,-0.17688,-0.85229
19903,-1.00000,-0.30203,-0.95462
19904,-1.00000,-0.43179,-0.83658
19905,-0.97934,-0.52145,-0.58810
19907,-0.76077,-0.52405,-0.38437
19908,-0.59155,-0.42648,-0.35992
19909,-0.48618,-0.26874,-0.52170
19910,-0.43961,-0.12433,-0.76346
19911,-0.43420,-0.05420,-0.95572
19913,-0.45334,-0.07010,-1.00000
19914,-0.48242,-0.13586,-0.98923
19915,-0.49692,-0.20187,-0.87857
19916,-0.46225,-0.24026,-0.73004
19917,-0.36212,-0.25244,-0.56482
19919,-0.23209,-0.24939,-0.41541
19920,-0.15445,-0.22949,-0.33154
19921,-0.20123,-0.17776,-0.34637
19922,-0.37027,-0.08505,-0.43057
19923,-0.57623,0.03473,-0.48871
19925,-0.71072,0.14807,-0.41980
19926,-0.72086,0.22482,-0.20294
19927,-0.63895,0.25977,0.06705
19928,-0.54364,0.27414,0.23581
19929,-0.49384,0.29459,0.20224
19930,-0.49142,0.32593,-0.00195
19932,-0.49664,0.34027,-0.23398
19933,-0.47226,0.29462,-0.34784
19934,-0.41797,0.16745,-0.30096
19935,-0.37167,-0.01248,-0.17389
19936,-0.38129,-0.17404,-0.09363
19938,-0.46799,-0.25040,-0.12897
19939,-0.60577,-0.23190,-0.24292
19940,-0.73120,-0.17825,-0.33264
19941,-0.77930,-0.17209,-0.31668
19942,-0.72202,-0.24844,-0.19995
19944,-0.58270,-0.36197,-0.07062
19945,-0.41705,-0.42291,-0.03601
19946,-0.27664,-0.37183,-0.14429
19947,-0.18277,-0.22729,-0.34943
19948,-0.12622,-0.06863,-0.54919
19950,-0.08701,0.02585,-0.67007
19951,-0.05484,0.02969,-0.72638
19952,-0.03561,-0.02631,-0.78973
19953,-0.04260,-0.08563,-0.88586
19954,-0.08157,-0.10379,-0.92242
19955,-0.14230,-0.07224,-0.74933
19957,-0.20334,-0.02496,-0.32864
19958,-0.24625,-0.02353,0.14502
19959,-0.26691,-0.11612,0.33279
19960,-0.27304,-0.28693,0.02731
19961,-0.26965,-0.43851,-0.60806
19963,-0.24854,-0.44272,-1.00000
19964,-0.19482,-0.23721,-0.89273
19965,-0.10614,0.11343,0.05139
19966,-0.00455,0.45908,0.99997
19967,0.07416,0.68207,0.99997
19969,0.10513,0.78406,0.99997
19970,0.09140,0.85291,0.99997
19971,0.05682,0.94125,0.99997
19972,0.02460,0.98584,0.99997
19973,0.00177,0.86267,0.99997
19975,-0.01794,0.53284,0.99997
19976,-0.04178,0.12750,0.99997
19977,-0.07098,-0.12939,0.99997
19978,-0.10495,-0.10187,0.99997
19979,-0.14673,0.14447,0.99997
19980,-0.19958,0.40533,0.99997
19982,-0.25558,0.51669,0.99997
19983,-0.29138,0.47610,0.99997
19984,-0.28055,0.39844,0.99997
19985,-0.21585,0.36810,0.99997
19986,-0.12119,0.35178,0.99997
19988,-0.03857,0.26151,0.99997
19989,0.00113,0.08838,0.99997
19990,-0.00095,-0.05716,0.99997
19991,-0.01779,-0.06320,0.99997
19992,-0.02283,0.02597,0.99997
19994,-0.00989,-0.00143,0.99997
19995,0.01166,-0.33633,0.99997
19996,0.03815,-0.92279,0.99997
19997,0.08240,-1.00000,0.99997
19998,0.15970,-1.00000,0.36679
20000,0.26297,-0.91113,-1.00000
20001,0.35687,-0.02576,-1.00000
20002,0.40292,0.74417,-1.00000
20003,0.39365,0.99997,-1.00000
20004,0.36139,0.99109,-1.00000
20005,0.34897,0.72733,-1.00000
20007,0.36792,0.54431,-1.00000
20008,0.38367,0.51108,-0.79828
20009,0.34415,0.51743,0.99997
20010,0.22662,0.42447,0.99997
20011,0.06055,0.20334,0.99997
20013,-0.09375,-0.04971,0.99997
20014,-0.19098,-0.20703,0.99997
20015,-0.22992,-0.21252,0.99997
20016,-0.24298,-0.10678,0.99997
20017,-0.25934,0.02942,0.99997
20019,-0.27722,0.14661,0.99997
20020,-0.26871,0.24265,0.99997
20021,-0.21014,0.31717,0.99997
20022,-0.10934,0.32755,0.99997
20023,-0.00653,0.21143,0.99997
20025,0.05045,-0.03210,0.99997
20026,0.03711,-0.28787,0.99997
20027,-0.03323,-0.37350,0.99997
20028,-0.11996,-0.17084,0.99997
20029,-0.18149,0.27109,0.09882
20030,-0.19870,0.75470,-1.00000
20032,-0.17990,0.99997,-1.00000
20033,-0.14655,0.99997,-1.00000
20034,-0.11389,0.78256,-1.00000
20035,-0.08459,0.36368,-1.00000
20036,-0.05963,-0.01221,-1.00000
20038,-0.05212,-0.17871,-1.00000
20039,-0.08456,-0.06784,-1.00000
20040,-0.16672,0.23288,-1.00000
20041,-0.27417,0.52133,-1.00000
20042,-0.35211,0.64154,-1.00000
20044,-0.34732,0.64474,-1.00000
20045,-0.24420,0.76810,-1.00000
20046,-0.07574,0.99997,-1.00000
20047,0.09763,0.99997,-1.00000
20048,0.22174,0.99997,-1.00000
20050,0.27100,0.99997,-1.00000
20051,0.25073,0.88507,-1.00000
20052,0.18738,-0.01511,-1.00000
20053,0.11560,-0.25894,-1.00000
20054,0.06512,0.37186,-1.00000
20055,0.04868,0.99997,-1.00000
20057,0.05844,0.99997,-1.00000
20058,0.07660,0.99997,-1.00000
20059,0.09256,0.99997,-1.00000
20060,0.10898,0.07901,-1.00000
20061,0.12991,-0.90353,-1.00000
20063,0.14603,-1.00000,-1.00000
20064,0.13940,-1.00000,-1.00000
20065,0.10773,-1.00000,-0.83286
20066,0.08029,-1.00000,-0.05817
20067,0.09857,-1.00000,-0.18414
20069,0.17224,-1.00000,-1.00000
20070,0.25433,-1.00000,-1.00000
20071,0.26910,-1.00000,-1.00000
20072,0.17456,-1.00000,-1.00000
20073,0.00369,-1.00000,-1.00000
20075,-0.15591,-1.00000,-0.74936
20076,-0.22739,-1.00000,-0.59454
20077,-0.19717,-1.00000,-0.81113
20078,-0.11227,-1.00000,-1.00000
20079,-0.03268,-1.00000,-1.00000
20080,0.01407,-1.00000,-1.00000
20082,0.03992,-1.00000,-1.00000
20083,0.07004,-1.00000,-0.45233
20084,0.11533,-1.00000,0.86420
20085,0.16678,-1.00000,0.99997
20086,0.20834,-1.00000,0.99997
20088,0.22919,-1.00000,0.99997
20089,0.22394,-1.00000,0.99997
20090,0.18719,-1.00000,0.99997
20091,0.11353,-0.82846,0.99997
20092,0.00632,-0.31094,0.99997
20094,-0.11429,0.23364,0.55887
20095,-0.21451,0.51807,-1.00000
20096,-0.26218,0.40286,-1.00000
20097,-0.24435,0.00330,-1.00000
20098,-0.17426,-0.40958,-1.00000
20100,-0.08246,-0.62527,-1.00000
20101,0.00180,-0.63815,-1.00000
20102,0.06564,-0.60583,-1.00000
20103,0.11404,-0.67923,-1.00000
20104,0.15726,-0.86972,-1.00000
20105,0.19586,-1.00000,-1.00000
20107,0.21634,-1.00000,-1.00000
20108,0.20172,-1.00000,-1.00000
20109,0.14749,-1.00000,-1.00000
20110,0.06833,-1.00000,-1.00000
20111,-0.01077,-1.00000,-1.00000
20113,-0.07031,-1.00000,-1.00000
20114,-0.10413,-0.80542,-1.00000
20115,-0.11346,-0.46945,-1.00000
20116,-0.09784,-0.15295,-1.00000
20117,-0.05630,0.03217,-1.00000
20119,0.00104,0.04639,-1.00000
20120,0.04639,-0.07336,-1.00000
20121,0.04718,-0.23737,-1.00000
20122,-0.00809,-0.33185,-1.00000
20123,-0.09537,-0.27322,-1.00000
20125,-0.16919,-0.09109,-1.00000
20126,-0.19635,0.04160,-1.00000
20127,-0.17914,-0.06885,-1.00000
20128,-0.14752,-0.40332,-1.00000
20129,-0.12894,-0.61310,-1.00000
20130,-0.12543,-0.22739,-1.00000
20132,-0.11777,0.90488,-1.00000
20133,-0.08878,0.99997,-1.00000
20134,-0.04117,0.99997,-1.00000
20135,0.00531,0.99997,-1.00000
20136,0.03104,0.99997,-1.00000
20138,0.02979,-0.03583,-1.00000
20139,0.00861,-1.00000,-0.61090
20140,-0.02029,-1.00000,0.39545
20141,-0.04605,-1.00000,0.90344
20142,-0.06046,-1.00000,0.71518
20144,-0.05777,-1.00000,0.02121
20145,-0.03647,-1.00000,-0.58389
20146,-0.00122,-1.00000,-0.48093
20147,0.03787,-1.00000,0.48114
20148,0.06897,-1.00000,0.99997
20150,0.08304,-1.00000,0.99997
20151,0.07709,-1.00000,0.99997
20152,0.05563,-1.00000,0.99997
20153,0.02930,-1.00000,0.99997
20154,0.00970,-0.99341,0.42047
20155,0.00262,-0.81665,-0.52109
20157,0.00525,-0.64664,-1.00000
20158,0.01123,-0.48022,-0.80344
20159,0.01926,-0.31299,0.02155
20160,0.03574,-0.16422,0.95154
20161,0.06723,-0.06689,0.99997
20163,0.10913,-0.03909,0.67804
20164,0.14316,-0.06970,-0.44446
20165,0.14819,-0.12823,-1.00000
20166,0.11603,-0.18414,-1.00000
20167,0.05798,-0.22171,-0.15417
20169,-0.00266,-0.24716,0.56677
20170,-0.04553,-0.28488,0.32303
20171,-0.06393,-0.35703,-0.90845
20172,-0.06485,-0.45544,-1.00000
20173,-0.06186,-0.53662,-1.00000
20175,-0.06625,-0.56351,-1.00000
20176,-0.08185,-0.56961,-1.00000
20177,-0.10477,-0.67844,-0.84799
20178,-0.12735,-1.00000,-0.62036
20179,-0.14374,-1.00000,-1.00000
20180,-0.15427,-1.00000,-1.00000
20182,-0.16519,-1.00000,-1.00000
20183,-0.18347,-1.00000,-1.00000
20184,-0.20932,-1.00000,-0.45367
20185,-0.23184,-1.00000,0.86276
20186,-0.23221,-1.00000,0.99997
20188,-0.19553,-1.00000,0.99997
20189,-0.12534,-1.00000,0.99997
20190,-0.04868,-1.00000,0.99997
20191,-0.00327,-0.95346,0.99997
20192,-0.01166,-0.34814,0.99997
20194,-0.06174,0.16254,0.11594
20195,-0.11166,0.61090,-0.70300
20196,-0.11920,0.99997,-1.00000
20197,-0.07205,0.99997,-0.76358
20198,0.00488,0.99997,0.08597
20200,0.07016,0.99997,0.99997
20201,0.09424,0.96902,0.99997
20202,0.07355,0.56662,0.99997
20203,0.02408,0.29782,0.96899
20204,-0.03189,0.22107,0.73425
20205,-0.07483,0.26883,0.99997
20207,-0.09213,0.33139,0.99997
20208,-0.08337,0.34741,0.99997
20209,-0.06458,0.32477,0.29202
20210,-0.06238,0.29715,-1.00000
20211,-0.09583,0.27701,-1.00000
20213,-0.15866,0.25079,-1.00000
20214,-0.21954,0.20468,0.16586
20215,-0.24243,0.14276,0.99997
20216,-0.21063,0.07980,0.99997
20217,-0.13577,0.02502,0.99997
20219,-0.04742,-0.02185,0.99997
20220,0.02475,-0.06235,0.99997
20221,0.06323,-0.09412,0.99997
20222,0.06650,-0.11472,0.99997
20223,0.04669,-0.12573,0.99997
20225,0.02325,-0.12741,0.52802
20226,0.01196,-0.11142,0.08603
20227,0.01413,-0.06424,0.38034
20228,0.01550,0.01773,0.99997
20229,-0.00165,0.11777,0.99997
20230,-0.04160,0.20715,0.99997
20232,-0.08920,0.26505,0.99997
20233,-0.12109,0.29056,0.99997
20234,-0.12363,0.29504,0.86679
20235,-0.10156,0.28647,-0.28851
20236,-0.07074,0.26459,-1.00000
20238,-0.04428,0.23013,-1.00000
20239,-0.02493,0.19308,-1.00000
20240,-0.00842,0.16611,-1.00000
20241,0.00848,0.15012,-1.00000
20242,0.02332,0.13049,-1.00000
20244,0.02975,0.09256,-1.00000
20245,0.02234,0.04028,-1.00000
20246,0.00079,-0.00320,-1.00000
20247,-0.02829,-0.01566,-1.00000
20248,-0.05328,0.00388,-1.00000
20250,-0.06323,0.03531,-1.00000
20251,-0.05432,0.05695,-1.00000
20252,-0.03262,0.06259,0.35699
20253,-0.00955,0.06024,0.99997
20254,0.00626,0.05692,0.94794
20255,0.01352,0.04959,-0.52203
20257,0.01486,0.03134,-1.00000
20258,0.01068,0.00452,-1.00000
20259,-0.00217,-0.01602,0.36420
20260,-0.02484,-0.01450,0.99997
20261,-0.05090,0.01117,0.99997
20263,-0.06879,0.04633,0.99997
20264,-0.07077,0.07065,0.99997
20265,-0.05972,0.07248,0.64139
20266,-0.04608,0.05380,-0.39301
20267,-0.03940,0.02426,-0.81396
20269,-0.04282,-0.00748,-0.99344
20270,-0.05515,-0.03537,-1.00000
20271,-0.07422,-0.05258,-1.00000
20272,-0.09576,-0.05002,-0.92715
20273,-0.10974,-0.02216,-0.06674
20275,-0.10367,0.02365,0.99997
20276,-0.07538,0.06580,0.99997
20277,-0.04294,0.07874,0.99997
20278,-0.03705,0.04950,0.99997
20279,-0.07568,-0.01245,0.44998
20280,-0.14252,-0.07968,-1.00000
20282,-0.19220,-0.12225,-1.00000
20283,-0.18423,-0.12372,-1.00000
20284,-0.11795,-0.08835,-1.00000
20285,-0.03729,-0.03668,-1.00000
20286,0.00110,0.00705,-1.00000
20288,-0.02905,0.02850,-0.97476
20289,-0.10510,0.03061,0.84436
20290,-0.17560,0.02988,0.99997
20291,-0.20065,0.04318,0.99997
20292,-0.18024,0.07394,0.99945
20294,-0.15021,0.10806,0.94919
20295,-0.15231,0.12292,0.99997
20296,-0.20227,0.10339,0.99997
20297,-0.27853,0.05258,0.99997
20298,-0.33810,-0.01041,0.99997
20300,-0.34689,-0.06323,0.99997
20301,-0.30283,-0.09268,0.99997
20302,-0.23425,-0.09726,0.99997
20303,-0.17569,-0.08020,0.99997
20304,-0.14072,-0.04413,0.99997
20305,-0.11630,0.00339,0.99997
20307,-0.08377,0.03864,0.99997
20308,-0.04520,0.02457,0.99997
20309,-0.02567,-0.05972,0.99997
20310,-0.04468,-0.18112,0.99997
20311,-0.08365,-0.24777,0.99997
20313,-0.08728,-0.16156,0.99997
20314,-0.00735,0.10229,0.99997
20315,0.14536,0.45703,0.99997
20316,0.29077,0.74921,0.99997
20317,0.32904,0.85489,0.99997
20319,0.21527,0.74954,0.99997
20320,0.00034,0.50824,0.99997
20321,-0.19681,0.26169,0.99997
20322,-0.26666,0.15515,0.99997
20323,-0.18027,0.30557,0.99997
20325,-0.00516,0.71841,0.66528
20326,0.14236,0.99997,-0.33331
20327,0.17303,0.99997,-0.27359
20328,0.07739,0.70547,0.99997
20329,-0.07733,-0.58209,0.99997
20330,-0.20035,-1.00000,0.99997
20332,-0.24051,-1.00000,0.99997
20333,-0.21460,-1.00000,0.99997
20334,-0.18170,-0.29297,0.99997
20335,-0.18759,0.99997,0.99997
20336,-0.22699,0.99997,0.99997
20338,-0.25519,0.65799,0.99997
20339,-0.23645,-0.78961,-1.00000
20340,-0.18158,-1.00000,-1.00000
20341,-0.13724,-1.00000,-1.00000
20342,-0.13544,-0.82483,-1.00000
20344,-0.15381,0.87521,-1.00000
20345,-0.13083,0.99997,0.99997
20346,-0.02747,0.99997,0.99997
20347,0.12146,0.99997,0.99997
20348,0.22031,0.99997,0.99997
20350,0.18698,0.99997,0.99997
20351,0.02670,0.99997,0.99997
20352,-0.16156,-1.00000,0.99997
20353,-0.25610,-1.00000,0.99997
20354,-0.20352,-0.17517,0.99997
20355,-0.05682,0.99997,0.99997
20357,0.06766,0.99997,0.99997
20358,0.07617,0.30881,0.99997
20359,-0.03946,-1.00000,0.99997
20360,-0.20447,-1.00000,0.76620
20361,-0.31824,-1.00000,-1.00000
20363,-0.32132,-1.00000,-1.00000
20364,-0.22748,-1.00000,-1.00000
20365,-0.10486,-1.00000,-1.00000
20366,-0.02499,-1.00000,-1.00000
20367,-0.01703,-1.00000,-1.00000
20369,-0.05890,-1.00000,-1.00000
20370,-0.10751,-1.00000,-1.00000
20371,-0.13910,-1.00000,-1.00000
20372,-0.16284,-1.00000,-1.00000
20373,-0.19849,-1.00000,-1.00000
20375,-0.24371,-1.00000,-1.00000
20376,-0.26804,-1.00000,-1.00000
20377,-0.24084,0.99997,-1.00000
20378,-0.16321,0.99997,-1.00000
20379,-0.06851,0.99997,-1.00000
20380,0.00870,0.99997,-1.00000
20382,0.06009,0.99997,-1.00000
20383,0.09848,0.99997,-1.00000
20384,0.13107,0.99997,-1.00000
20385,0.14929,0.99997,-1.00000
20386,0.15024,0.99997,-1.00000
20388,0.15897,0.99997,0.20438
20389,0.21057,0.99997,0.99997
20390,0.29718,0.99997,0.99997
20391,0.34030,0.99997,0.99997
20392,0.23947,0.99997,0.99997
20394,-0.02841,0.47903,0.99997
20395,-0.35281,-0.38181,0.43405
20396,-0.54773,-0.55347,-0.19705
20397,-0.49014,-0.08255,-0.52582
20398,-0.22131,0.61969,-0.60306
20400,0.08221,0.99997,-0.71616
20401,0.24503,0.99997,-1.00000
20402,0.21664,0.95316,-1.00000
20403,0.08286,0.66879,-1.00000
20404,-0.02972,0.47174,-1.00000
20405,-0.05798,0.36603,-1.00000
20407,-0.02792,0.28784,-1.00000
20408,-0.00043,0.19620,-1.00000
20409,-0.00525,0.09290,-1.00000
20410,-0.02475,-0.00790,-1.00000
20411,-0.02725,-0.09753,-1.00000
20413,-0.00385,-0.16058,-0.81448
20414,0.02829,-0.16965,0.43604
20415,0.04935,-0.11041,0.94162
20416,0.05685,-0.01111,0.68729
20417,0.06189,0.06693,0.08029
20419,0.07150,0.07748,-0.39859
20420,0.07953,0.02811,-0.53055
20421,0.07452,-0.03094,-0.41016
20422,0.05423,-0.05435,-0.24106
20423,0.02988,-0.03561,-0.12021
20425,0.01581,0.00232,-0.00027
20426,0.01596,0.03928,0.19357
20427,0.02011,0.07278,0.44901
20428,0.01385,0.10428,0.66217
20429,-0.00739,0.12097,0.72049
20430,-0.03278,0.10165,0.58206
20432,-0.04410,0.04129,0.29568
20433,-0.03171,-0.03616,-0.03241
20434,-0.00500,-0.09464,-0.29321
20435,0.01190,-0.11624,-0.42673
20436,-0.00165,-0.11316,-0.45047
20438,-0.04367,-0.10837,-0.44269
20439,-0.08615,-0.10733,-0.47849
20440,-0.09290,-0.09125,-0.56232
20441,-0.04730,-0.03946,-0.61935
20442,0.03293,0.04340,-0.56558
20444,0.10648,0.12457,-0.39529
20445,0.13681,0.16870,-0.19748
20446,0.11520,0.16730,-0.07684
20447,0.06146,0.14447,-0.05969
20448,0.00644,0.13425,-0.08878
20450,-0.02615,0.15155,-0.11859
20451,-0.02692,0.18234,-0.20331
20452,0.00031,0.19907,-0.46188
20453,0.03986,0.18396,-0.93207
20454,0.06628,0.13962,-1.00000
20455,0.05463,0.08112,-1.00000
20457,-0.00119,0.02310,-1.00000
20458,-0.07748,-0.02530,-1.00000
20459,-0.13425,-0.05759,-0.63437
20460,-0.14703,-0.06937,-0.32559
20461,-0.12851,-0.06570,-0.36505
20463,-0.11465,-0.06516,-0.61807
20464,-0.12460,-0.08859,-0.84497
20465,-0.13525,-0.13705,-0.89059
20466,-0.10208,-0.18170,-0.76752
20467,-0.01242,-0.18384,-0.59314
20469,0.08124,-0.13147,-0.46753
20470,0.08923,-0.05618,-0.40759
20471,-0.04150,-0.00839,-0.37967
20472,-0.27142,-0.01212,-0.37570
20473,-0.48398,-0.04465,-0.44507
20475,-0.56458,-0.06393,-0.64389
20476,-0.47882,-0.05405,-0.94849
20477,-0.28741,-0.03928,-1.00000
20478,-0.09354,-0.05139,-1.00000
20479,0.02747,-0.08783,-1.00000
20480,0.06110,-0.10898,-0.48318
20482,0.03757,-0.07913,0.15021
20483,-0.00287,-0.00687,0.70236
20484,-0.03165,0.05637,0.99997
20485,-0.03693,0.05469,0.99997
20486,-0.02454,-0.03406,0.99997
20488,-0.01752,-0.18646,0.99997
20489,-0.04306,-0.34354,0.99997
20490,-0.10794,-0.43271,0.99997
20491,-0.18735,-0.40417,0.99997
20492,-0.24976,-0.27390,0.99997
20494,-0.29947,-0.13474,0.99997
20495,-0.38489,-0.09824,0.99997
20496,-0.54456,-0.19409,0.99997
20497,-0.73154,-0.31857,0.99997
20498,-0.79611,-0.29056,0.99997
20500,-0.56488,0.03586,0.67065
20501,0.03210,0.70859,0.19174
20502,0.87698,0.99997,-0.25543
20503,0.99997,0.99997,-0.56564
20504,0.99997,0.99997,-0.73029
20505,0.99997,0.99997,-0.81171
20507,0.63110,0.99997,-0.86353
20508,-1.00000,0.99997,-0.87711
20509,-1.00000,-0.62848,-0.80377
20510,-1.00000,-1.00000,-0.62225
20511,-1.00000,-1.00000,-0.37729
20513,-1.00000,-1.00000,-0.15237
20514,-1.00000,-0.32339,-0.00894
20515,-1.00000,-0.73801,0.04562
20516,-1.00000,-1.00000,0.03738
20517,-1.00000,-1.00000,-0.01416
20519,-0.50250,-1.00000,-0.11005
20520,0.70587,-0.74823,-0.25104
20521,0.99997,0.99997,-0.41382
20522,0.99997,0.99997,-0.55408
20523,0.99997,0.99997,-0.63333
20525,0.99997,0.99997,-0.64127
20526,0.99997,0.99997,-0.59512
20527,0.99997,0.99997,-0.52429
20528,0.99997,0.99997,-0.45859
20529,0.99997,0.99997,-0.42432
20530,0.99997,-0.87469,-0.43607
20532,0.99997,-1.00000,-0.48129
20533,0.99997,-1.00000,-0.51434
20534,0.99997,-1.00000,-0.48172
20535,0.99997,0.10648,-0.36932
20536,0.99997,0.99997,-0.23059
20538,0.99997,0.99997,-0.15845
20539,0.99997,0.99997,-0.21326
20540,0.99997,0.99997,-0.36826
20541,0.87909,0.99997,-0.52695
20542,0.95627,0.99997,-0.60217
20544,0.99997,0.99997,-0.58719
20545,0.99997,0.99997,-0.55347
20546,0.75198,0.99997,-0.57925
20547,0.18481,0.99997,-0.67749
20548,-0.49533,0.99997,-0.78989
20550,-1.00000,0.99997,-0.84659
20551,-1.00000,0.99997,-0.83005
20552,-1.00000,0.99997,-0.78366
20553,-0.59000,0.99997,-0.76437
20554,0.30093,0.64420,-0.79117
20555,0.99997,0.25684,-0.83755
20557,0.99997,0.11548,-0.86703
20558,0.90448,0.17154,-0.86960
20559,0.47366,0.27008,-0.86359
20560,0.29251,0.28613,-0.86743
20561,0.48911,0.22745,-0.87531
20563,0.85635,0.21490,-0.86230
20564,0.99997,0.35748,-0.81049
20565,0.93448,0.63123,-0.72766
20566,0.58206,0.87427,-0.64108
20567,0.25070,0.91238,-0.57526
20569,0.10254,0.71063,-0.53723
20570,0.11221,0.41083,-0.52151
20571,0.14780,0.20752,-0.52420
20572,0.11865,0.17120,-0.54785
20573,0.04117,0.19449,-0.59088
20575,-0.01175,0.12918,-0.63449
20576,0.00580,-0.02301,-0.64603
20577,0.08234,-0.08765,-0.60199
20578,0.17719,0.07739,-0.51282
20579,0.25470,0.35852,-0.42477
20580,0.29239,0.43109,-0.39203
20582,0.27908,0.10223,-0.43689
20583,0.22403,-0.37369,-0.53006
20584,0.16519,-0.38806,-0.60822
20585,0.14957,0.50858,-0.61679
20586,0.19208,0.99997,-0.54608
20588,0.25610,0.99997,-0.43457
20589,0.28586,0.99997,-0.34073
20590,0.26224,0.99997,-0.30676
20591,0.22327,0.99997,-0.33972
20592,0.22418,0.24661,-0.41821
20594,0.27835,-0.68515,-0.51151
20595,0.34256,-1.00000,-0.59430
20596,0.36172,-1.00000,-0.64978
20597,0.32529,-1.00000,-0.66800
20598,0.27521,-1.00000,-0.64850
20600,0.25974,-1.00000,-0.60703
20601,0.28238,-1.00000,-0.57446
20602,0.29865,-1.00000,-0.57980
20603,0.26172,-1.00000,-0.62579
20604,0.16943,-1.00000,-0.67877
20605,0.06677,-1.00000,-0.68851
20607,0.00491,-0.92273,-0.62717
20608,-0.00253,-0.57553,-0.51520
20609,0.01410,-0.20767,-0.40945
20610,0.01242,0.03589,-0.36118
20611,-0.02484,0.07260,-0.37915
20613,-0.07968,-0.05865,-0.42834
20614,-0.11960,-0.21893,-0.46155
20615,-0.12506,-0.25449,-0.45370
20616,-0.09967,-0.09097,-0.41196
20617,-0.06036,0.22275,-0.36087
20619,-0.02304,0.54865,-0.32156
20620,0.00351,0.74695,-0.30167
20621,0.01630,0.75607,-0.29556
20622,0.01767,0.61316,-0.28967
20623,0.01672,0.41010,-0.26962
20625,0.02536,0.22733,-0.23154
20626,0.04669,0.09653,-0.19092
20627,0.06711,0.00870,-0.17752
20628,0.06442,-0.05469,-0.21332
20629,0.02866,-0.10077,-0.28979
20630,-0.02472,-0.12778,-0.36801
20632,-0.06525,-0.13705,-0.40585
20633,-0.07428,-0.13754,-0.39005
20634,-0.06113,-0.13959,-0.34427
20635,-0.05237,-0.14786,-0.30728
20636,-0.06506,-0.15976,-0.30231
20638,-0.09122,-0.16797,-0.32446
20639,-0.10828,-0.16281,-0.35239
20640,-0.10272,-0.13641,-0.36823
20641,-0.08340,-0.09039,-0.36859
20642,-0.07300,-0.04190,-0.36279
20644,-0.08792,-0.01645,-0.36557
20645,-0.12494,-0.02786,-0.38986
20646,-0.16373,-0.06161,-0.43854
20647,-0.18018,-0.08337,-0.49734
20648,-0.16122,-0.07120,-0.53680
20650,-0.11337,-0.04282,-0.52835
20651,-0.06061,-0.04623,-0.46677
20652,-0.03104,-0.11523,-0.37949
20653,-0.03824,-0.22791,-0.31070
20654,-0.07001,-0.31134,-0.29086
20655,-0.09634,-0.29462,-0.31543
20657,-0.09305,-0.16718,-0.35159
20658,-0.06210,0.00955,-0.36569
20659,-0.02905,0.14835,-0.34842
20660,-0.01782,0.20013,-0.31784
20661,-0.02637,0.18198,-0.30103
20663,-0.02704,0.14951,-0.31198
20664,0.00644,0.14462,-0.34308
20665,0.07037,0.16656,-0.37360
20666,0.12866,0.18677,-0.38535
20667,0.14008,0.18436,-0.37247
20669,0.09225,0.16412,-0.34134
20670,0.01224,0.14316,-0.30368
20671,-0.05417,0.12665,-0.26987
20672,-0.07620,0.10233,-0.24579
20673,-0.05707,0.05798,-0.23297
20675,-0.02545,-0.00021,-0.23087
20676,-0.00974,-0.05017,-0.23932
20677,-0.01746,-0.07281,-0.25928
20678,-0.03458,-0.06454,-0.29028
20679,-0.04141,-0.03061,-0.32675
20680,-0.02890,0.02835,-0.35706
20682,-0.00183,0.11639,-0.36908
20683,0.03052,0.22815,-0.35870
20684,0.06406,0.34174,-0.33395
20685,0.09955,0.43307,-0.30969
20686,0.13339,0.49658,-0.29636
20688,0.15213,0.54480,-0.29321
20689,0.13907,0.58154,-0.29254
20690,0.08804,0.57956,-0.29056
20691,0.01093,0.49554,-0.29324
20692,-0.06903,0.31653,-0.31000
20694,-0.13245,0.09000,-0.34015
20695,-0.17303,-0.10052,-0.36597
20696,-0.19449,-0.19760,-0.36157
20697,-0.20078,-0.21268,-0.31302
20698,-0.19131,-0.20786,-0.23349
20700,-0.16495,-0.23639,-0.15900
20701,-0.12738,-0.29980,-0.12549
20702,-0.09171,-0.35727,-0.14377
20703,-0.07086,-0.36914,-0.19238
20704,-0.06723,-0.32794,-0.23608
20705,-0.06992,-0.25397,-0.25525
20707,-0.06320,-0.17218,-0.26138
20708,-0.04007,-0.09915,-0.28458
20709,-0.01044,-0.04578,-0.34216
20710,0.00470,-0.01996,-0.41690
20711,-0.01077,-0.01950,-0.46530
20713,-0.05435,-0.02621,-0.45135
20714,-0.10596,-0.01559,-0.37717
20715,-0.14206,0.02298,-0.28409
20716,-0.15009,0.07788,-0.22397
20717,-0.13077,0.12949,-0.22485
20719,-0.08939,0.17191,-0.27765
20720,-0.02905,0.21677,-0.34921
20721,0.04590,0.27466,-0.40573
20722,0.12143,0.33655,-0.42786
20723,0.17389,0.37790,-0.41351
20725,0.18329,0.38193,-0.37515
20726,0.14917,0.35632,-0.33585
20727,0.09265,0.32428,-0.32120
20728,0.04144,0.30032,-0.34430
20729,0.01056,0.27771,-0.39404
20730,-0.00534,0.24002,-0.44110
20732,-0.02203,0.18356,-0.46277
20733,-0.04980,0.12506,-0.46588
20734,-0.08481,0.08698,-0.48383
20735,-0.11411,0.07681,-0.54553
20736,-0.12756,0.08188,-0.64380
20738,-0.12543,0.08298,-0.73550
20739,-0.11566,0.07050,-0.77664
20740,-0.10504,0.04730,-0.75943
20741,-0.09317,0.01938,-0.71323
20742,-0.07477,-0.01117,-0.66541
20744,-0.04755,-0.04330,-0.60422
20745,-0.01736,-0.07190,-0.49011
20746,0.00473,-0.09195,-0.31451
20747,0.01019,-0.10730,-0.14420
20748,-0.00180,-0.12772,-0.08563
20750,-0.02594,-0.14871,-0.17819
20751,-0.05548,-0.13718,-0.31339
20752,-0.08463,-0.05212,-0.28537
20753,-0.10822,0.10126,0.02994
20754,-0.12210,0.23233,0.50632
20755,-0.12607,0.19519,0.77695
20757,-0.12540,-0.11166,0.46255
20758,-0.12741,-0.64514,-0.53168
20759,-0.13550,-1.00000,-1.00000
20760,-0.14752,-1.00000,-1.00000
20761,-0.15982,-1.00000,-1.00000
20763,-0.17093,-1.00000,-1.00000
20764,-0.17834,-0.42218,-1.00000
20765,-0.17316,0.04828,-0.77307
20766,-0.14343,0.23306,-0.10306
20767,-0.08850,0.15817,0.09790
20769,-0.02991,0.00943,0.01416
20770,-0.00107,-0.00015,-0.11304
20771,-0.01898,0.22369,-0.15204
20772,-0.06384,0.59543,-0.08206
20773,-0.09268,0.91199,0.10474
20775,-0.07986,0.98889,0.43689
20776,-0.04715,0.77063,0.86414
20777,-0.05008,0.34625,0.99997
20778,-0.12839,-0.11798,0.90640
20779,-0.26453,-0.46567,-0.10156
20780,-0.38992,-0.60339,-1.00000
20782,-0.43533,-0.51337,-1.00000
20783,-0.38211,-0.24234,-1.00000
20784,-0.27237,0.12616,-1.00000
20785,-0.17447,0.51648,-1.00000
20786,-0.13483,0.89886,-1.00000
20788,-0.15259,0.99997,-1.00000
20789,-0.18973,0.99997,-1.00000
20790,-0.20264,0.99997,-1.00000
20791,-0.17242,0.99997,-1.00000
20792,-0.11685,0.99997,-1.00000
20794,-0.07849,0.99997,-1.00000
20795,-0.09451,0.51340,0.40231
20796,-0.16556,0.18890,0.99997
20797,-0.24686,-0.01190,0.99997
20798,-0.27466,-0.33539,0.99997
20800,-0.21533,-0.96228,0.99997
20801,-0.09930,-1.00000,0.99997
20802,-0.00534,-1.00000,0.99997
20803,0.00095,-1.00000,0.99997
20804,-0.07498,-1.00000,0.99997
20805,-0.15921,-1.00000,0.99997
20807,-0.17944,-1.00000,0.99997
20808,-0.13992,-1.00000,0.99997
20809,-0.12021,-1.00000,0.99997
20810,-0.18524,-0.59222,0.99997
20811,-0.29379,0.41733,0.99997
20813,-0.31573,0.99997,0.99997
20814,-0.16879,0.99997,0.14087
20815,0.05530,0.99997,-0.80032
20816,0.12851,0.22186,-0.05560
20817,-0.10718,-0.73813,0.99997
20819,-0.54788,-1.00000,0.99997
20820,-0.85733,-1.00000,0.99997
20821,-0.72772,-1.00000,0.99997
20822,-0.14624,-1.00000,0.14291
20823,0.58289,-1.00000,-1.00000
20825,0.99997,-1.00000,-1.00000
20826,0.99997,-1.00000,-1.00000
20827,0.99997,-0.62796,-1.00000
20828,0.99997,-0.07437,-1.00000
20829,0.99997,0.42163,-1.00000
20830,0.99997,0.87616,-1.00000
20832,0.99997,0.99997,-1.00000
20833,0.99997,0.99997,-0.93115
20834,0.99997,0.99997,-0.39853
20835,0.99997,0.99997,-0.11832
20836,0.99997,0.99997,-0.09079
20838,0.99997,0.99997,-0.06973
20839,0.99997,0.99997,0.11276
20840,0.99997,0.99997,0.33865
20841,0.95825,0.99997,0.35794
20842,0.69354,0.99997,0.14310
20844,0.49469,0.99997,0.05566
20845,0.40579,0.91971,0.61115
20846,0.42380,0.50549,0.99997
20847,0.50705,0.37253,0.99997
20848,0.59866,0.42734,0.99997
20850,0.65488,0.50250,0.99997
20851,0.66309,0.48773,0.99997
20852,0.63821,0.38489,0.99997
20853,0.60083,0.26227,0.99997
20854,0.55630,0.17496,0.99997
20855,0.49426,0.12741,0.99997
20857,0.41040,0.09409,0.99997
20858,0.32922,0.05844,0.99997
20859,0.30026,0.02893,0.99997
20860,0.36002,0.02689,0.99997
20861,0.48608,0.06683,0.99997
20863,0.58896,0.14551,0.99997
20864,0.56363,0.24139,0.99997
20865,0.37091,0.32095,0.99997
20866,0.08206,0.35211,0.99997
20867,-0.15942,0.32178,0.99997
20869,-0.23679,0.24658,0.99997
20870,-0.14136,0.16498,0.99997
20871,0.03003,0.11337,0.99997
20872,0.15625,0.10358,0.99997
20873,0.18024,0.11932,0.99997
20875,0.13263,0.13272,0.99997
20876,0.08307,0.12561,0.99997
20877,0.07364,0.09949,0.99997
20878,0.09396,0.06995,0.99997
20879,0.10867,0.05319,0.16092
20880,0.09882,0.05542,-0.33539
20882,0.07483,0.07089,-0.45459
20883,0.05679,0.08798,-0.62781
20884,0.04944,0.09708,-1.00000
20885,0.03961,0.09338,-1.00000
20886,0.01459,0.07291,-1.00000
20888,-0.02026,0.02939,-1.00000
20889,-0.04309,-0.03784,-1.00000
20890,-0.03381,-0.11008,-0.82745
20891,0.00821,-0.15009,-0.59717
20892,0.06174,-0.13339,-0.79239
20894,0.09747,-0.08798,-0.99094
20895,0.09766,-0.09219,-0.68311
20896,0.06772,-0.20630,0.28195
20897,0.03238,-0.39099,0.99997
20898,0.01758,-0.51050,0.99997
20900,0.03134,-0.45544,0.99997
20901,0.05801,-0.28387,0.99997
20902,0.07172,-0.21176,0.99997
20903,0.05887,-0.40057,0.94598
20904,0.02930,-0.70801,0.81494
20905,0.00583,-0.67117,0.44836
20907,0.00168,0.17517,-0.44232
20908,0.00836,0.99997,-1.00000
20909,0.00580,0.99997,-1.00000
20910,-0.01553,0.99997,-1.00000
20911,-0.04413,0.99997,-1.00000
20913,-0.05917,0.99997,-1.00000
20914,-0.05185,0.99997,-1.00000
20915,-0.03320,0.99997,-1.00000
20916,-0.02036,0.99997,-0.01883
20917,-0.01590,0.99997,0.99997
20919,-0.00354,0.99997,0.99997
20920,0.03442,0.99997,0.99997
20921,0.09460,0.99997,0.99997
20922,0.14905,0.25607,0.99997
20923,0.16626,-0.87488,0.99997
20925,0.13907,-1.00000,0.99997
20926,0.09311,-1.00000,0.99997
20927,0.06708,-1.00000,0.99997
20928,0.08041,-1.00000,0.99997
20929,0.11734,-1.00000,0.99997
20930,0.14090,-0.70120,-0.78760
20932,0.12451,-0.54529,-1.00000
20933,0.07245,-1.00000,-1.00000
20934,0.01120,-1.00000,-1.00000
20935,-0.03763,-1.00000,-1.00000
20936,-0.07471,-1.00000,-1.00000
20938,-0.11304,-1.00000,-1.00000
20939,-0.15308,-0.75891,-1.00000
20940,-0.17297,0.99997,-1.00000
20941,-0.15015,0.99997,-1.00000
20942,-0.09412,0.99997,-1.00000
20944,-0.05402,0.99997,-1.00000
20945,-0.08319,0.40210,-1.00000
20946,-0.18820,-1.00000,-1.00000
20947,-0.30923,-1.00000,-1.00000
20948,-0.35629,-1.00000,-1.00000
20950,-0.27481,-1.00000,-1.00000
20951,-0.08795,0.51294,0.81281
20952,0.11765,0.99997,0.99997
20953,0.24863,0.83603,0.99997
20954,0.25943,-1.00000,0.99997
20955,0.17010,-1.00000,0.99997
20957,0.04370,-1.00000,0.99997
20958,-0.05414,-1.00000,0.99997
20959,-0.08948,-1.00000,0.99997
20960,-0.07181,-1.00000,0.99997
20961,-0.03821,-1.00000,0.99997
20963,-0.01785,-1.00000,0.99997
20964,-0.00061,-0.43985,0.99997
20965,0.06122,0.99997,0.99997
20966,0.20978,0.99997,0.99997
20967,0.42755,0.99997,-0.42334
20969,0.62265,0.99997,-1.00000
20970,0.67892,0.99997,-1.00000
20971,0.54037,0.99997,-1.00000
20972,0.26361,-0.23831,0.99997
20973,-0.00778,-1.00000,0.99997
20975,-0.13254,-1.00000,0.99997
20976,-0.06058,-1.00000,0.99997
20977,0.14105,-0.90692,0.99997
20978,0.34113,0.99997,0.99997
20979,0.43661,0.99997,0.89932
20980,0.41898,0.99997,0.56985
20982,0.36737,0.99997,0.81363
20983,0.37469,0.99997,0.81412
20984,0.46393,0.99997,-0.03738
20985,0.56479,0.99997,-1.00000
20986,0.57376,0.99997,-1.00000
20988,0.44781,0.99997,-1.00000
20989,0.24673,-0.17276,-1.00000
20990,0.08209,0.36209,-1.00000
20991,0.01874,0.99997,-1.00000
20992,0.02145,0.99997,-1.00000
20994,-0.00320,0.99997,-1.00000
20995,-0.11246,0.36615,-1.00000
20996,-0.27261,-1.00000,-1.00000
20997,-0.39297,-1.00000,-1.00000
20998,-0.40948,-1.00000,-1.00000
21000,-0.33569,-0.13599,-1.00000
21001,-0.24014,0.99997,-1.00000
21002,-0.18271,0.99997,-1.00000
21003,-0.17487,0.99997,-1.00000
21004,-0.19244,0.12598,-1.00000
21005,-0.21326,-0.96094,-1.00000
21007,-0.23566,-1.00000,-1.00000
21008,-0.26529,-1.00000,0.99997
21009,-0.29425,-0.55746,0.99997
21010,-0.30130,0.42157,0.99997
21011,-0.27249,0.97055,0.99997
21013,-0.21854,0.71976,0.99997
21014,-0.17029,-0.19351,0.99997
21015,-0.15747,-1.00000,0.99997
21016,-0.18988,-1.00000,0.99997
21017,-0.25391,-1.00000,0.99997
21019,-0.32071,-1.00000,-0.84045
21020,-0.35785,-1.00000,-1.00000
21021,-0.34088,-1.00000,-1.00000
21022,-0.26498,-1.00000,-1.00000
21023,-0.15167,-1.00000,-1.00000
21025,-0.04202,-1.00000,0.19211
21026,0.02444,-1.00000,0.99997
21027,0.03217,-1.00000,0.99997
21028,-0.00366,-1.00000,0.99997
21029,-0.05011,-1.00000,0.99997
21030,-0.07739,-1.00000,0.99997
21032,-0.07309,-1.00000,0.99997
21033,-0.04434,-0.94843,0.99997
21034,-0.01270,-0.95056,0.99997
21035,-0.00241,-0.89435,0.99997
21036,-0.02423,-0.55115,0.99997
21038,-0.06137,0.01730,0.99997
21039,-0.07401,0.41550,0.99997
21040,-0.02844,0.20105,0.99997
21041,0.06906,-0.71753,0.99997
21042,0.16782,-1.00000,0.99997
21044,0.21085,-1.00000,0.99997
21045,0.18451,-1.00000,0.92169
21046,0.13116,-1.00000,0.37192
21047,0.10806,-0.68378,-0.01044
21048,0.13034,0.31894,-0.17856
21050,0.15601,0.82584,-0.15814
21051,0.12933,0.88425,-0.01270
21052,0.04037,0.74081,0.18332
21053,-0.06052,0.61771,0.31534
21054,-0.10883,0.58157,0.18851
21055,-0.08804,0.56018,-0.41376
21057,-0.04614,0.45023,-1.00000
21058,-0.05005,0.22180,-1.00000
21059,-0.12064,-0.04749,-1.00000
21060,-0.21112,-0.21805,-1.00000
21061,-0.25040,-0.17694,-1.00000
21063,-0.21289,0.09140,-1.00000
21064,-0.14944,0.49673,-1.00000
21065,-0.14746,0.89798,-1.00000
21066,-0.25134,0.99997,-1.00000
21067,-0.41409,0.99997,-0.69461
21069,-0.52695,0.99997,0.16467
21070,-0.50653,0.99997,0.99997
21071,-0.36566,0.94345,0.99997
21072,-0.20578,0.78522,0.99997
21073,-0.13647,0.71036,0.99997
21075,-0.19101,0.74051,0.99997
21076,-0.30716,0.80005,0.99997
21077,-0.38373,0.70529,0.99997
21078,-0.35922,0.25314,0.99997
21079,-0.24948,-0.61810,0.60611
21080,-0.12292,-1.00000,-0.51016
21082,-0.04449,-1.00000,-1.00000
21083,-0.03540,-1.00000,-1.00000
21084,-0.07291,-1.00000,-1.00000
21085,-0.11884,-1.00000,-1.00000
21086,-0.14874,-0.62839,-1.00000
21088,-0.15924,0.32764,-0.96121
21089,-0.15479,0.99997,-0.57516
21090,-0.13345,0.99997,-0.03723
21091,-0.09094,0.99997,0.49951
21092,-0.04153,0.99997,0.83270
21094,-0.02826,0.99997,0.83585
21095,-0.09808,0.99997,0.52875
21096,-0.25177,0.99997,0.06851
21097,-0.41571,0.99997,-0.31482
21098,-0.47647,0.99997,-0.40817
21100,-0.36411,0.74319,-0.10733
21101,-0.11615,-0.53946,0.51755
21102,0.13910,-1.00000,0.99997
21103,0.27316,-1.00000,0.99997
21104,0.24670,-1.00000,0.99997
21105,0.12433,-1.00000,0.99997
21107,0.00806,-0.39880,0.27551
21108,-0.04623,0.10037,-0.40146
21109,-0.05789,0.41614,-0.63968
21110,-0.07996,0.71201,-0.40463
21111,-0.13477,0.99997,0.07327
21113,-0.18863,0.99997,0.48767
21114,-0.18582,0.99997,0.67526
21115,-0.10693,0.99997,0.68860
21116,0.00583,0.99997,0.67935
21117,0.08093,0.99997,0.72104
21119,0.07864,0.89682,0.74527
21120,0.02615,0.80725,0.63950
21121,-0.00421,0.74384,0.39078
21122,0.04730,0.69525,0.12253
21123,0.18118,0.66983,-0.01004
21125,0.33563,0.67258,0.04361
21126,0.42468,0.68887,0.19345
21127,0.39557,0.68915,0.29581
21128,0.27765,0.64456,0.26910
21129,0.18613,0.54126,0.13528
21130,0.25003,0.39011,-0.02811
21132,0.48608,0.23099,-0.15863
21133,0.72443,0.11975,-0.23785
21134,0.70163,0.09094,-0.27527
21135,0.29819,0.11633,-0.28467
21136,-0.29199,0.10654,-0.27911
21138,-0.68576,-0.01694,-0.27573
21139,-0.68945,-0.22321,-0.29214
21140,-0.57587,-0.34460,-0.33511
21141,-0.90601,-0.18115,-0.39642
21142,-1.00000,0.32343,-0.46133
21144,-1.00000,0.98581,-0.51840
21145,-1.00000,0.99997,-0.55945
21146,-1.00000,0.99997,-0.57312
21147,-0.91910,0.99997,-0.54538
21148,0.99997,0.60455,-0.46976
21150,0.99997,0.12753,-0.35678
21151,0.99997,-0.13449,-0.23169
21152,0.99997,-0.24109,-0.12329
21153,0.99997,-0.32617,-0.05560
21154,0.99997,-0.45822,-0.04694
21155,0.99997,-0.60156,-0.10934
21157,0.99997,-0.68726,-0.24075
21158,0.99997,-0.69769,-0.41431
21159,0.99997,-0.67682,-0.57858
21160,0.99997,-0.66769,-0.67737
21161,0.99997,-0.65427,-0.67926
21163,0.86078,-0.57214,-0.59641
21164,0.41891,-0.37720,-0.47675
21165,0.23120,-0.10345,-0.37460
21166,0.48135,0.14786,-0.32016
21167,0.99997,0.28009,-0.30939
21169,0.99997,0.27277,-0.31836
21170,0.99997,0.19495,-0.32718
21171,0.99997,0.15369,-0.33237
21172,0.99997,0.22040,-0.34030
21173,0.99997,0.38855,-0.35352
21175,0.99997,0.58536,-0.36539
21176,0.99997,0.72247,-0.36838
21177,0.99997,0.74945,-0.36371
21178,0.99997,0.67899,-0.36020
21179,0.99997,0.57104,-0.36237
21180,0.99997,0.48746,-0.36221
21182,0.99997,0.44699,-0.34476
21183,0.99997,0.41351,-0.30295
21184,0.99997,0.32849,-0.24689
21185,0.80176,0.16327,-0.19864
21186,0.59634,-0.05286,-0.17844
21188,0.64212,-0.25342,-0.19403
21189,0.76932,-0.38550,-0.23947
21190,0.78677,-0.44351,-0.29898
21191,0.63800,-0.45847,-0.35236
21192,0.42996,-0.45944,-0.38153
21194,0.32172,-0.44934,-0.37924
21195,0.38385,-0.41550,-0.35541
21196,0.55106,-0.35706,-0.33273
21197,0.69217,-0.29425,-0.33084
21198,0.71964,-0.24991,-0.35065
21200,0.64252,-0.22604,-0.37354
21201,0.53418,-0.20270,-0.37732
21202,0.45947,-0.16061,-0.35532
21203,0.42581,-0.10287,-0.32083
21204,0.38849,-0.05408,-0.29465
21205,0.29492,-0.03903,-0.28821
21207,0.13019,-0.06198,-0.29639
21208,-0.06772,-0.10330,-0.30325
21209,-0.23090,-0.13403,-0.29276
21210,-0.30560,-0.13470,-0.25623
21211,-0.28625,-0.10626,-0.19632
21213,-0.21530,-0.06653,-0.12872
21214,-0.15216,-0.03589,-0.07864
21215,-0.13806,-0.02255,-0.06961
21216,-0.18423,-0.01883,-0.10803
21217,-0.28406,-0.01208,-0.17621
21219,-0.42578,-0.00095,-0.24234
21220,-0.58661,0.00015,-0.28229
21221,-0.71765,-0.02539,-0.29544
21222,-0.74936,-0.07639,-0.30087
21223,-0.63132,-0.12848,-0.31808
21225,-0.38101,-0.15118,-0.34979
21226,-0.09442,-0.13321,-0.38129
21227,0.10324,-0.09152,-0.39459
21228,0.13626,-0.05576,-0.38293
21229,0.02631,-0.04291,-0.35382
21230,-0.12793,-0.04584,-0.32053
21232,-0.22079,-0.04434,-0.29221
21233,-0.20349,-0.02548,-0.27090
21234,-0.09799,0.00674,-0.25436
21235,0.03705,0.03928,-0.23938
21236,0.15164,0.06418,-0.22284
21238,0.22552,0.08481,-0.20227
21239,0.25931,0.10846,-0.17920
21240,0.25455,0.13522,-0.16235
21241,0.20660,0.15451,-0.16495
21242,0.11606,0.15250,-0.19443
21244,0.00497,0.12357,-0.24268
21245,-0.08386,0.07550,-0.28732
21246,-0.11237,0.02484,-0.30637
21247,-0.08041,-0.01349,-0.29547
21248,-0.03528,-0.03427,-0.27289
21250,-0.03973,-0.04276,-0.26709
21251,-0.11835,-0.04822,-0.29648
21252,-0.22717,-0.05569,-0.35660
21253,-0.27859,-0.06189,-0.42224
21254,-0.20633,-0.05783,-0.46091
21255,-0.01984,-0.03665,-0.44846
21257,0.19629,-0.00079,-0.38083
21258,0.33655,0.03720,-0.27869
21259,0.34094,0.06143,-0.18219
21260,0.22595,0.06284,-0.13367
21261,0.06253,0.04510,-0.15381
21263,-0.07764,0.02142,-0.22632
21264,-0.16650,0.00461,-0.30551
21265,-0.22232,-0.00137,-0.34601
21266,-0.27179,-0.00131,-0.33340
21267,-0.30908,-0.00031,-0.29123
21269,-0.29398,0.00397,-0.25696
21270,-0.19559,0.02087,-0.24832
21271,-0.03604,0.05634,-0.24969
21272,0.11734,0.10187,-0.23056
21273,0.21097,0.13483,-0.17755
21275,0.24930,0.13312,-0.10965
21276,0.26721,0.09564,-0.06223
21277,0.25473,0.05029,-0.05661
21278,0.12918,0.03906,-0.08420
21279,-0.18759,0.08774,-0.11838
21280,-0.64816,0.18365,-0.14011
21282,-1.00000,0.28149,-0.15179
21283,-1.00000,0.33508,-0.16891
21284,-0.87888,0.32962,-0.20145
21285,-0.36148,0.28775,-0.24490
21286,0.14108,0.24622,-0.28690
21288,0.44632,0.22626,-0.31897
21289,0.54645,0.22461,-0.34152
21290,0.54465,0.22882,-0.35831
21291,0.51685,0.23645,-0.36853
21292,0.44656,0.25772,-0.36258
21294,0.28430,0.30124,-0.32367
21295,0.04620,0.36105,-0.23654
21296,-0.16660,0.41876,-0.10214
21297,-0.25162,0.45715,0.04837
21298,-0.20135,0.47076,0.15594
21300,-0.10962,0.46478,0.16159
21301,-0.07837,0.44623,0.04764
21302,-0.11758,0.41541,-0.14194
21303,-0.14178,0.36295,-0.32553
21304,-0.07623,0.27460,-0.43814
21305,0.01923,0.14514,-0.46832
21307,-0.06714,-0.00409,-0.44446
21308,-0.56174,-0.11993,-0.38879
21309,-1.00000,-0.13882,-0.29459
21310,-1.00000,-0.02878,-0.15707
21311,-1.00000,0.17917,-0.02429
21313,-1.00000,0.40012,0.00119
21314,-1.00000,0.54144,-0.16647
21315,-0.95102,0.55115,-0.51166
21316,0.31262,0.43332,-0.90903
21317,0.99997,0.23001,-1.00000
21319,0.99997,-0.00562,-1.00000
21320,0.76617,-0.22830,-1.00000
21321,0.47705,-0.41440,-1.00000
21322,0.36789,-0.57309,-1.00000
21323,0.38693,-0.73932,-1.00000
21325,0.39609,-0.93512,-1.00000
21326,0.33093,-1.00000,-0.93112
21327,0.23599,-1.00000,-0.57037
21328,0.18213,-1.00000,-0.41245
21329,0.18176,-1.00000,-0.45816
21330,0.18854,-1.00000,-0.54910
21332,0.16019,-1.00000,-0.52658
21333,0.10272,-1.00000,-0.39474
21334,0.05164,-1.00000,-0.32886
21335,0.02408,-1.00000,-0.51495
21336,0.00156,-1.00000,-0.96729
21338,-0.04053,-0.24847,-1.00000
21339,-0.09561,0.06140,-1.00000
21340,-0.12610,-0.30869,-1.00000
21341,-0.10135,-1.00000,-1.00000
21342,-0.03281,-1.00000,-1.00000
21344,0.03116,-1.00000,-1.00000
21345,0.04642,-1.00000,-1.00000
21346,0.00967,-1.00000,-1.00000
21347,-0.04263,-1.00000,-1.00000
21348,-0.06952,-1.00000,-1.00000
21350,-0.05869,-0.93170,-1.00000
21351,-0.02832,-0.97775,-1.00000
21352,-0.00168,-1.00000,-1.00000
21353,0.01425,-1.00000,-1.00000
21354,0.02441,-1.00000,-0.97934
21355,0.02676,-1.00000,-0.50473
21357,0.00668,-0.64432,-0.45422
21358,-0.04367,-0.09659,-0.79462
21359,-0.10272,0.45291,-1.00000
21360,-0.12473,0.95123,-0.74500
21361,-0.07666,0.99997,0.29141
21363,0.02710,0.99997,0.99997
21364,0.12897,0.99997,0.99997
21365,0.17233,0.99997,0.99997
21366,0.14633,0.99997,0.99997
21367,0.08990,0.99997,0.10400
21369,0.05258,0.99997,-0.86380
21370,0.05167,0.99997,-1.00000
21371,0.06543,0.99997,-1.00000
21372,0.06442,0.99997,-0.81509
21373,0.04507,0.99997,-0.56616
21375,0.03146,0.99997,-0.42917
21376,0.04599,0.99997,-0.26010
21377,0.08185,0.99997,0.13089
21378,0.10608,0.99997,0.81439
21379,0.08917,0.88144,0.99997
21380,0.03104,-0.03027,0.99997
21382,-0.04062,-0.38461,0.99997
21383,-0.09415,-0.08905,0.99997
21384,-0.11530,0.56396,0.99997
21385,-0.10919,0.99997,0.99997
21386,-0.08817,0.99997,0.99997
21388,-0.06235,0.86581,0.99997
21389,-0.04065,0.55136,0.99997
21390,-0.03342,0.61026,0.99997
21391,-0.04779,0.99997,0.99997
21392,-0.07785,0.99997,0.99997
21394,-0.10275,0.99997,0.99997
21395,-0.09946,0.99997,0.99997
21396,-0.06125,0.99997,0.99997
21397,-0.00415,0.99997,0.99997
21398,0.04520,0.99997,0.99997
21400,0.07065,0.74356,0.95200
21401,0.07745,0.04300,0.21375
21402,0.08386,-0.38007,-0.64322
21403,0.10196,-0.54501,-1.00000
21404,0.12479,-0.60638,-1.00000
21405,0.13287,-0.69144,-1.00000
21407,0.11417,-0.73495,-1.00000
21408,0.07907,-0.50488,-1.00000
21409,0.05579,0.15808,-1.00000
21410,0.06659,0.99997,-1.00000
21411,0.10544,0.99997,-1.00000
21413,0.13812,0.99997,-1.00000
21414,0.12753,0.99997,-1.00000
21415,0.06421,0.83633,-1.00000
21416,-0.02463,0.02048,-1.00000
21417,-0.09543,-0.48862,-1.00000
21419,-0.12057,-0.65176,0.35971
21420,-0.10434,-0.57870,0.99997
21421,-0.07187,-0.40256,0.99997
21422,-0.04471,-0.24008,0.89938
21423,-0.02716,-0.19696,-1.00000
21425,-0.01373,-0.32120,-1.00000
21426,-0.00552,-0.50967,-1.00000
21427,-0.01474,-0.48764,-1.00000
21428,-0.05112,0.05045,-1.00000
21429,-0.10379,0.99997,-1.00000
21430,-0.13962,0.99997,-1.00000
21432,-0.12497,0.99997,-1.00000
21433,-0.05438,0.99997,-1.00000
21434,0.03903,0.99997,-1.00000
21435,0.10352,0.99997,-1.00000
21436,0.10486,0.15894,-1.00000
21438,0.05014,-0.25015,-1.00000
21439,-0.02039,0.79166,-1.00000
21440,-0.06488,0.99997,-1.00000
21441,-0.06827,0.99997,-1.00000
21442,-0.04520,0.99997,-1.00000
21444,-0.02008,0.99997,-1.00000
21445,-0.00516,-0.21524,-1.00000
21446,0.00430,-1.00000,-1.00000
21447,0.01877,-1.00000,-1.00000
21448,0.04129,-1.00000,-1.00000
21450,0.06442,-0.46860,-1.00000
21451,0.07724,-0.11951,-1.00000
21452,0.07379,-0.26538,-1.00000
21453,0.05759,-0.52380,-1.00000
21454,0.04141,-0.57220,-1.00000
21455,0.04236,-0.41434,-1.00000
21457,0.07178,-0.30801,-1.00000
21458,0.12357,-0.51273,-1.00000
21459,0.17169,-1.00000,-1.00000
21460,0.18399,-1.00000,-1.00000
21461,0.14664,-1.00000,-1.00000
21463,0.07928,-1.00000,-1.00000
21464,0.02457,-1.00000,-1.00000
21465,0.01752,-1.00000,-0.62778
21466,0.05869,-0.99826,0.90695
21467,0.11386,-0.59818,0.99997
21469,0.13974,-0.51697,0.99997
21470,0.11472,-0.59106,0.99997
21471,0.05099,-0.61246,0.99997
21472,-0.01730,-0.49438,0.99997
21473,-0.05811,-0.30026,0.29199
21475,-0.05911,-0.14334,-0.15216
21476,-0.03036,-0.07620,-0.41220
21477,0.00610,-0.06696,-0.59967
21478,0.03006,-0.05521,-0.74207
21479,0.03244,-0.01221,-0.82407
21480,0.01703,0.04721,-0.85971
21482,-0.00504,0.09009,-0.89120
21483,-0.02286,0.09055,-0.92725
21484,-0.03055,0.03799,-0.91299
21485,-0.02698,-0.06110,-0.78113
21486,-0.01248,-0.17957,-0.53122
21488,0.01328,-0.27435,-0.24893
21489,0.04965,-0.30847,-0.04272
21490,0.09183,-0.27866,0.03641
21491,0.12958,-0.22141,0.01602
21492,0.15076,-0.18710,-0.04398
21494,0.14703,-0.20224,-0.10703
21495,0.11868,-0.25168,-0.17120
21496,0.07513,-0.29465,-0.24017
21497,0.03113,-0.29709,-0.29776
21498,0.00034,-0.25308,-0.31607
21500,-0.01080,-0.18262,-0.28250
21501,-0.00577,-0.11502,-0.21262
21502,0.00491,-0.07184,-0.13589
21503,0.01062,-0.05597,-0.07404
21504,0.00726,-0.04764,-0.03427
21505,-0.00067,-0.01312,-0.01920
21507,-0.00375,0.06992,-0.03458
21508,0.00552,0.18259,-0.08218
21509,0.02634,0.26208,-0.14767
21510,0.04709,0.24612,-0.20212
21511,0.05008,0.13715,-0.22223
21513,0.02444,0.01865,-0.21085
21514,-0.02002,-0.01276,-0.19574
21515,-0.05365,0.05344,-0.20416
21516,-0.04999,0.12201,-0.23578
21517,-0.01544,0.09763,-0.25983
21519,0.00876,0.01431,-0.24036
21520,-0.01389,0.02344,-0.16806
21521,-0.06882,0.20834,-0.07187
21522,-0.09451,0.41556,-0.00232
21523,-0.05054,0.34378,-0.00040
21525,0.01529,-0.11206,-0.07193
21526,-0.01431,-0.58887,-0.18088
21527,-0.21649,-0.40906,-0.26639
21528,-0.53342,0.86884,-0.27972
21529,-0.80331,0.99997,-0.22321
21530,-0.90616,0.99997,-0.15628
21532,-0.88196,0.99997,-0.14655
21533,-0.89392,0.99997,-0.19492
21534,-1.00000,0.99997,-0.21436
21535,-1.00000,0.99997,-0.11389
21536,-1.00000,0.99997,0.07489
21538,-1.00000,0.99997,0.17853
21539,-0.99323,0.99997,0.04385
21540,-0.27185,0.51828,-0.25580
21541,0.46390,-1.00000,-0.42419
21542,0.84805,-1.00000,-0.23590
21544,0.50848,-1.00000,0.15161
21545,-0.71234,-1.00000,0.26782
21546,-1.00000,-1.00000,-0.15698
21547,-1.00000,-1.00000,-0.71033
21548,-1.00000,-1.00000,-0.45331
21550,-1.00000,-1.00000,0.99997
21551,-1.00000,-1.00000,0.99997
21552,0.22311,-1.00000,0.99997
21553,0.99997,-1.00000,0.99997
21554,0.99997,-0.38641,0.99997
21555,0.99997,0.99997,-1.00000
21557,0.98517,0.99997,-1.00000
21558,0.68192,0.99997,-1.00000
21559,0.66986,0.99997,-1.00000
21560,0.82910,0.99997,-1.00000
21561,0.99997,0.99997,-1.00000
21563,0.99997,0.99997,-1.00000
21564,0.99997,0.99997,-1.00000
21565,0.99997,0.99997,-1.00000
21566,0.99997,0.99997,-1.00000
21567,-0.18945,0.99997,-1.00000
21569,-1.00000,0.99997,-1.00000
21570,-1.00000,0.99997,0.99997
21571,-0.54645,0.99997,0.99997
21572,0.64166,-0.10910,0.99997
21573,0.99997,-1.00000,0.99997
21575,0.44171,-1.00000,0.99997
21576,-0.72214,-1.00000,0.30115
21577,-1.00000,-1.00000,0.51715
21578,-0.94681,-1.00000,0.99997
21579,0.08783,-1.00000,0.99997
21580,0.82712,-1.00000,0.99997
21582,0.73154,-1.00000,0.99997
21583,0.09250,-1.00000,0.99997
21584,-0.29373,-1.00000,0.99997
21585,0.15909,-1.00000,0.99997
21586,0.99997,-0.44708,0.99997
21588,0.99997,0.99997,0.99997
21589,0.99997,0.99997,0.99997
21590,0.99997,0.99997,0.99997
21591,0.99997,0.99997,0.99997
21592,0.99997,0.99997,0.99997
21594,0.99997,0.99997,0.33472
21595,0.99997,0.99997,-0.16907
21596,0.99997,0.55301,-0.33255
21597,0.99997,0.43188,-0.21207
21598,0.99997,0.53400,-0.00241
21600,0.99997,0.65170,0.12848
21601,0.99997,0.70001,0.13535
21602,0.99997,0.70969,0.06155
21603,0.99997,0.73611,-0.04794
21604,0.99997,0.78284,-0.18384
21605,0.99997,0.80670,-0.34534
21607,0.99997,0.78110,-0.51349
21608,0.99997,0.73758,-0.66473
21609,0.98578,0.73676,-0.79501
21610,0.89178,0.79956,-0.90863
21611,0.78989,0.87476,-0.98523
21613,0.73022,0.87985,-0.98206
21614,0.77664,0.77585,-0.88718
21615,0.95422,0.60272,-0.76395
21616,0.99997,0.44357,-0.71738
21617,0.99997,0.35593,-0.80005
21619,0.99997,0.33398,-0.95380
21620,0.99997,0.33008,-1.00000
21621,0.99997,0.30472,-1.00000
21622,0.99997,0.25510,-0.93237
21623,0.99997,0.20172,-0.83502
21625,0.99997,0.15677,-0.79553
21626,0.89520,0.11050,-0.77545
21627,0.62228,0.04703,-0.70831
21628,0.22797,-0.03146,-0.59033
21629,-0.12573,-0.09918,-0.49896
21630,-0.21863,-0.12637,-0.51797
21632,-0.00668,-0.10553,-0.64911
21633,0.22400,-0.06085,-0.80081
21634,-0.00272,-0.03314,-0.86322
21635,-0.95959,-0.05103,-0.79315
21636,-1.00000,-0.10962,-0.63339
21638,-1.00000,-0.17212,-0.46100
21639,-1.00000,-0.19617,-0.32407
21640,-1.00000,-0.16855,-0.22125
21641,-1.00000,-0.12122,-0.12811
21642,-0.18976,-0.10989,-0.03360
21644,0.80582,-0.16742,0.04593
21645,0.99997,-0.27139,0.07950
21646,0.99997,-0.36163,0.04544
21647,0.99997,-0.39780,-0.05115
21648,0.99997,-0.40073,-0.17920
21650,0.99997,-0.42841,-0.30161
21651,0.99997,-0.50443,-0.40134
21652,0.99997,-0.57791,-0.48959
21653,0.99997,-0.57550,-0.58215
21654,0.41385,-0.50537,-0.66501
21655,-0.98843,-0.49481,-0.69138
21657,-1.00000,-0.68860,-0.62891
21658,-1.00000,-1.00000,-0.51761
21659,-1.00000,-1.00000,-0.47043
21660,-0.74841,-1.00000,-0.59268
21661,-0.24777,-1.00000,-0.88107
21663,-0.29007,-1.00000,-1.00000
21664,-0.54520,-1.00000,-1.00000
21665,-0.51306,-1.00000,-1.00000
21666,0.04440,-1.00000,-1.00000
21667,0.92087,-1.00000,-0.79288
21669,0.99997,-1.00000,-0.61783
21670,0.99997,-1.00000,-0.53528
21671,0.99997,-0.73453,-0.48599
21672,0.20770,-0.30014,-0.44574
21673,-0.56412,-0.48431,-0.46265
21675,-0.80267,-1.00000,-0.59317
21676,-0.56812,-1.00000,-0.80881
21677,-0.29025,-1.00000,-0.98294
21678,-0.39145,-1.00000,-0.98480
21679,-0.88342,-0.63815,-0.79315
21680,-1.00000,0.03671,-0.51968
21682,-1.00000,0.81601,-0.32104
21683,-0.12146,0.99997,-0.28165
21684,0.99997,0.99997,-0.36285
21685,0.99997,0.99997,-0.44260
21686,0.99997,0.99997,-0.40173
21688,0.99997,0.99997,-0.20560
21689,0.99997,0.28137,0.05096
21690,0.09918,-0.31192,0.16568
21691,-0.71802,-0.26099,-0.05698
21692,-1.00000,0.28452,-0.64194
21694,-1.00000,0.92371,-1.00000
21695,-1.00000,0.99997,-1.00000
21696,-0.62067,0.99997,-1.00000
21697,0.66019,0.99997,-1.00000
21698,0.99997,0.99997,-1.00000
21700,0.99997,0.99997,-1.00000
21701,0.83960,0.99997,-1.00000
21702,-0.46533,0.74356,-1.00000
21703,-1.00000,0.14816,-1.00000
21704,-1.00000,-0.62872,-1.00000
21705,-0.99146,-1.00000,-0.71252
21707,-0.19016,-1.00000,-0.63202
21708,0.41489,-1.00000,-1.00000
21709,0.69266,-0.75735,-1.00000
21710,0.75656,-0.51138,-1.00000
21711,0.73834,-0.65875,-1.00000
21713,0.64471,-1.00000,-1.00000
21714,0.40768,-1.00000,-1.00000
21715,0.02951,-0.97534,-1.00000
21716,-0.34885,-0.11264,-1.00000
21717,-0.52698,0.99481,-1.00000
21719,-0.39804,0.99997,-1.00000
21720,-0.03885,0.99997,-0.83957
21721,0.34042,0.99997,-0.59116
21722,0.54990,0.96155,-0.50909
21723,0.55319,0.10037,-0.82281
21725,0.47034,-0.45108,-1.00000
21726,0.44656,-0.44553,-1.00000
21727,0.50790,0.15274,-1.00000
21728,0.54520,0.99997,-1.00000
21729,0.44919,0.99997,-1.00000
21730,0.25931,0.99997,-1.00000
21732,0.15753,0.99997,-1.00000
21733,0.29071,0.99997,-1.00000
21734,0.59567,0.35410,-0.86154
21735,0.81937,-0.45490,0.77206
21736,0.73590,-1.00000,0.99997
21738,0.35059,-1.00000,0.99997
21739,-0.11392,-1.00000,0.99997
21740,-0.43420,-1.00000,0.98898
21741,-0.58005,-1.00000,0.71323
21742,-0.69266,-1.00000,0.84497
21744,-0.88568,-0.11401,0.99997
21745,-1.00000,0.53012,0.99997
21746,-1.00000,0.65616,0.99997
21747,-0.88708,0.56650,0.88577
21748,-0.49307,0.68256,0.82812
21750,-0.20468,0.99997,0.99997
21751,-0.20499,0.99997,0.99997
21752,-0.45117,0.99997,0.99997
21753,-0.72449,0.99997,0.99997
21754,-0.81866,0.99997,0.99997
21755,-0.69107,0.99997,0.99997
21757,-0.45682,0.94150,0.99997
21758,-0.25879,0.77454,0.45016
21759,-0.14734,0.38666,-1.00000
21760,-0.07309,-0.20648,-1.00000
21761,0.02020,-0.74197,-1.00000
21763,0.10471,-0.90463,-1.00000
21764,0.07172,-0.57150,-0.87598
21765,-0.16757,0.08774,0.39682
21766,-0.57010,0.71631,0.99997
21767,-0.93750,0.99997,0.99997
21769,-1.00000,0.87601,0.99997
21770,-0.64288,0.58417,0.80435
21771,0.13144,0.52014,0.57541
21772,0.99997,0.95633,0.23740
21773,0.99997,0.99997,-0.27094
21775,0.99997,0.99997,-0.84628
21776,0.99997,0.99997,-1.00000
21777,0.99997,0.99997,-1.00000
21778,0.99997,0.99997,-1.00000
21779,0.99997,0.65805,-1.00000
21780,0.99997,-0.26440,-1.00000
21782,0.99997,-0.77719,-1.00000
21783,0.99997,-0.88034,-1.00000
21784,0.93408,-0.66376,-1.00000
21785,0.49567,-0.23108,-1.00000
21786,0.09061,0.29660,-0.60239
21788,-0.19019,0.76669,-0.19327
21789,-0.30557,0.99997,0.09613
21790,-0.28894,0.99997,0.22894
21791,-0.21686,0.85437,0.23804
21792,-0.14963,0.55151,0.19388
21794,-0.09644,0.23395,0.16055
21795,-0.03226,-0.03769,0.16446
21796,0.05762,-0.21509,0.18857
21797,0.15289,-0.26031,0.19247
21798,0.21439,-0.17786,0.14746
21800,0.21921,-0.03537,0.06485
21801,0.17908,0.07245,-0.00604
21802,0.12744,0.09421,-0.01382
21803,0.09286,0.05542,0.05142
21804,0.08282,0.02161,0.14688
21805,0.08673,0.03278,0.21262
21807,0.08789,0.07867,0.22308
21808,0.07346,0.13086,0.20609
21809,0.03864,0.18307,0.20966
21810,-0.01187,0.24976,0.24988
21811,-0.06467,0.32950,0.29089
21813,-0.10257,0.38406,0.27661
21814,-0.11343,0.36505,0.18372
21815,-0.09763,0.26245,0.04678
21816,-0.06812,0.12256,-0.06613
21817,-0.04205,0.01309,-0.10397
21819,-0.03018,-0.03101,-0.06714
21820,-0.03128,-0.02954,-0.00061
21821,-0.03537,-0.02679,0.04410
21822,-0.03302,-0.04153,0.04599
21823,-0.02386,-0.04813,0.02301
21825,-0.01755,-0.00760,0.00925
21826,-0.02493,0.08231,0.02203
21827,-0.04684,0.17047,0.04718
21828,-0.07193,0.19022,0.05243
21829,-0.08939,0.11844,0.01389
21830,-0.10648,-0.00168,-0.06958
21832,-0.15173,-0.09885,-0.18396
21833,-0.25446,-0.13794,-0.31528
21834,-0.41699,-0.14624,-0.45239
21835,-0.60678,-0.17517,-0.57642
21836,-0.77621,-0.23682,-0.65692
21838,-0.88910,-0.28372,-0.66919
21839,-0.92755,-0.25613,-0.61926
21840,-0.88489,-0.14948,-0.54819
21841,-0.77225,-0.02939,-0.50391
21842,-0.64462,0.02643,-0.50562
21844,-0.60327,0.00189,-0.53522
21845,-0.73096,-0.04556,-0.56305
21846,-0.98871,-0.05121,-0.57870
21847,-1.00000,-0.01965,-0.59427
21848,-1.00000,-0.02859,-0.62000
21850,-0.52579,-0.14893,-0.64340
21851,0.27066,-0.35822,-0.63742
21852,0.99997,-0.53821,-0.58847
21853,0.99997,-0.56894,-0.51483
21854,0.99997,-0.43637,-0.45660
21855,0.99997,-0.25302,-0.44949
21857,0.99997,-0.16916,-0.50540
21858,0.99997,-0.25220,-0.61032
21859,0.99997,-0.43985,-0.73157
21860,0.99997,-0.60425,-0.82724
21861,0.99997,-0.66238,-0.86060
21863,0.99997,-0.63095,-0.82184
21864,0.99997,-0.58142,-0.74368
21865,0.99997,-0.54910,-0.68832
21866,0.99997,-0.49356,-0.70316
21867,0.99997,-0.35349,-0.77634
21869,0.99997,-0.13971,-0.83514
21870,0.99997,0.03528,-0.79825
21871,0.99997,0.03552,-0.64175
21872,0.99997,-0.17697,-0.41949
21873,0.99997,-0.49252,-0.21631
21875,0.99997,-0.72818,-0.07648
21876,0.99997,-0.76105,0.02274
21877,0.99997,-0.60031,0.12338
21878,0.99997,-0.34070,0.21365
21879,0.99997,-0.05713,0.21158
21880,0.99997,0.24939,0.03812
21882,0.99997,0.61029,-0.28339
21883,0.99997,0.99997,-0.60876
21884,0.99997,0.99997,-0.77826
21885,0.99997,0.99997,-0.76172
21886,0.99997,0.99997,-0.69977
21888,0.90207,0.99997,-0.77930
21889,0.88077,0.99997,-1.00000
21890,0.99997,0.99997,-1.00000
21891,0.99997,0.99997,-1.00000
21892,0.99997,0.99997,-0.91721
21894,0.99997,0.99997,-0.24976
21895,0.99997,0.38174,0.38321
21896,0.32385,-0.14151,0.72540
21897,-0.61514,-0.31473,0.73102
21898,-1.00000,-0.28070,0.54376
21900,-1.00000,-0.23923,0.34470
21901,-1.00000,-0.29382,0.22037
21902,-1.00000,-0.41196,0.14902
21903,-1.00000,-0.49841,0.07672
21904,-1.00000,-0.48959,-0.01202
21905,-1.00000,-0.38806,-0.08655
21907,-1.00000,-0.23727,-0.10599
21908,-1.00000,-0.08527,-0.05093
21909,-1.00000,0.03140,0.07007
21910,-1.00000,0.09253,0.22620
21911,-1.00000,0.10403,0.36972
21913,-1.00000,0.10275,0.44778
21914,-1.00000,0.13446,0.42801
21915,-1.00000,0.21271,0.32526
21916,-1.00000,0.29880,0.20209
21917,-1.00000,0.33270,0.13199
21919,-1.00000,0.29260,0.14996
21920,-1.00000,0.22284,0.22995
21921,-1.00000,0.19604,0.30899
21922,-1.00000,0.24265,0.33609
21923,-1.00000,0.32065,0.30478
21925,-1.00000,0.35983,0.24368
21926,-1.00000,0.33597,0.18143
21927,-1.00000,0.29388,0.12265
21928,-1.00000,0.28925,0.05789
21929,-1.00000,0.30902,-0.00937
21930,-0.91721,0.26407,-0.05457
21932,-0.79831,0.07852,-0.05777
21933,-0.71811,-0.20520,-0.03732
21934,-0.69299,-0.41974,-0.05020
21935,-0.73581,-0.39270,-0.14938
21936,-0.84131,-0.09573,-0.33429
21938,-0.97568,0.31335,-0.54288
21939,-1.00000,0.60065,-0.69574
21940,-1.00000,0.62509,-0.75238
21941,-1.00000,0.42548,-0.73013
21942,-1.00000,0.16330,-0.67450
21944,-1.00000,-0.01266,-0.61490
21945,-1.00000,-0.06165,-0.54703
21946,-1.00000,-0.04260,-0.45145
21947,-1.00000,-0.03412,-0.32431
21948,-1.00000,-0.06174,-0.19193
21950,-0.76132,-0.08484,-0.10135
21951,0.05750,-0.03955,-0.09567
21952,0.99997,0.10046,-0.18768
21953,0.99997,0.28690,-0.34372
21954,0.99997,0.40735,-0.48923
21955,0.99997,0.34384,-0.54196
21957,0.99997,0.05096,-0.46063
21958,0.99997,-0.39508,-0.27643
21959,0.54916,-0.81503,-0.08078
21960,-0.10083,-1.00000,0.02832
21961,-0.02744,-0.88644,0.00565
21963,0.06189,-0.49182,-0.11658
21964,-0.50507,-0.03049,-0.25253
21965,-1.00000,0.25204,-0.31638
21966,-1.00000,0.20197,-0.27008
21967,-1.00000,-0.14801,-0.13727
21969,-1.00000,-0.59485,0.02176
21970,-1.00000,-0.90002,0.15256
21971,-1.00000,-0.95966,0.23114
21972,-1.00000,-0.87637,0.25165
21973,-1.00000,-0.85880,0.19928
21975,-1.00000,-1.00000,0.05386
21976,-1.00000,-1.00000,-0.15857
21977,-1.00000,-1.00000,-0.31766
21978,-1.00000,-0.88297,-0.24210
21979,-1.00000,-0.17462,0.18033
21980,-1.00000,0.57703,0.86334
21982,-1.00000,0.99997,0.99997
21983,-1.00000,0.99997,0.99997
21984,-1.00000,0.99997,0.99997
21985,-1.00000,0.99997,0.99997
21986,-1.00000,0.99997,0.67960
21988,-1.00000,0.99997,0.24213
21989,-1.00000,0.99997,-0.03595
21990,-1.00000,0.99997,-0.23230
21991,-1.00000,0.99997,-0.41718
21992,-1.00000,0.99997,-0.58719
21994,-1.00000,0.99997,-0.70053
21995,-1.00000,0.99997,-0.74698
21996,-1.00000,0.99997,-0.76624
21997,-1.00000,0.99997,-0.79974
21998,-0.37350,0.99997,-0.83698
22000,0.99997,0.99997,-0.81873
22001,0.99997,0.99997,-0.69562
22002,0.99997,0.99997,-0.48199
22003,0.99997,0.99997,-0.25009
22004,0.99997,0.99997,-0.06592
22005,0.83823,0.99997,0.07233
22007,0.63553,0.99997,0.23117
22008,0.43225,-1.00000,0.46820
22009,0.10898,-1.00000,0.75266
22010,-0.24432,-1.00000,0.96219
22011,-0.46570,-1.00000,0.97415
22013,-0.49661,-1.00000,0.77792
22014,-0.42346,-1.00000,0.50085
22015,-0.38138,-1.00000,0.31152
22016,-0.43945,-1.00000,0.28085
22017,-0.56653,-1.00000,0.33038
22019,-0.67825,-1.00000,0.32022
22020,-0.70377,0.99997,0.19501
22021,-0.62448,0.99997,0.04431
22022,-0.47650,0.99997,0.01407
22023,-0.32806,0.99997,0.15323
22025,-0.24231,0.99997,0.34897
22026,-0.24146,0.99997,0.42401
22027,-0.29565,0.99997,0.31091
22028,-0.34885,0.99997,0.13669
22029,-0.36331,0.99997,0.12701
22030,-0.34363,0.99997,0.40533
22032,-0.31912,0.99997,0.86340
22033,-0.30658,0.99997,0.99997
22034,-0.29449,0.99997,0.99997
22035,-0.26447,0.99997,0.87375
22036,-0.22198,0.99997,0.33273
22038,-0.19702,0.99997,-0.11765
22039,-0.20950,0.99997,-0.32086
22040,-0.23843,0.99997,-0.30841
22041,-0.23581,0.99997,-0.22543
22042,-0.17947,0.99997,-0.19376
22044,-0.11310,0.99997,-0.23083
22045,-0.12363,0.29138,-0.27539
22046,-0.26486,-0.24612,-0.27017
22047,-0.49136,-0.16144,-0.21725
22048,-0.66760,0.48938,-0.16400
22050,-0.65442,0.99997,-0.15073
22051,-0.40897,0.99997,-0.17905
22052,-0.01999,0.99997,-0.22470
22053,0.34824,0.51779,-0.26959
22054,0.56149,-0.29422,-0.31500
22055,0.59482,-0.91760,-0.36914
22057,0.53229,-1.00000,-0.43362
22058,0.48904,-1.00000,-0.50534
22059,0.51346,-1.00000,-0.58228
22060,0.54883,-0.65900,-0.65451
22061,0.50058,0.14365,-0.68875
22063,0.36737,0.57846,-0.63788
22064,0.31381,0.25131,-0.48541
22065,0.57449,-0.58163,-0.28476
22066,0.99997,-1.00000,-0.13910
22067,0.99997,-0.56934,-0.12177
22069,0.99997,0.75427,-0.20621
22070,0.99997,0.99997,-0.28067
22071,0.99997,0.99997,-0.24301
22072,0.64447,0.07077,-0.08963
22073,0.45685,-1.00000,0.08432
22075,0.99997,-1.00000,0.16818
22076,0.99997,-1.00000,0.11963
22077,0.99997,-1.00000,-0.02200
22078,0.99997,-0.96387,-0.18570
22079,0.99997,-0.95267,-0.31860
22080,0.99997,-1.00000,-0.39700
22082,0.99997,-0.74753,-0.41498
22083,0.99997,0.16180,-0.38464
22084,0.99997,0.99997,-0.34686
22085,0.73721,0.99997,-0.35892
22086,0.07178,0.30801,-0.45032
22088,-0.64172,-0.95535,-0.58545
22089,-1.00000,-1.00000,-0.68051
22090,-1.00000,-1.00000,-0.67010
22091,-0.89545,-0.30032,-0.56262
22092,-0.56949,0.80197,-0.42981
22094,-0.57916,0.99997,-0.34045
22095,-1.00000,0.22653,-0.30328
22096,-1.00000,-1.00000,-0.27173
22097,-1.00000,-1.00000,-0.19992
22098,-1.00000,-1.00000,-0.09131
22100,-1.00000,-1.00000,0.00528
22101,-1.00000,-0.44397,0.04379
22102,-1.00000,0.67633,0.02502
22103,-1.00000,0.99997,-0.00348
22104,-0.97052,0.99997,0.01126
22105,-0.46835,0.75989,0.08249
22107,0.25034,0.11328,0.17307
22108,0.90588,-0.45255,0.22504
22109,0.99997,-0.86099,0.20380
22110,0.86508,-1.00000,0.12231
22111,0.29028,-1.00000,0.02948
22113,-0.11691,-1.00000,-0.02451
22114,-0.06671,-1.00000,-0.01865
22115,0.30319,-0.83475,0.03262
22116,0.54974,-0.13657,0.09708
22117,0.35010,0.15793,0.14819
22119,-0.16669,-0.25320,0.17609
22120,-0.51602,-1.00000,0.17941
22121,-0.30402,-1.00000,0.15082
22122,0.40079,-1.00000,0.07547
22123,0.99997,-1.00000,-0.04999
22125,0.99997,0.01596,-0.19348
22126,0.99997,0.82422,-0.28638
22127,0.39972,0.99997,-0.25824
22128,-0.07449,0.77383,-0.08670
22129,-0.12900,0.32901,0.17746
22130,0.20450,-0.06076,0.43515
22132,0.65509,-0.35477,0.59738
22133,0.87762,-0.62485,0.63422
22134,0.65115,-0.90485,0.58200
22135,0.04871,-1.00000,0.51175
22136,-0.53973,-1.00000,0.48636
22138,-0.63626,-0.57626,0.53287
22139,-0.06958,0.13431,0.63611
22140,0.78516,0.67972,0.75015
22141,0.99997,0.56345,0.82034
22142,0.75388,-0.38089,0.81003
22144,-0.34927,-1.00000,0.71841
22145,-1.00000,-1.00000,0.57632
22146,-1.00000,-1.00000,0.41971
22147,-0.06403,-0.46094,0.26123
22148,0.99997,0.99997,0.08667
22150,0.99997,0.99997,-0.11777
22151,0.99557,0.99997,-0.33282
22152,-0.30124,0.90652,-0.50565
22153,-1.00000,-0.52985,-0.59372
22154,-1.00000,-1.00000,-0.61853
22155,-1.00000,-1.00000,-0.67053
22157,-1.00000,-0.96265,-0.83994
22158,-0.85165,-0.86588,-1.00000
22159,-0.46078,-0.90057,-1.00000
22160,0.21524,-0.72141,-1.00000
22161,0.93185,-0.23001,-1.00000
22163,0.99997,0.16196,-0.93237
22164,0.56979,-0.10715,-0.59097
22165,-0.35831,-1.00000,-0.35254
22166,-0.78513,-1.00000,-0.17203
22167,-0.20755,-1.00000,0.04459
22169,0.96906,-1.00000,0.28326
22170,0.99997,-0.26086,0.38058
22171,0.99997,0.70175,0.16437
22172,-0.20010,0.66278,-0.35571
22173,-1.00000,-0.13013,-0.94708
22175,-1.00000,-0.91162,-1.00000
22176,-1.00000,-1.00000,-1.00000
22177,-0.13647,-0.72571,-1.00000
22178,0.55313,-0.30121,-0.79993
22179,0.44702,-0.25589,-0.54398
22180,-0.06711,-0.54224,-0.32730
22182,-0.33563,-0.70230,-0.11566
22183,-0.04367,-0.32663,0.05817
22184,0.55139,0.50858,0.12509
22185,0.90051,0.99997,0.09265
22186,0.66055,0.99997,0.08533
22188,-0.02914,0.11035,0.23132
22189,-0.69257,-1.00000,0.49643
22190,-0.90686,-1.00000,0.65244
22191,-0.57727,-1.00000,0.45013
22192,0.10165,-1.00000,-0.14340
22194,0.87576,-1.00000,-0.86841
22195,0.99997,-0.99725,-1.00000
22196,0.99997,-0.91656,-1.00000
22197,0.99997,-0.97897,-1.00000
22198,0.99997,-0.90518,-0.63272
22200,0.68411,-0.68570,-0.49353
22201,-0.61017,-0.56210,-0.68518
22202,-1.00000,-0.75174,-1.00000
22203,-1.00000,-1.00000,-1.00000
22204,-1.00000,-1.00000,-1.00000
22205,-1.00000,-1.00000,-1.00000
22207,-1.00000,-0.48007,-0.97269
22208,-1.00000,0.54144,-0.49542
22209,-1.00000,0.99997,-0.20154
22210,-1.00000,0.91135,-0.21014
22211,-1.00000,-0.09375,-0.39853
22213,-1.00000,-1.00000,-0.46228
22214,0.99997,-1.00000,-0.16248
22215,0.99997,-1.00000,0.43759
22216,0.99997,-1.00000,0.98279
22217,0.99997,-1.00000,0.99997
22219,0.99997,-1.00000,0.75363
22220,0.99997,-1.00000,0.20551
22221,0.99997,-0.49881,-0.15482
22222,0.99997,0.52277,-0.17218
22223,0.99997,0.99997,-0.00012
22225,0.99997,0.99997,0.10071
22226,0.99997,0.99997,0.02325
22227,0.99997,0.08694,-0.11957
22228,0.99997,-0.94717,-0.15457
22229,0.99997,-1.00000,-0.03928
22230,0.99997,-0.64603,0.11469
22232,0.99997,0.38397,0.18661
22233,0.99997,0.99997,0.18597
22234,0.99997,0.73459,0.23273
22235,0.99997,-0.43988,0.40289
22236,-0.55551,-1.00000,0.60669
22238,-1.00000,-1.00000,0.63538
22239,-1.00000,-1.00000,0.34485
22240,-1.00000,0.02017,-0.19638
22241,-1.00000,0.99997,-0.74512
22242,-1.00000,0.99997,-1.00000
22244,-1.00000,0.99997,-1.00000
22245,-1.00000,0.99997,-1.00000
22246,-1.00000,0.99997,-1.00000
22247,-1.00000,0.32608,-1.00000
22248,-1.00000,-0.58591,-1.00000
22250,-1.00000,-1.00000,-1.00000
22251,-1.00000,-1.00000,-1.00000
22252,-1.00000,-0.69785,-1.00000
22253,-1.00000,0.06177,-1.00000
22254,-1.00000,0.83389,-1.00000
22255,-1.00000,0.99997,-1.00000
22257,-1.00000,0.99997,-0.11743
22258,-1.00000,0.99997,0.99997
22259,-0.05927,0.99997,0.99997
22260,0.39896,0.99997,0.99997
22261,-0.23724,0.69794,0.99997
22263,-1.00000,-0.21542,0.99997
22264,-1.00000,-1.00000,0.99997
22265,-1.00000,-1.00000,0.99997
22266,-1.00000,-1.00000,0.99997
22267,-1.00000,-1.00000,0.99997
22269,-1.00000,-1.00000,0.86594
22270,-1.00000,-1.00000,-1.00000
22271,-1.00000,-1.00000,-1.00000
22272,-1.00000,-0.61661,-1.00000
22273,-1.00000,-0.05161,-1.00000
22275,-1.00000,0.53467,-1.00000
22276,-1.00000,0.92657,-1.00000
22277,-0.71265,0.99997,-1.00000
22278,0.86789,0.99997,-1.00000
22279,0.99997,0.99997,-1.00000
22280,0.99997,0.99997,0.99997
22282,0.99997,0.99997,0.99997
22283,0.99997,0.99997,0.99997
22284,0.99997,0.99997,0.99997
22285,0.99997,0.99997,0.99997
22286,0.99997,0.99997,0.99997
22288,0.99997,0.99997,0.99997
22289,0.99997,0.99997,0.99997
22290,0.99997,0.99997,-1.00000
22291,0.99997,0.99997,-1.00000
22292,0.99997,0.99997,-1.00000
22294,0.99997,0.99997,-1.00000
22295,0.99997,0.99997,-1.00000
22296,0.99997,0.99997,-1.00000
22297,0.99997,0.99997,-1.00000
22298,0.99997,0.99997,-1.00000
22300,0.99997,0.99997,-1.00000
22301,0.99997,0.99997,-1.00000
22302,0.99997,0.99997,-1.00000
22303,0.89191,-0.52283,-1.00000
22304,0.59839,-1.00000,-1.00000
22305,0.52185,-1.00000,-1.00000
22307,0.55344,0.08862,0.99997
22308,0.52875,0.99997,0.99997
22309,0.38959,0.99997,0.99997
22310,0.21454,0.99997,0.99997
22311,0.11407,0.99997,0.99997
22313,0.11533,0.99997,0.99997
22314,0.14865,0.99997,0.99997
22315,0.13058,0.99997,0.99997
22316,0.04520,0.99997,0.99997
22317,-0.05679,0.91962,0.99997
22319,-0.13089,-0.66901,-0.61203
22320,-0.20233,-1.00000,-1.00000
22321,-0.35495,-1.00000,-1.00000
22322,-0.65536,-0.21524,-0.14539
22323,-1.00000,0.37347,0.99997
22325,-1.00000,0.21838,0.99997
22326,-1.00000,-0.34204,0.99997
22327,-1.00000,-0.56952,0.99997
22328,-1.00000,0.00500,0.99997
22329,-1.00000,0.99997,0.99997
22330,-1.00000,0.99997,0.99997
22332,-1.00000,0.99997,0.99997
22333,-1.00000,0.99997,0.99997
22334,-1.00000,0.99997,0.99997
22335,-1.00000,0.04343,0.99997
22336,-1.00000,-0.63351,0.99997
22338,-1.00000,-0.79724,0.99997
22339,-1.00000,-0.60410,0.99997
22340,-1.00000,-0.25974,0.99997
22341,-1.00000,0.12790,0.56256
22342,-0.78278,0.51382,-0.62140
22344,0.40231,0.76285,-0.57184
22345,0.99997,0.57852,0.06070
22346,0.99997,-0.33392,0.19400
22347,0.99997,-1.00000,-0.70657
22348,0.99997,-1.00000,-1.00000
22350,0.99997,-1.00000,-1.00000
22351,0.99997,-1.00000,-1.00000
22352,0.99997,-1.00000,0.24927
22353,0.99997,-0.96002,0.99997
22354,0.99997,0.99997,0.99997
22355,0.99997,0.99997,0.99997
22357,0.99997,0.99997,-0.35089
22358,0.99997,0.99997,-1.00000
22359,0.99997,-0.01999,-1.00000
22360,0.99997,-0.60495,-1.00000
22361,0.93793,-0.55969,-0.85767
22363,0.80713,-0.18781,-0.67133
22364,0.66827,-0.02112,-1.00000
22365,0.49847,-0.34796,-1.00000
22366,0.29645,-0.92468,-1.00000
22367,0.11340,-1.00000,-1.00000
22369,0.03452,-0.97153,-0.59201
22370,0.10629,-0.63696,-0.19116
22371,0.27539,-0.90887,-0.63745
22372,0.40762,-1.00000,-1.00000
22373,0.38315,-1.00000,-1.00000
22375,0.19122,-1.00000,-0.61020
22376,-0.05814,-0.33707,0.99997
22377,-0.21759,0.99997,0.99997
22378,-0.21338,0.99997,0.99997
22379,-0.09412,0.99997,0.99997
22380,0.01706,0.99997,0.99997
22382,0.02179,0.99997,0.99997
22383,-0.08655,0.99997,0.99997
22384,-0.23706,0.99997,0.99997
22385,-0.35248,0.99997,0.99997
22386,-0.40689,0.80878,0.99997
22388,-0.42310,-1.00000,0.64346
22389,-0.42621,-1.00000,-1.00000
22390,-0.41028,-1.00000,-1.00000
22391,-0.35294,-1.00000,-1.00000
22392,-0.25623,-1.00000,-0.39084
22394,-0.16284,-1.00000,-0.23111
22395,-0.12482,-1.00000,-1.00000
22396,-0.15594,-1.00000,-1.00000
22397,-0.21664,-1.00000,-1.00000
22398,-0.24734,-1.00000,-1.00000
22400,-0.21634,-1.00000,-1.00000
22401,-0.13800,-1.00000,-1.00000
22402,-0.05084,-1.00000,-1.00000
22403,0.01593,-1.00000,-1.00000
22404,0.05453,-1.00000,-1.00000
22405,0.06665,-1.00000,-1.00000
22407,0.05078,-1.00000,-1.00000
22408,0.00644,-0.41745,-1.00000
22409,-0.05280,0.99997,-1.00000
22410,-0.09866,0.99997,-1.00000
22411,-0.10709,0.99997,-1.00000
22413,-0.07907,0.99997,-1.00000
22414,-0.04126,0.99997,-1.00000
22415,-0.02332,0.99997,-1.00000
22416,-0.03333,0.99997,-1.00000
22417,-0.05371,0.99997,-1.00000
22419,-0.05936,0.99997,-1.00000
22420,-0.03867,0.99997,-1.00000
22421,0.00162,0.99997,-1.00000
22422,0.04761,0.99997,-1.00000
22423,0.08835,0.99997,0.99997
22425,0.11328,0.99997,0.99997
22426,0.10373,0.99997,0.99997
22427,0.03705,0.99997,0.99997
22428,-0.09161,0.99997,0.99997
22429,-0.24948,0.99997,0.05222
22430,-0.37448,0.99997,-1.00000
22432,-0.41434,0.99997,-1.00000
22433,-0.36569,0.99997,-1.00000
22434,-0.27505,0.99997,-1.00000
22435,-0.19775,0.99997,-1.00000
22436,-0.15366,0.99997,-0.07666
22438,-0.12378,0.72305,0.99997
22439,-0.09018,-0.67874,0.99997
22440,-0.07208,-1.00000,0.99997
22441,-0.11230,-1.00000,-0.70764
22442,-0.22098,-1.00000,-1.00000
22444,-0.33704,-1.00000,-1.00000
22445,-0.35858,-1.00000,-1.00000
22446,-0.22586,-1.00000,0.99997
22447,0.01828,-1.00000,0.99997
22448,0.25171,0.75299,0.99997
22450,0.36432,0.99997,0.99997
22451,0.33771,0.99997,-0.72043
22452,0.24460,0.93762,-1.00000
22453,0.17657,-1.00000,-1.00000
22454,0.17017,-1.00000,-1.00000
22455,0.19376,-1.00000,-1.00000
22457,0.19470,-1.00000,-1.00000
22458,0.15195,-1.00000,-1.00000
22459,0.08685,-1.00000,-1.00000
22460,0.03256,-1.00000,-1.00000
22461,0.00064,-1.00000,-1.00000
22463,-0.02234,-1.00000,0.15521
22464,-0.05200,-1.00000,0.52090
22465,-0.08514,-1.00000,-0.31937
22466,-0.10233,-1.00000,-1.00000
22467,-0.08826,-1.00000,-1.00000
22469,-0.04843,-1.00000,0.70590
22470,-0.00568,-1.00000,0.99997
22471,0.01880,-1.00000,0.99997
22472,0.02249,-1.00000,0.99997
22473,0.02206,0.96448,0.99997
22475,0.03802,0.99997,0.99997
22476,0.07773,0.99997,0.99997
22477,0.13016,-0.46158,0.99997
22478,0.17566,-1.00000,0.99997
22479,0.20062,-1.00000,0.99997
22480,0.20453,-0.68686,0.99997
22482,0.19458,0.72900,0.99997
22483,0.17538,0.99997,0.99997
22484,0.14441,0.29071,0.99997
22485,0.09805,-1.00000,0.99997
22486,0.04196,-1.00000,0.99997
22488,-0.00644,-1.00000,0.56033
22489,-0.02707,0.48172,-0.40192
22490,-0.01160,0.99997,-0.29156
22491,0.02988,0.99997,0.99997
22492,0.07587,0.72321,0.99997
22494,0.10858,-0.54077,0.99997
22495,0.12384,-1.00000,0.99997
22496,0.12833,-1.00000,-0.24948
22497,0.12918,-1.00000,-1.00000
22498,0.12646,-1.00000,-1.00000
22500,0.11472,-1.00000,-1.00000
22501,0.09052,-1.00000,-1.00000
22502,0.05774,-1.00000,-1.00000
22503,0.02682,-1.00000,-1.00000
22504,0.00928,-1.00000,-1.00000
22505,0.01196,-0.51544,-1.00000
22507,0.03329,-0.85291,-1.00000
22508,0.06323,-1.00000,-1.00000
22509,0.08823,-1.00000,-1.00000
22510,0.09949,-0.03427,-1.00000
22511,0.09842,0.99997,-1.00000
22513,0.09341,0.99997,-1.00000
22514,0.08969,0.99997,-1.00000
22515,0.08246,0.99997,-1.00000
22516,0.06247,0.67920,-1.00000
22517,0.02802,0.08014,-1.00000
22519,-0.01016,0.54410,-1.00000
22520,-0.03885,0.99997,-1.00000
22521,-0.05765,0.99997,-1.00000
22522,-0.08255,0.99997,-1.00000
22523,-0.13309,0.19189,-1.00000
22525,-0.21494,-1.00000,-1.00000
22526,-0.31400,-1.00000,-1.00000
22527,-0.40326,-0.80518,-1.00000
22528,-0.45340,0.19360,-1.00000
22529,-0.44202,0.64850,-1.00000
22530,-0.36533,0.26065,-1.00000
22532,-0.25232,-0.47983,-1.00000
22533,-0.16611,-0.90332,-1.00000
22534,-0.17606,-0.93945,-1.00000
22535,-0.30948,-1.00000,-1.00000
22536,-0.52185,-1.00000,-1.00000
22538,-0.72131,-1.00000,-1.00000
22539,-0.83569,-1.00000,-1.00000
22540,-0.86560,-1.00000,-1.00000
22541,-0.87244,0.99997,-1.00000
22542,-0.91037,0.99997,-1.00000
22544,-0.96945,0.99997,-1.00000
22545,-0.98938,0.99997,0.99997
22546,-0.93250,0.35330,0.99997
22547,-0.83868,-1.00000,0.99997
22548,-0.79648,-1.00000,0.99997
22550,-0.84918,-0.80957,0.99997
22551,-0.93317,-0.28998,0.99997
22552,-0.92679,-0.30896,0.99997
22553,-0.78137,-0.51761,0.99997
22554,-0.60992,-0.27289,0.99997
22555,-0.63058,0.68738,0.99997
22557,-0.99268,0.99997,0.99997
22558,-1.00000,0.99997,0.72321
22559,-1.00000,0.99997,-1.00000
22560,-1.00000,0.08206,-1.00000
22561,-1.00000,-1.00000,-1.00000
22563,-1.00000,-1.00000,-1.00000
22564,-1.00000,-1.00000,-1.00000
22565,-1.00000,-1.00000,-1.00000
22566,-1.00000,-1.00000,-1.00000
22567,-1.00000,-1.00000,-1.00000
22569,-1.00000,-1.00000,-1.00000
22570,-1.00000,-1.00000,-1.00000
22571,-1.00000,-1.00000,-1.00000
22572,-1.00000,-1.00000,-1.00000
22573,-0.02316,-1.00000,-0.23370
22575,0.99997,-1.00000,0.99997
22576,0.99997,-1.00000,0.99997
22577,0.99997,-1.00000,0.99997
22578,0.99997,-1.00000,0.99997
22579,0.99997,0.99997,-1.00000
22580,0.99997,0.99997,-1.00000
22582,0.99997,0.99997,-1.00000
22583,0.99997,0.99997,-1.00000
22584,0.99997,0.99997,-0.90820
22585,0.99997,-0.66629,0.99997
22586,0.99997,-1.00000,0.99997
22588,0.75238,0.21539,0.99997
22589,0.49915,0.99997,0.99997
22590,0.34866,0.99997,0.99997
22591,0.27304,0.99997,0.99997
22592,0.21298,0.82797,0.99997
22594,0.14093,-0.35745,0.99997
22595,0.07516,-1.00000,0.99997
22596,0.04233,-1.00000,0.99997
22597,0.03720,-1.00000,0.99997
22598,0.02191,-1.00000,0.99997
22600,-0.03812,-1.00000,0.64255
22601,-0.14139,-1.00000,-1.00000
22602,-0.25177,-0.60364,-1.00000
22603,-0.32996,0.31470,-1.00000
22604,-0.36282,0.68652,-1.00000
22605,-0.36560,0.27069,-1.00000
22607,-0.35986,-0.68338,-1.00000
22608,-0.35233,-1.00000,-1.00000
22609,-0.33459,-1.00000,-0.55966
22610,-0.30048,-1.00000,0.97388
22611,-0.25952,-0.64981,0.74255
22613,-0.23032,0.00928,-0.92035
22614,-0.22031,0.27841,-1.00000
22615,-0.21692,0.18176,-1.00000
22616,-0.20425,-0.14554,-1.00000
22617,-0.18958,-0.61093,-1.00000
22619,-0.20834,-1.00000,-1.00000
22620,-0.29678,-1.00000,-1.00000
22621,-0.45844,-1.00000,-1.00000
22622,-0.65924,-1.00000,-1.00000
22623,-0.85263,-1.00000,0.61502
22625,-1.00000,-0.71567,0.99997
22626,-1.00000,-0.32248,0.99997
22627,-1.00000,0.08261,0.06445
22628,-0.89682,0.37271,-1.00000
22629,-0.77115,0.26672,-1.00000
22630,-0.79272,-0.37393,-1.00000
22632,-1.00000,-1.00000,-0.16452
22633,-1.00000,-1.00000,0.99997
22634,-1.00000,-1.00000,0.99997
22635,-1.00000,-0.94400,0.99997
22636,-0.72241,-0.43527,0.99997
22638,-0.74377,-0.58344,-0.16833
22639,-1.00000,-1.00000,-1.00000
22640,-1.00000,-1.00000,-1.00000
22641,-1.00000,-1.00000,-1.00000
22642,0.39383,0.00064,-1.00000
22644,0.99997,0.99997,-1.00000
22645,0.99997,0.99997,-1.00000
22646,0.64038,0.99997,-1.00000
22647,-1.00000,-0.21457,-1.00000
22648,-1.00000,-1.00000,-1.00000
22650,-1.00000,-1.00000,-1.00000
22651,-1.00000,-0.20868,-1.00000
22652,0.99997,0.91870,-1.00000
22653,0.99997,0.99997,-1.00000
22654,0.99997,0.99442,-1.00000
22655,0.99997,0.43118,0.99997
22657,0.99997,0.59369,0.99997
22658,0.24509,0.99997,0.99997
22659,-0.48288,0.99997,0.99997
22660,-0.93478,0.99997,0.99997
22661,-1.00000,0.99997,0.52786
22663,-1.00000,0.99997,-1.00000
22664,-1.00000,0.18884,-1.00000
22665,-1.00000,-1.00000,-1.00000
22666,-1.00000,-1.00000,-1.00000
22667,-0.71075,-1.00000,-1.00000
22669,-0.45163,-1.00000,-1.00000
22670,-0.44818,-0.22473,-1.00000
22671,-0.55872,0.31705,-1.00000
22672,-0.62009,0.80646,-1.00000
22673,-0.57028,0.99997,-1.00000
22675,-0.45163,0.99997,-1.00000
22676,-0.32422,0.99997,-1.00000
22677,-0.19504,0.99997,-1.00000
22678,-0.03143,-0.94016,-1.00000
22679,0.17450,-1.00000,-1.00000
22680,0.37912,-1.00000,-1.00000
22682,0.53610,-0.70258,-1.00000
22683,0.66013,0.98727,-1.00000
22684,0.81726,0.99997,-1.00000
22685,0.99997,-0.15875,-1.00000
22686,0.99997,-1.00000,-1.00000
22688,0.99997,-1.00000,0.52026
22689,0.99997,-1.00000,0.99997
22690,0.58923,-1.00000,0.99997
22691,0.15115,-1.00000,0.99997
22692,-0.14868,-1.00000,0.99997
22694,-0.30704,-1.00000,0.99997
22695,-0.42831,-1.00000,0.99997
22696,-0.59326,-1.00000,0.99997
22697,-0.76965,-0.11060,0.99997
22698,-0.84808,0.99997,0.99997
22700,-0.75165,0.99997,0.99997
22701,-0.50369,0.40256,0.99997
22702,-0.19876,-0.12479,0.99997
22703,0.07529,0.47928,0.99997
22704,0.28308,0.99997,0.99997
22705,0.42874,0.99997,0.99997
22707,0.52014,0.99997,0.99997
22708,0.55051,0.99997,0.99997
22709,0.50031,0.95410,0.99997
22710,0.34409,-0.87085,0.99997
22711,0.06216,-1.00000,0.99997
22713,-0.33319,-1.00000,0.99997
22714,-0.77103,-0.43362,0.99997
22715,-1.00000,0.50302,0.99997
22716,-1.00000,0.99814,0.99997
22717,-1.00000,0.99997,0.99997
22719,-1.00000,0.99997,0.99997
22720,-1.00000,0.99997,0.99997
22721,-1.00000,0.99997,0.99997
22722,-1.00000,0.99997,0.99997
22723,-1.00000,0.99997,0.99997
22725,-0.93161,0.99997,0.99997
22726,-0.67838,-1.00000,0.99997
22727,-0.46640,-1.00000,0.99997
22728,-0.39771,-1.00000,0.99997
22729,-0.45621,-0.41882,0.99997
22730,-0.51685,0.99997,0.99997
22732,-0.46243,0.99997,0.99997
22733,-0.30334,0.99997,0.99997
22734,-0.16135,0.99997,0.99997
22735,-0.09671,-0.05905,0.99997
22736,0.05496,-0.85565,0.99997
22738,0.61633,-1.00000,-0.24612
22739,0.99997,-1.00000,-1.00000
22740,0.99997,-1.00000,-1.00000
22741,0.99997,-1.00000,-1.00000
22742,0.99997,-1.00000,-1.00000
22744,0.99997,-1.00000,-1.00000
22745,0.99997,-1.00000,-1.00000
22746,0.99997,0.69827,-1.00000
22747,0.99997,0.99997,-1.00000
22748,0.99997,0.99997,-1.00000
22750,0.99997,0.99997,-1.00000
22751,0.46838,-0.29910,-1.00000
22752,-1.00000,-1.00000,-1.00000
22753,-1.00000,-1.00000,-1.00000
22754,-1.00000,-1.00000,-1.00000
22755,-1.00000,-1.00000,-1.00000
22757,-1.00000,-1.00000,-1.00000
22758,-1.00000,-1.00000,-1.00000
22759,-1.00000,-1.00000,-1.00000
22760,-1.00000,-0.29019,-1.00000
22761,-1.00000,0.96655,-1.00000
22763,-1.00000,0.99997,0.99997
22764,-1.00000,0.99997,0.99997
22765,-1.00000,0.99997,0.99997
22766,-0.13443,0.99997,0.99997
22767,0.99997,0.99997,0.99997
22769,0.99997,0.99997,0.99997
22770,0.99997,0.61395,0.99997
22771,0.99997,-0.23227,0.99997
22772,0.43652,-0.44183,0.99997
22773,-0.67908,0.52725,0.99997
22775,-1.00000,0.99997,0.99997
22776,-1.00000,0.99997,0.99997
22777,-1.00000,0.99997,0.99997
22778,-1.00000,0.99997,0.99997
22779,-1.00000,0.99997,0.99997
22780,-0.97238,0.99997,0.99997
22782,-0.90256,0.99997,0.99997
22783,-0.96164,0.99997,0.99997
22784,-1.00000,0.99997,0.99997
22785,-1.00000,0.99997,0.99997
22786,-1.00000,0.65070,0.99997
22788,-1.00000,0.84976,-0.06070
22789,-1.00000,0.99997,-0.87442
22790,-1.00000,0.99997,-1.00000
22791,-1.00000,0.99997,-0.90918
22792,-1.00000,0.99997,0.28180
22794,-0.61932,0.46402,0.99997
22795,-0.15295,-1.00000,0.99997
22796,0.22165,-1.00000,0.99997
22797,0.43658,-1.00000,0.99997
22798,0.47223,-1.00000,0.99997
22800,0.34061,-1.00000,0.99997
22801,0.11267,-0.41779,0.99997
22802,-0.06186,0.60489,0.99997
22803,-0.03299,0.99997,0.99997
22804,0.19690,0.99997,-0.45450
22805,0.42145,0.99997,-1.00000
22807,0.41245,0.99997,-1.00000
22808,0.20938,0.90735,-1.00000
22809,0.18719,-0.89725,-1.00000
22810,0.72574,-1.00000,-0.52899
22811,0.99997,-1.00000,-1.00000
22813,0.99997,-1.00000,-1.00000
22814,0.99997,-1.00000,-1.00000
22815,0.87973,-1.00000,-1.00000
22816,-1.00000,-1.00000,-1.00000
22817,-1.00000,-1.00000,-1.00000
22819,-1.00000,-1.00000,-1.00000
22820,-1.00000,-1.00000,-1.00000
22821,-1.00000,-1.00000,-1.00000
22822,-1.00000,-1.00000,-1.00000
22823,-1.00000,-1.00000,-1.00000
22825,-1.00000,-1.00000,-1.00000
22826,-1.00000,-1.00000,-0.74600
22827,-1.00000,-1.00000,-0.63437
22828,-1.00000,-0.97339,-0.75348
22829,-1.00000,-0.63287,-0.83203
22830,-1.00000,-0.81766,-0.58575
22832,-0.79819,-1.00000,0.10507
22833,-0.78564,-1.00000,0.99997
22834,-0.66605,-1.00000,0.99997
22835,0.11838,-1.00000,0.99997
22836,0.99997,-1.00000,0.99997
22838,0.99997,-0.77158,0.31046
22839,0.99997,0.22668,-0.38544
22840,0.99997,0.99997,-0.50073
22841,0.99997,0.99997,-0.16293
22842,0.99997,0.99997,0.21997
22844,0.99997,0.99997,0.32947
22845,0.99997,0.99997,0.15994
22846,0.99997,0.99997,-0.06525
22847,0.99997,0.85287,-0.14502
22848,0.99997,0.70142,-0.06104
22850,0.99997,0.27240,0.06995
22851,0.99997,-0.34216,0.15030
22852,0.99997,-0.65646,0.18668
22853,0.99997,-0.30066,0.24014
22854,0.99997,0.53387,0.32501
22855,-0.40515,0.99997,0.37778
22857,-1.00000,0.99997,0.32483
22858,-1.00000,0.40988,0.16885
22859,0.07315,-0.44330,0.00034
22860,0.95868,-0.80405,-0.07675
22861,0.81421,-0.46436,-0.02802
22863,-0.34933,0.30591,0.10007
22864,-1.00000,0.99997,0.24170
22865,-1.00000,0.99997,0.37170
22866,-1.00000,0.99997,0.49915
22867,-1.00000,0.42014,0.61029
22869,-1.00000,-0.15320,0.63907
22870,-1.00000,-0.35425,0.51620
22871,-1.00000,-0.09235,0.25452
22872,-1.00000,0.41241,-0.02734
22873,-0.99069,0.80649,-0.19031
22875,0.90915,0.88470,-0.20374
22876,0.99997,0.70547,-0.19482
22877,0.99997,0.43088,-0.36002
22878,0.99997,0.10034,-0.80777
22879,-0.18719,-0.36572,-1.00000
22880,-1.00000,-0.92493,-1.00000
22882,-1.00000,-1.00000,-1.00000
22883,-1.00000,-1.00000,-1.00000
22884,-0.71771,-0.36752,-1.00000
22885,-0.57355,0.19360,-1.00000
22886,-0.59088,-0.09772,-1.00000
22888,-0.54697,-1.00000,-1.00000
22889,-0.34641,-1.00000,-1.00000
22890,-0.11667,-1.00000,-0.56158
22891,-0.04242,-1.00000,-0.05600
22892,-0.14020,-1.00000,0.29279
22894,-0.22409,-0.30151,0.41568
22895,-0.10727,0.47943,0.29346
22896,0.16760,0.33865,0.01129
22897,0.32483,-0.26331,-0.23254
22898,0.11661,-0.72784,-0.21814
22900,-0.38760,-0.79034,0.14273
22901,-0.78082,-0.62808,0.71561
22902,-0.62686,-0.57797,0.99997
22903,0.16190,-0.73587,0.99997
22904,0.99997,-0.79257,0.99997
22905,0.99997,-0.28351,0.72781
22907,0.99997,0.91568,0.31097
22908,0.99997,0.99997,0.08481
22909,0.99997,0.99997,0.08328
22910,0.99997,0.99997,0.23233
22911,0.99997,0.27255,0.42056
22913,0.64590,-1.00000,0.56592
22914,-0.03137,-1.00000,0.65964
22915,-0.45065,-1.00000,0.76920
22916,-0.31885,-0.52875,0.97415
22917,0.25369,0.82632,0.99997
22919,0.77124,0.99997,0.99997
22920,0.75775,0.99997,0.99997
22921,0.19128,0.99997,0.48566
22922,-0.44269,0.99997,-0.60397
22923,-0.54416,0.99997,-1.00000
22925,0.10873,0.99997,-1.00000
22926,0.99997,0.99997,-1.00000
22927,0.99997,0.99997,-1.00000
22928,0.99997,0.99997,-1.00000
22929,0.99997,0.99997,-1.00000
22930,0.99997,0.99997,-1.00000
22932,0.99997,0.99997,-1.00000
22933,0.99997,0.99997,-1.00000
22934,0.89716,-0.01157,-1.00000
22935,0.63925,-1.00000,-1.00000
22936,0.42651,-1.00000,-1.00000
22938,0.36575,-0.51855,-0.40945
22939,0.46228,0.72180,0.45096
22940,0.56183,0.99997,0.99997
22941,0.45560,0.46661,0.99997
22942,0.05630,-0.63492,0.99997
22944,-0.51776,-1.00000,0.29660
22945,-1.00000,-0.98569,-0.36981
22946,-1.00000,-0.24301,-0.53381
22947,-1.00000,0.24741,-0.24490
22948,-1.00000,0.09128,0.12418
22950,-1.00000,-0.47028,0.26837
22951,-0.99777,-0.83560,0.23633
22952,-0.98834,-0.58066,0.31567
22953,-0.96710,0.20612,0.63968
22954,-0.90027,0.99997,0.95535
22955,-0.78320,0.99997,0.84613
22957,-0.62958,0.86621,0.20804
22958,-0.46686,-0.07092,-0.54202
22959,-0.33441,-0.99377,-0.81458
22960,-0.26642,-1.00000,-0.45096
22961,-0.26541,-1.00000,0.04608
22963,-0.29456,-0.45126,-0.04227
22964,-0.30490,0.40204,-0.91226
22965,-0.27505,0.99997,-1.00000
22966,-0.22433,0.99997,-1.00000
22967,-0.18735,0.99997,-1.00000
22969,-0.17737,0.99976,0.81247
22970,-0.17554,0.83737,0.99997
22971,-0.15421,0.75604,0.99997
22972,-0.10736,0.76172,0.99997
22973,-0.05817,0.85663,0.99997
22975,-0.03821,0.99997,0.99997
22976,-0.06036,0.99997,0.99997
22977,-0.10858,0.99997,0.99997
22978,-0.15036,0.62436,0.99997
22979,-0.15942,-0.12042,0.99997
22980,-0.13171,-0.89316,-0.51364
22982,-0.08578,-1.00000,-1.00000
22983,-0.04922,-1.00000,-1.00000
22984,-0.03979,-0.78586,0.44437
22985,-0.05362,-0.11374,0.99997
22986,-0.06891,0.45886,0.99997
22988,-0.06339,0.77802,0.99997
22989,-0.03262,0.82471,0.99997
22990,0.00668,0.66910,0.99997
22991,0.03296,0.41806,0.99997
22992,0.04089,0.15948,0.99997
22994,0.04706,-0.08893,0.99997
22995,0.07245,-0.36798,0.99997
22996,0.11893,-0.67020,0.99997
22997,0.16425,-0.83786,0.99997
22998,0.18353,-0.63803,0.99997
23000,0.17734,-0.03192,0.99997
23001,0.17587,0.61478,0.99997
23002,0.21109,0.68829,0.99997
23003,0.28131,-0.16296,0.95044
23004,0.34320,-1.00000,-1.00000
23005,0.34235,-1.00000,-1.00000
23007,0.25714,-1.00000,-1.00000
23008,0.11728,-1.00000,-1.00000
23009,-0.01736,0.22421,0.69983
23010,-0.09839,0.99997,0.99997
23011,-0.11621,0.76999,0.99997
23013,-0.09677,-0.17444,0.62012
23014,-0.07620,-0.77606,0.05771
23015,-0.07614,-0.46152,0.66510
23016,-0.09390,0.46103,0.99997
23017,-0.10922,0.99997,0.99997
23019,-0.10098,0.91678,0.99997
23020,-0.06464,0.03687,0.99997
23021,-0.01840,-0.71466,0.99997
23022,0.00903,-0.70123,0.75220
23023,0.00357,-0.03644,0.79190
23025,-0.01843,0.56152,0.98972
23026,-0.02133,0.48102,0.73578
23027,0.01630,-0.21353,-0.02866
23028,0.07675,-0.88498,-0.80273
23029,0.11359,-0.94467,-1.00000
23030,0.09174,-0.36096,-0.66840
23032,0.02066,0.38531,-0.03247
23033,-0.05255,0.75894,0.40158
23034,-0.08395,0.56592,0.42969
23035,-0.06970,-0.00681,0.17505
23036,-0.04529,-0.61636,-0.05994
23038,-0.05032,-1.00000,0.00562
23039,-0.09283,-1.00000,0.46216
23040,-0.14502,-1.00000,0.99997
23041,-0.17108,-1.00000,0.99997
23042,-0.15933,-1.00000,0.99997
23044,-0.13049,-1.00000,0.99997
23045,-0.11621,-0.47672,0.99997
23046,-0.12885,0.78394,0.99997
23047,-0.14911,0.99997,0.99997
23048,-0.14273,0.99997,0.99997
23050,-0.09265,0.99997,0.99997
23051,-0.01764,0.52838,0.93195
23052,0.04010,-1.00000,-0.96677
23053,0.04926,-1.00000,-1.00000
23054,0.01553,-1.00000,-1.00000
23055,-0.02448,-0.75766,-1.00000
23057,-0.03625,0.32642,-1.00000
23058,-0.01617,0.96695,-1.00000
23059,0.01035,0.99997,-1.00000
23060,0.01767,0.74884,-1.00000
23061,0.00516,0.27115,-1.00000
23063,-0.00610,-0.11032,-1.00000
23064,0.00015,-0.18991,-1.00000
23065,0.01556,0.04480,-1.00000
23066,0.01559,0.35925,-1.00000
23067,-0.01279,0.43619,-0.28467
23069,-0.05408,0.15576,0.28574
23070,-0.07629,-0.28574,-0.01031
23071,-0.06000,-0.55872,-1.00000
23072,-0.01572,-0.50662,-1.00000
23073,0.02682,-0.26050,-1.00000
23075,0.04446,-0.05914,-1.00000
23076,0.03561,0.00476,-1.00000
23077,0.01364,0.02075,-1.00000
23078,-0.00943,0.04974,-1.00000
23079,-0.02924,-0.05615,-1.00000
23080,-0.04269,-0.52551,-1.00000
23082,-0.04245,-1.00000,-1.00000
23083,-0.02368,-1.00000,-1.00000
23084,0.00482,-1.00000,0.99997
23085,0.02255,0.37143,0.99997
23086,0.01514,0.99997,0.99997
23088,-0.00995,0.99997,0.99997
23089,-0.03116,0.99997,0.99997
23090,-0.03864,0.99997,0.99997
23091,-0.04898,-0.44836,0.99997
23092,-0.08762,-1.00000,0.99997
23094,-0.15405,-0.07333,0.74319
23095,-0.21027,0.99997,-1.00000
23096,-0.21237,0.99997,-1.00000
23097,-0.15683,0.99997,-1.00000
23098,-0.08984,0.80493,-1.00000
23100,-0.06326,-0.08453,-1.00000
23101,-0.08127,-0.00156,-1.00000
23102,-0.10031,0.70660,-1.00000
23103,-0.09213,0.99997,-1.00000
23104,-0.10370,0.99997,-1.00000
23105,-0.23770,0.68008,-1.00000
23107,-0.55042,0.30737,-1.00000
23108,-0.95859,0.28317,-1.00000
23109,-1.00000,0.40652,-1.00000
23110,-1.00000,0.34174,-1.00000
23111,-0.93237,0.01263,-1.00000
23113,-0.45309,-0.32114,-1.00000
23114,-0.06558,-0.33752,-1.00000
23115,0.07867,0.02682,-1.00000
23116,0.00888,0.50531,-0.25113
23117,-0.12195,0.71225,0.71332
23119,-0.17270,0.43118,0.99997
23120,-0.11105,-0.24390,0.99997
23121,-0.00598,-0.98871,0.99997
23122,0.05508,-1.00000,0.99997
23123,0.04333,-1.00000,0.72522
23125,0.00302,-1.00000,-0.34891
23126,0.00571,-1.00000,-1.00000
23127,0.08917,-1.00000,-1.00000
23128,0.22504,-1.00000,-1.00000
23129,0.33386,-1.00000,-0.13419
23130,0.33713,-0.71133,0.68384
23132,0.21350,0.10925,0.99997
23133,0.02161,0.84381,0.99997
23134,-0.13162,0.98373,0.99997
23135,-0.16077,0.48407,0.99997
23136,-0.06021,-0.08249,0.95001
23138,0.09552,0.03186,-0.15320
23139,0.21039,0.99997,-1.00000
23140,0.23621,0.99997,-1.00000
23141,0.19687,0.99997,-0.23065
23142,0.15231,0.99997,0.99997
23144,0.14102,0.99997,0.99997
23145,0.15210,0.43140,0.99997
23146,0.14587,-0.21954,0.99997
23147,0.09698,-0.33261,0.99997
23148,0.02005,-0.29019,0.99997
23150,-0.04047,-0.39188,0.99997
23151,-0.04379,-0.64001,0.99997
23152,0.01788,-0.87634,0.99997
23153,0.11298,-0.99808,0.99997
23154,0.19016,-1.00000,0.93988
23155,0.21042,-0.95300,0.37250
23157,0.17123,-0.86871,-0.27795
23158,0.10605,-0.80075,-0.90753
23159,0.05826,-0.72833,-1.00000
23160,0.05048,-0.46802,-1.00000
23161,0.07382,0.24051,-1.00000
23163,0.10464,0.99997,-1.00000
23164,0.12912,0.99997,-1.00000
23165,0.15067,0.99997,-1.00000
23166,0.17566,0.99997,-1.00000
23167,0.19812,-0.95129,0.26443
23169,0.20395,-1.00000,0.99997
23170,0.18985,-1.00000,0.99997
23171,0.17255,-1.00000,0.99997
23172,0.17441,-0.41394,-0.53320
23173,0.19971,0.71942,-1.00000
23175,0.22873,0.74289,-1.00000
23176,0.23776,0.07117,-1.00000
23177,0.22409,-0.51306,-0.78976
23178,0.20938,-0.61310,0.13522
23179,0.21829,-0.47522,0.31622
23180,0.25372,-0.59424,-0.17935
23182,0.29193,-1.00000,-0.81317
23183,0.30106,-1.00000,-1.00000
23184,0.26501,-1.00000,-0.84021
23185,0.19547,-0.64240,-0.53568
23186,0.12497,0.66302,-0.50772
23188,0.08762,0.99997,-0.66379
23189,0.09845,0.99997,-0.52435
23190,0.14359,0.28476,0.22504
23191,0.18823,-1.00000,0.99997
23192,0.20010,-1.00000,0.99997
23194,0.17200,-1.00000,0.99997
23195,0.12540,-0.80746,0.78528
23196,0.09076,0.41251,0.25870
23197,0.08105,0.99997,0.70312
23198,0.08200,0.99997,0.99997
23200,0.06781,0.99997,0.99997
23201,0.02734,0.99997,0.99997
23202,-0.02304,0.99997,0.99997
23203,-0.05185,0.99997,0.99997
23204,-0.03897,0.14459,0.99997
23205,0.00620,-0.72748,0.99997
23207,0.04965,-1.00000,0.99997
23208,0.05704,-0.41751,0.99997
23209,0.01840,0.83713,0.56662
23210,-0.04453,0.99997,-0.87668
23211,-0.09363,0.99997,-1.00000
23213,-0.10052,0.99997,-0.15524
23214,-0.06305,0.99997,0.99997
23215,-0.00159,0.99997,0.99997
23216,0.05890,0.99997,0.99997
23217,0.10406,0.99997,0.99997
23219,0.13092,0.99997,0.99997
23220,0.13870,0.99997,0.99997
23221,0.12360,0.99997,0.99997
23222,0.08472,0.54361,0.41492
23223,0.03363,0.40146,-1.00000
23225,-0.00534,0.99997,-1.00000
23226,-0.00870,0.99997,-1.00000
23227,0.02979,0.99997,-1.00000
23228,0.09274,0.99997,-1.00000
23229,0.14825,0.99997,-1.00000
23230,0.16733,0.99997,-1.00000
23232,0.13904,0.99997,-1.00000
23233,0.07645,0.99997,-1.00000
23234,0.01050,0.86951,-1.00000
23235,-0.02606,-0.16080,-1.00000
23236,-0.01797,-1.00000,-1.00000
23238,0.02203,-1.00000,-1.00000
23239,0.06210,-1.00000,-1.00000
23240,0.07544,-1.00000,-1.00000
23241,0.06174,-0.78989,-1.00000
23242,0.04712,0.99997,-1.00000
23244,0.06128,0.99997,-1.00000
23245,0.11148,0.99997,-1.00000
23246,0.17654,0.99997,-0.37241
23247,0.22516,0.99997,0.61206
23248,0.24115,0.99997,0.99997
23250,0.23230,0.83633,0.99997
23251,0.21695,0.06137,0.99997
23252,0.20309,-0.18710,0.99997
23253,0.18042,-0.31024,0.99997
23254,0.13269,-0.60843,0.99997
23255,0.05798,-1.00000,0.72849
23257,-0.02213,-1.00000,-0.24081
23258,-0.07410,-1.00000,-1.00000
23259,-0.07574,-1.00000,-1.00000
23260,-0.03262,-1.00000,-1.00000
23261,0.02484,-1.00000,-1.00000
23263,0.06088,-1.00000,-1.00000
23264,0.05502,-1.00000,-1.00000
23265,0.01056,-1.00000,0.99997
23266,-0.05222,-1.00000,0.99997
23267,-0.11020,-1.00000,0.99997
23269,-0.14932,-1.00000,0.99997
23270,-0.16849,-1.00000,0.99997
23271,-0.17554,-1.00000,0.99997
23272,-0.17896,-0.95010,0.99997
23273,-0.18036,0.99997,0.99997
23275,-0.17337,0.99997,0.99997
23276,-0.15143,0.99997,0.99997
23277,-0.11826,0.84885,0.99997
23278,-0.09024,-0.05057,0.99997
23279,-0.08499,-0.48065,0.99997
23280,-0.10379,-0.67377,0.99997
23282,-0.12546,-1.00000,0.99997
23283,-0.12149,-1.00000,0.99997
23284,-0.08102,-1.00000,0.99997
23285,-0.02338,-1.00000,0.99997
23286,0.01614,-1.00000,-0.39133
23288,0.01532,-1.00000,-1.00000
23289,-0.01633,-0.39481,-1.00000
23290,-0.04651,0.45065,-1.00000
23291,-0.04736,0.69351,-1.00000
23292,-0.01721,0.32529,-1.00000
23294,0.02121,-0.40237,-1.00000
23295,0.04083,-1.00000,-1.00000
23296,0.03055,-1.00000,-1.00000
23297,0.00015,-0.74075,-1.00000
23298,-0.03024,0.24884,0.99997
23300,-0.04514,0.99997,0.99997
23301,-0.04254,0.99997,0.99997
23302,-0.03268,0.99997,0.99997
23303,-0.02930,0.42221,0.99997
23304,-0.03964,-1.00000,-1.00000
23305,-0.05927,-1.00000,-1.00000
23307,-0.07578,-1.00000,-1.00000
23308,-0.07913,-1.00000,-0.61130
23309,-0.07086,-1.00000,0.99997
23310,-0.06308,-1.00000,0.99997
23311,-0.06674,-1.00000,0.99997
23313,-0.07913,0.55960,0.99997
23314,-0.08377,0.99997,0.99997
23315,-0.06503,0.99997,0.99997
23316,-0.02585,0.99997,0.99997
23317,0.01007,-0.08856,0.99997
23319,0.01688,-1.00000,0.99997
23320,-0.00845,-1.00000,0.99997
23321,-0.03860,-1.00000,0.99997
23322,-0.03711,-1.00000,0.99997
23323,0.00778,-1.00000,0.99997
23325,0.06714,-1.00000,0.99997
23326,0.09158,-0.61053,0.99997
23327,0.05368,0.06247,0.99997
23328,-0.02371,0.37460,-1.00000
23329,-0.08035,-0.10550,-1.00000
23330,-0.06430,-1.00000,-1.00000
23332,0.02774,-1.00000,-1.00000
23333,0.14923,-1.00000,-1.00000
23334,0.24081,-1.00000,-1.00000
23335,0.27243,-1.00000,-1.00000
23336,0.25565,0.32736,-1.00000
23338,0.22128,0.99997,-1.00000
23339,0.18884,0.99997,-1.00000
23340,0.15659,0.99997,-1.00000
23341,0.11636,0.73117,-1.00000
23342,0.07230,-0.09146,-1.00000
23344,0.04144,-0.23297,-1.00000
23345,0.03659,0.55267,-1.00000
23346,0.05099,0.99997,-1.00000
23347,0.06241,0.99997,-1.00000
23348,0.05243,0.99997,-1.00000
23350,0.02249,0.99997,-1.00000
23351,-0.00803,-0.32587,-0.45303
23352,-0.01859,-1.00000,0.99997
23353,-0.00323,-0.81802,0.99997
23354,0.02655,-0.06583,0.99997
23355,0.05154,0.56903,0.99997
23357,0.05814,0.64191,0.99997
23358,0.04605,0.11517,0.17651
23359,0.02682,-0.71475,-1.00000
23360,0.01483,-1.00000,-1.00000
23361,0.01651,-1.00000,-1.00000
23363,0.02661,-0.92282,-1.00000
23364,0.03473,0.30960,-1.00000
23365,0.03543,0.99997,-1.00000
23366,0.02951,0.99997,-1.00000
23367,0.01352,0.99997,0.97363
23369,-0.02670,0.99997,0.99997
23370,-0.10025,0.99997,0.99997
23371,-0.17874,0.50012,0.99997
23372,-0.18298,0.10760,0.75574
23373,-0.02045,0.11084,-1.00000
23375,0.33994,0.21204,-1.00000
23376,0.81644,0.11649,-1.00000
23377,0.99997,-0.23056,-1.00000
23378,0.99997,-0.61719,-1.00000
23379,0.99997,-0.77255,-1.00000
23380,0.99997,-0.62964,-1.00000
23382,0.78964,-0.39603,-1.00000
23383,0.48682,-0.34955,-1.00000
23384,0.26740,-0.54218,-1.00000
23385,0.12170,-0.70706,-1.00000
23386,0.01965,-0.48886,-1.00000
23388,-0.06076,0.19571,-1.00000
23389,-0.12668,0.99997,-1.00000
23390,-0.17728,0.99997,-1.00000
23391,-0.21188,0.99997,-1.00000
23392,-0.23367,0.39691,-1.00000
23394,-0.24823,-0.29938,-1.00000
23395,-0.26056,-0.49277,-0.85901
23396,-0.27487,-0.20010,-0.13596
23397,-0.29504,0.13043,0.15717
23398,-0.31979,0.01599,-0.01801
23400,-0.33252,-0.62698,-0.57629
23401,-0.30161,-1.00000,-1.00000
23402,-0.20795,-1.00000,-1.00000
23403,-0.08301,-1.00000,-0.80951
23404,-0.00800,-0.03400,0.37988
23405,-0.04489,0.95865,0.99997
23407,-0.15222,0.99997,0.99997
23408,-0.19034,0.99997,0.58682
23409,-0.05435,0.28873,-0.78226
23410,0.17621,-0.37186,-1.00000
23411,0.24930,-0.71872,-1.00000
23413,-0.03802,-0.75909,-1.00000
23414,-0.58893,-0.61429,-1.00000
23415,-0.98880,-0.34439,-1.00000
23416,-0.79120,0.07642,-1.00000
23417,0.11942,0.63455,-1.00000
23419,0.99997,0.99997,-1.00000
23420,0.99997,0.99997,-1.00000
23421,0.99997,0.96844,-1.00000
23422,0.99997,0.07086,-1.00000
23423,0.99997,-1.00000,-1.00000
23425,0.99997,-1.00000,-1.00000
23426,0.99997,-1.00000,-1.00000
23427,0.99997,-1.00000,-1.00000
23428,0.99997,-0.31921,-1.00000
23429,0.99997,0.72122,-1.00000
23430,0.99997,0.99997,-1.00000
23432,0.99997,0.99997,-1.00000
23433,0.99997,0.99997,-1.00000
23434,0.99997,0.44516,-1.00000
23435,0.99997,0.26215,-1.00000
23436,0.84219,0.80957,-1.00000
23438,0.30463,0.99997,0.48050
23439,0.01349,0.99997,0.99997
23440,0.03967,0.99997,0.99997
23441,0.28656,0.99997,0.99997
23442,0.57480,0.50693,0.99997
23444,0.76093,-0.61655,0.99997
23445,0.80566,-1.00000,0.99997
23446,0.75824,-1.00000,0.23639
23447,0.68930,-1.00000,-0.87820
23448,0.63379,-1.00000,-1.00000
23450,0.58249,-1.00000,-1.00000
23451,0.51373,-0.25903,-1.00000
23452,0.42624,0.79733,-1.00000
23453,0.34042,0.99997,-1.00000
23454,0.26984,0.99997,-1.00000
23455,0.19537,0.74347,-1.00000
23457,0.07385,0.28482,-1.00000
23458,-0.11908,0.20108,-0.38226
23459,-0.34952,0.25513,0.54099
23460,-0.53165,0.00656,0.95648
23461,-0.58545,-0.63809,0.62677
23463,-0.50031,-1.00000,-0.16415
23464,-0.34717,-1.00000,-0.86240
23465,-0.22400,-0.10577,-1.00000
23466,-0.18100,0.99997,-0.67590
23467,-0.19171,0.99997,-0.02570
23469,-0.19321,0.96097,0.52148
23470,-0.15201,-0.56357,0.72644
23471,-0.09076,-1.00000,0.61014
23472,-0.05399,-1.00000,0.39520
23473,-0.05670,-1.00000,0.31430
23475,-0.07498,-0.28436,0.42361
23476,-0.08826,0.46637,0.56915
23477,-0.12186,0.48050,0.53549
23478,-0.23169,0.10330,0.24374
23479,-0.43637,-0.05167,-0.17984
23480,-0.66541,0.34381,-0.51620
23482,-0.78839,0.99997,-0.62701
23483,-0.71436,0.99997,-0.53128
23484,-0.47635,0.99997,-0.34625
23485,-0.22119,0.99677,-0.18631
23486,-0.10504,0.40167,-0.11795
23488,-0.17902,0.26447,-0.16727
23489,-0.35721,0.69736,-0.31418
23490,-0.48920,0.99997,-0.46432
23491,-0.47464,0.99997,-0.47412
23492,-0.33215,0.99997,-0.27921
23494,-0.17679,0.50446,-0.03384
23495,-0.13126,-0.74097,-0.08572
23496,-0.23721,-1.00000,-0.73337
23497,-0.42450,-1.00000,-1.00000
23498,-0.55280,-1.00000,-1.00000
23500,-0.49597,0.50671,-1.00000
23501,-0.21606,0.99997,-1.00000
23502,0.21591,0.99997,-1.00000
23503,0.66159,0.99997,-1.00000
23504,0.99042,0.99997,-1.00000
23505,0.99997,0.99997,-1.00000
23507,0.99997,0.99997,-1.00000
23508,0.99997,0.99997,0.99997
23509,0.92859,0.99997,0.99997
23510,0.81802,0.99997,0.99997
23511,0.71063,0.99997,0.99997
23513,0.60217,0.99997,0.99997
23514,0.50351,0.99997,0.99997
23515,0.43262,0.99997,0.99997
23516,0.39218,0.99997,0.99997
23517,0.35797,0.99997,0.99997
23519,0.29245,0.31686,0.99997
23520,0.17337,-1.00000,0.99997
23521,0.01254,-1.00000,0.99997
23522,-0.15103,-1.00000,0.99997
23523,-0.27731,-1.00000,-1.00000
23525,-0.34998,-1.00000,-1.00000
23526,-0.38223,-1.00000,-1.00000
23527,-0.40216,-1.00000,-0.34540
23528,-0.42981,-1.00000,0.99997
23529,-0.46225,-1.00000,0.99997
23530,-0.47736,-1.00000,-0.81439
23532,-0.45428,-1.00000,-1.00000
23533,-0.39630,-1.00000,-1.00000
23534,-0.33603,-1.00000,-1.00000
23535,-0.31381,-1.00000,-1.00000
23536,-0.34311,-0.79044,-1.00000
23538,-0.39264,-0.94644,-1.00000
23539,-0.40674,-1.00000,-1.00000
23540,-0.35275,-1.00000,-1.00000
23541,-0.25494,-1.00000,-1.00000
23542,-0.17972,-1.00000,-1.00000
23544,-0.18005,-1.00000,-1.00000
23545,-0.24759,-1.00000,-1.00000
23546,-0.32022,-1.00000,-1.00000
23547,-0.34171,-1.00000,-1.00000
23548,-0.31882,-1.00000,-1.00000
23550,-0.31876,-1.00000,-1.00000
23551,-0.40402,0.99997,-1.00000
23552,-0.56525,0.99997,-1.00000
23553,-0.71603,0.99997,-1.00000
23554,-0.75821,0.99997,-1.00000
23555,-0.65900,0.99997,-1.00000
23557,-0.47168,0.99997,-1.00000
23558,-0.28549,0.99997,-1.00000
23559,-0.15579,0.49356,-1.00000
23560,-0.07617,-1.00000,-1.00000
23561,-0.00952,-1.00000,-1.00000
23563,0.06244,-1.00000,-1.00000
23564,0.12097,-1.00000,-1.00000
23565,0.13596,-1.00000,-1.00000
23566,0.10278,-1.00000,-1.00000
23567,0.05225,-1.00000,-1.00000
23569,0.02563,-1.00000,-1.00000
23570,0.04175,-1.00000,-1.00000
23571,0.08551,-1.00000,-1.00000
23572,0.12460,-1.00000,-1.00000
23573,0.13522,-1.00000,-1.00000
23575,0.11514,-1.00000,-0.98383
23576,0.07910,-1.00000,-0.42795
23577,0.04623,-1.00000,0.02560
23578,0.03137,-1.00000,0.33517
23579,0.04227,-1.00000,0.42154
23580,0.07739,-1.00000,0.22690
23582,0.12329,-1.00000,-0.18076
23583,0.15610,-0.57745,-0.58334
23584,0.15201,0.25415,-0.75711
23585,0.10306,0.45227,-0.69974
23586,0.02585,-0.05594,-0.70822
23588,-0.04562,-0.79712,-1.00000
23589,-0.08026,-1.00000,-1.00000
23590,-0.06848,-0.85959,-1.00000
23591,-0.02563,-0.11063,-1.00000
23592,0.02103,0.61621,-1.00000
23594,0.04956,0.94867,-1.00000
23595,0.05255,0.83896,-0.11682
23596,0.03366,0.53314,0.99997
23597,-0.00009,0.35056,0.99997
23598,-0.04227,0.43115,0.99997
23600,-0.08578,0.62527,0.99997
23601,-0.12173,0.62546,0.99997
23602,-0.14236,0.26694,0.99997
23603,-0.14532,-0.25784,0.99997
23604,-0.13449,-0.50980,0.99997
23605,-0.11649,-0.19833,0.15775
23607,-0.09799,0.49500,-1.00000
23608,-0.08676,0.99997,-1.00000
23609,-0.09210,0.93265,-1.00000
23610,-0.12015,0.34094,-1.00000
23611,-0.16467,-0.19724,-1.00000
23613,-0.20459,-0.18829,-1.00000
23614,-0.21469,0.32812,-1.00000
23615,-0.18430,0.83218,-1.00000
23616,-0.12656,0.83508,-1.00000
23617,-0.06866,0.33554,-1.00000
23619,-0.03082,-0.21375,-1.00000
23620,-0.01331,-0.36038,-1.00000
23621,-0.00284,-0.06174,-1.00000
23622,0.00983,0.32364,-1.00000
23623,0.01984,0.40381,-1.00000
23625,0.01556,0.10513,-1.00000
23626,-0.00565,-0.28976,-1.00000
23627,-0.02994,-0.39749,-1.00000
23628,-0.03659,-0.03647,-1.00000
23629,-0.01569,0.64484,-1.00000
23630,0.02194,0.99997,0.99997
23632,0.05182,0.99997,0.99997
23633,0.05417,0.99997,0.99997
23634,0.02896,0.70969,0.99997
23635,-0.00491,0.46600,0.94702
23636,-0.02469,0.77020,-0.15936
23638,-0.02081,0.99997,-0.32092
23639,-0.00226,0.99997,0.43857
23640,0.01462,0.99997,0.99997
23641,0.02267,0.84006,0.99997
23642,0.03021,-0.01642,0.99997
23644,0.05014,-0.08621,0.99997
23645,0.08191,0.87045,0.99997
23646,0.10495,0.99997,0.99997
23647,0.09335,0.99997,0.99997
23648,0.04001,0.99997,0.99997
23650,-0.03177,0.99997,0.99997
23651,-0.08270,0.99997,-0.24396
23652,-0.08670,0.99997,-1.00000
23653,-0.04938,0.99997,-1.00000
23654,0.00003,0.99997,-1.00000
23655,0.03317,0.99997,-1.00000
23657,0.03970,0.87561,0.11215
23658,0.02457,0.60086,0.99997
23659,-0.00406,0.27936,-0.89267
23660,-0.03625,0.06036,-1.00000
23661,-0.05200,0.10220,-1.00000
23663,-0.02246,0.46286,-1.00000
23664,0.06638,0.99997,-0.00659
23665,0.18628,0.99997,0.99997
23666,0.27142,0.99997,0.99997
23667,0.26501,0.99997,0.99997
23669,0.16904,0.99997,0.99997
23670,0.04480,0.79449,0.99997
23671,-0.04517,0.16837,0.99997
23672,-0.10052,-0.66293,0.99997
23673,-0.18640,-1.00000,0.99997
23675,-0.36484,-1.00000,-1.00000
23676,-0.61380,-1.00000,-1.00000
23677,-0.81091,-1.00000,-1.00000
23678,-0.80771,-1.00000,-1.00000
23679,-0.54315,-1.00000,-1.00000
23680,-0.11005,-1.00000,-1.00000
23682,0.28290,0.99997,-1.00000
23683,0.43607,0.99997,-1.00000
23684,0.28616,0.99997,-1.00000
23685,-0.05872,0.99997,-0.07297
23686,-0.40656,0.99997,0.99997
23688,-0.62372,0.99997,0.99997
23689,-0.71390,0.99997,0.99997
23690,-0.76669,-0.84921,0.99997
23691,-0.82806,-1.00000,0.99997
23692,-0.82062,-1.00000,0.99997
23694,-0.59695,-1.00000,0.25693
23695,-0.08182,0.80154,-1.00000
23696,0.62839,0.99997,-1.00000
23697,0.99997,0.99997,-1.00000
23698,0.99997,0.57504,-1.00000
23700,0.99997,0.05902,-1.00000
23701,0.99997,0.16443,-1.00000
23702,0.99997,0.29459,-1.00000
23703,0.99997,-0.27109,-1.00000
23704,0.99997,-1.00000,-1.00000
23705,0.99997,-1.00000,-1.00000
23707,0.99997,-1.00000,-1.00000
23708,0.99997,-1.00000,-1.00000
23709,0.99997,-1.00000,-1.00000
23710,0.99997,-0.21722,-1.00000
23711,0.99997,0.51425,-1.00000
23713,0.99997,0.53531,-1.00000
23714,0.99997,0.07523,-1.00000
23715,0.50513,-0.52417,-0.60001
23716,-0.01508,-0.97430,0.99997
23717,-0.27435,-1.00000,0.99997
23719,-0.22644,-0.66898,0.99997
23720,-0.02402,0.26254,0.99997
23721,0.11267,0.99997,0.99997
23722,0.05679,0.99997,0.99997
23723,-0.16040,0.99997,0.99997
23725,-0.39969,0.99997,0.99997
23726,-0.51129,0.68674,0.99997
23727,-0.41721,-0.84280,0.99997
23728,-0.15991,-1.00000,0.99997
23729,0.09637,-0.52930,0.99997
23730,0.14243,0.90012,0.99997
23732,-0.12677,0.99997,0.99997
23733,-0.58951,0.99997,0.99997
23734,-0.93390,0.20935,0.99997
23735,-0.87378,-0.60040,0.99997
23736,-0.38321,-0.07202,0.79163
23738,0.26492,0.99997,0.74075
23739,0.70935,0.99997,0.99997
23740,0.77969,0.99997,0.99997
23741,0.59775,0.99997,0.99997
23742,0.42572,0.99997,0.99997
23744,0.42310,0.34250,0.99997
23745,0.53915,0.05511,0.99997
23746,0.61111,0.33319,0.08612
23747,0.54037,0.35278,0.07321
23748,0.37177,-0.39365,0.64343
23750,0.22617,-1.00000,0.99997
23751,0.18057,-1.00000,0.99997
23752,0.21555,-1.00000,0.45609
23753,0.25803,-1.00000,-0.24918
23754,0.25714,-1.00000,-0.51355
23755,0.21869,-0.01483,-0.11050
23757,0.18323,0.86948,0.69788
23758,0.18326,0.99997,0.99997
23759,0.22015,0.54037,0.99997
23760,0.27115,-0.15036,0.83524
23761,0.31058,-0.54333,0.29105
23763,0.32477,-0.40607,0.37790
23764,0.31314,0.04877,0.99997
23765,0.27942,0.36545,0.99997
23766,0.22516,0.26813,0.99997
23767,0.15201,-0.10284,0.99997
23769,0.07004,-0.38794,0.99997
23770,-0.00021,-0.42630,-0.06805
23771,-0.03854,-0.42819,-0.54337
23772,-0.04141,-0.69595,0.00751
23773,-0.02637,-1.00000,0.99429
23775,-0.01730,-1.00000,0.99997
23776,-0.02271,-1.00000,0.99997
23777,-0.02887,-0.28772,0.99997
23778,-0.01447,0.67032,0.74063
23779,0.02908,0.99997,0.93814
23780,0.09259,0.81894,0.99997
23782,0.16125,0.22025,0.99997
23783,0.22696,-0.23566,0.99997
23784,0.28552,-0.37524,0.99997
23785,0.32501,-0.36865,0.99997
23786,0.32477,-0.42587,0.99997
23788,0.27225,-0.50934,0.99997
23789,0.18158,-0.36560,0.93503
23790,0.09183,0.17487,0.23975
23791,0.04169,0.94910,-0.47845
23792,0.04312,0.99997,-0.76956
23794,0.07715,0.99997,-0.41980
23795,0.11398,0.89890,0.34799
23796,0.13745,0.10263,0.99997
23797,0.15192,-0.33566,0.99997
23798,0.16965,-0.12421,0.99997
23800,0.19403,0.55197,0.99997
23801,0.21381,0.99997,0.92770
23802,0.21194,0.99997,0.76437
23803,0.17917,0.64392,0.50751
23804,0.12292,-0.06039,0.14886
23805,0.06744,-0.31131,-0.20480
23807,0.04373,0.11688,-0.43643
23808,0.07034,0.84912,-0.47241
23809,0.13260,0.99997,-0.23810
23810,0.17975,0.88693,0.33951
23811,0.15747,0.17926,0.99997
23813,0.06219,-0.18771,0.99997
23814,-0.03403,0.18787,0.99997
23815,-0.03436,0.95245,0.99997
23816,0.08231,0.99997,-0.00403
23817,0.21155,0.66061,-0.95227
23819,0.20856,-0.58929,-0.90482
23820,0.05576,-1.00000,0.10654
23821,-0.06616,-1.00000,0.99997
23822,0.06363,-0.80997,0.99997
23823,0.41599,0.00516,0.99997
23825,0.58548,0.19104,0.78967
23826,0.04343,-0.22522,-0.07227
23827,-1.00000,-0.64127,-0.52036
23828,-1.00000,-0.51889,-0.61130
23829,-1.00000,0.09332,-0.61090
23830,-1.00000,0.62827,-0.65060
23832,-1.00000,0.54825,-0.61838
23833,0.07388,-0.15817,-0.34366
23834,0.99997,-0.96545,0.16525
23835,0.99997,-1.00000,0.69220
23836,0.99997,-0.82538,0.99997
23838,0.99997,0.01328,0.99997
23839,0.99997,0.71219,0.99570
23840,0.99997,0.94449,0.93237
23841,0.99997,0.79712,0.86865
23842,0.99997,0.58310,0.72238
23844,0.67712,0.49210,0.50693
23845,-0.08514,0.43512,0.38504
23846,-0.34561,0.22098,0.50684
23847,-0.22736,-0.15164,0.79504
23848,-0.09909,-0.42981,0.93213
23850,-0.22510,-0.36459,0.60703
23851,-0.55472,-0.02090,-0.19830
23852,-0.83179,0.21661,-1.00000
23853,-0.88400,-0.01059,-1.00000
23854,-0.79141,-0.66565,-1.00000
23855,-0.78061,-1.00000,-1.00000
23857,-0.97620,-1.00000,0.00726
23858,-1.00000,-0.75046,0.97861
23859,-1.00000,0.35141,0.99997
23860,-1.00000,0.99997,0.99997
23861,-0.94049,0.99997,0.11191
23863,-0.52591,0.99997,-0.64587
23864,-0.18518,0.99997,-0.59723
23865,0.06601,0.99997,0.36667
23866,0.26709,0.02756,0.99997
23867,0.41672,-1.00000,0.99997
23869,0.45834,-1.00000,0.99997
23870,0.35681,-1.00000,0.99997
23871,0.17078,-1.00000,0.99997
23872,0.03311,-0.62271,0.99997
23873,0.05023,0.84451,0.99997
23875,0.21631,0.99997,0.99997
23876,0.42343,0.99997,0.99997
23877,0.55743,0.99997,0.99997
23878,0.58957,0.54974,0.99997
23879,0.58136,-0.10834,0.99997
23880,0.60440,-0.52487,0.99997
23882,0.65771,-0.76993,0.99997
23883,0.66638,-0.91217,0.99997
23884,0.56467,-0.91772,0.60617
23885,0.38080,-0.73834,-1.00000
23886,0.23364,-0.46167,-1.00000
23888,0.23581,-0.31601,-1.00000
23889,0.39017,-0.48215,-1.00000
23890,0.57932,-0.89822,-1.00000
23891,0.66046,-1.00000,-1.00000
23892,0.58026,-1.00000,-1.00000
23894,0.40680,-1.00000,-1.00000
23895,0.25702,-1.00000,-1.00000
23896,0.19373,-1.00000,-1.00000
23897,0.18610,-1.00000,-1.00000
23898,0.15942,-1.00000,-1.00000
23900,0.07581,-1.00000,-1.00000
23901,-0.03253,-1.00000,-1.00000
23902,-0.10065,-1.00000,-1.00000
23903,-0.09494,-1.00000,-1.00000
23904,-0.04169,-1.00000,-1.00000
23905,0.00040,-1.00000,-1.00000
23907,-0.00812,-0.29596,-0.79663
23908,-0.05978,0.94394,0.35248
23909,-0.11545,0.99997,0.99997
23910,-0.14185,0.99997,0.99997
23911,-0.13586,0.99997,0.99997
23913,-0.11841,0.30603,0.99997
23914,-0.10925,-0.59564,0.99997
23915,-0.10889,-1.00000,0.99997
23916,-0.10184,-1.00000,0.99997
23917,-0.07535,-0.88895,0.99997
23919,-0.03271,-0.36945,0.99997
23920,0.01346,0.18039,0.99997
23921,0.06247,0.51236,0.99997
23922,0.13751,0.46075,0.99997
23923,0.26868,0.07336,0.99997
23925,0.45337,-0.41086,0.99997
23926,0.62967,-0.72858,0.99997
23927,0.69711,-0.73529,0.99997
23928,0.58270,-0.41510,0.88962
23929,0.30368,0.17261,0.61774
23930,-0.02817,0.89130,0.19955
23932,-0.27246,0.99997,-0.11288
23933,-0.34869,0.99997,-0.00424
23934,-0.27924,0.99997,0.61435
23935,-0.15887,0.93811,0.99997
23936,-0.08240,0.32629,0.99997
23938,-0.08951,-0.23019,0.99997
23939,-0.16003,-0.81311,0.99997
23940,-0.24677,-1.00000,0.99997
23941,-0.30939,-1.00000,0.26517
23942,-0.32693,-1.00000,-0.20773
23944,-0.29279,-0.08066,0.14664
23945,-0.20886,0.99997,0.99997
23946,-0.08740,0.99997,0.99997
23947,0.04602,0.99997,0.99997
23948,0.15707,0.99997,0.99997
23950,0.21658,0.86169,0.99997
23951,0.21530,0.09430,0.99997
23952,0.16873,-0.13272,0.11237
23953,0.10812,-0.06735,-1.00000
23954,0.06369,-0.06345,-1.00000
23955,0.05127,-0.30133,-1.00000
23957,0.07001,-0.71420,-0.40692
23958,0.10938,-1.00000,0.48523
23959,0.15680,-1.00000,0.99997
23960,0.20038,-0.80420,0.99997
23961,0.22916,-0.21527,0.99997
23963,0.23615,0.33246,0.69141
23964,0.22519,0.58838,0.25137
23965,0.21228,0.52744,0.02377
23966,0.21384,0.32123,0.07800
23967,0.22729,0.13861,0.35870
23969,0.22232,-0.00308,0.72440
23970,0.15796,-0.18469,0.99997
23971,0.01868,-0.41550,0.99997
23972,-0.15964,-0.55902,0.99997
23973,-0.30099,-0.44125,0.92471
23975,-0.33670,-0.02219,0.91476
23976,-0.25381,0.54166,0.99997
23977,-0.10538,0.98914,0.99997
23978,0.02783,0.99997,0.99997
23979,0.09430,0.85104,0.99997
23980,0.10324,0.33661,0.99997
23982,0.10965,-0.20163,0.99997
23983,0.16882,-0.53168,0.99997
23984,0.29514,-0.52234,0.99997
23985,0.45038,-0.18704,0.99997
23986,0.56494,0.33978,0.66068
23988,0.57834,0.86011,-0.12943
23989,0.47775,0.99997,-0.47830
23990,0.31064,0.99997,-0.32562
23991,0.15598,0.87723,0.08240
23992,0.06680,0.48483,0.35397
23994,0.02966,0.20905,0.23883
23995,-0.01462,0.10199,-0.16736
23996,-0.09836,0.00806,-0.49860
23997,-0.17712,-0.23825,-0.45844
23998,-0.16983,-0.55173,-0.13263
24000,-0.06290,-0.59128,0.06415
24001,0.04187,-0.09787,-0.17657
24002,0.02008,0.74008,-0.65146
24003,-0.11411,0.99997,-0.73615
24004,-0.17133,0.99997,0.02863
24005,0.02368,0.08804,0.99997
24007,0.36871,-1.00000,0.99997
24008,0.44791,-1.00000,0.99997
24009,-0.14545,-1.00000,0.99997
24010,-1.00000,-1.00000,0.99997
24011,-1.00000,-0.78903,0.99997
24013,-1.00000,-0.30927,0.99997
24014,-1.00000,0.22427,0.99997
24015,-0.62451,0.89581,0.99997
24016,0.99469,0.99997,-0.20123
24017,0.99997,0.99997,-1.00000
24019,0.99997,0.92249,-0.76886
24020,0.99997,-0.16858,0.66107
24021,0.99997,-1.00000,0.99997
24022,0.99997,-1.00000,0.99997
24023,0.99997,-0.31525,0.99997
24025,0.99997,0.61252,0.42926
24026,0.99997,0.98300,-0.61887
24027,0.99997,0.56464,-0.51266
24028,0.99997,-0.21503,0.69583
24029,0.99997,-0.71100,0.99997
24030,0.99997,-0.66949,0.99997
24032,0.99997,-0.39380,0.99997
24033,0.99997,-0.31122,0.99997
24034,0.99997,-0.42194,0.32452
24035,0.99997,-0.24701,-0.93625
24036,0.67065,0.63657,-1.00000
24038,-0.32211,0.99997,-0.28625
24039,-1.00000,0.99997,0.99997
24040,-1.00000,0.99997,0.99997
24041,-1.00000,0.99997,0.99997
24042,-0.81082,-0.51752,0.99997
24044,-0.62195,-1.00000,0.99997
24045,-0.60242,-1.00000,0.99997
24046,-0.57809,-1.00000,0.54065
24047,-0.45316,-1.00000,0.15967
24048,-0.34320,0.08853,-0.21689
24050,-0.45135,0.58530,-0.41486
24051,-0.83395,0.41888,-0.10135
24052,-1.00000,-0.06668,0.83569
24053,-1.00000,-0.42499,0.99997
24054,-1.00000,-0.40778,0.99997
24055,-1.00000,-0.06726,0.99997
24057,-0.50488,0.36969,0.99997
24058,-0.14218,0.69119,-0.12460
24059,0.00922,0.78113,-1.00000
24060,0.02133,0.59061,-1.00000
24061,0.00946,0.12848,-0.40497
24063,0.04312,-0.47177,0.49921
24064,0.11945,-0.91965,0.94482
24065,0.18463,-0.89874,0.81104
24066,0.16788,-0.30875,0.44675
24067,0.01434,0.60156,0.25101
24069,-0.27957,0.99997,0.27176
24070,-0.63943,0.99997,0.22455
24071,-0.92560,0.99997,-0.10895
24072,-1.00000,0.36148,-0.55338
24073,-0.81857,-0.54562,-0.65659
24075,-0.46149,-1.00000,-0.13232
24076,-0.09421,-1.00000,0.84915
24077,0.14362,-0.96979,0.99997
24078,0.22043,-0.05048,0.99997
24079,0.21017,0.99997,0.99997
24080,0.21384,0.99997,0.99997
24082,0.27493,0.99997,0.99997
24083,0.35654,0.99997,0.89984
24084,0.38940,-0.00024,-1.00000
24085,0.34119,-0.77908,-1.00000
24086,0.24551,-0.94781,-1.00000
24088,0.17081,-0.48322,-1.00000
24089,0.16068,0.34286,-1.00000
24090,0.19922,0.99997,-1.00000
24091,0.22861,0.99997,-1.00000
24092,0.20129,0.99997,-1.00000
24094,0.12167,0.99997,-1.00000
24095,0.04147,0.99997,-1.00000
24096,0.01480,0.99997,-1.00000
24097,0.05136,0.99997,-1.00000
24098,0.10880,0.99997,0.08322
24100,0.12979,0.99997,0.99997
24101,0.09100,0.38434,0.99997
24102,0.02023,-1.00000,0.99997
24103,-0.03156,-1.00000,-1.00000
24104,-0.03760,-1.00000,-1.00000
24105,-0.01859,-1.00000,-1.00000
24107,-0.02234,-1.00000,-1.00000
24108,-0.07974,-1.00000,-0.00565
24109,-0.17557,-1.00000,0.99997
24110,-0.25909,-1.00000,0.99997
24111,-0.28391,-1.00000,0.99997
24113,-0.24423,-1.00000,0.99997
24114,-0.17987,-1.00000,0.99997
24115,-0.14621,0.14142,0.99997
24116,-0.17294,0.99997,0.99997
24117,-0.24197,0.99997,0.99997
24119,-0.30035,0.99997,0.99997
24120,-0.29871,0.99997,0.99997
24121,-0.22507,0.99997,0.99997
24122,-0.10959,0.99997,0.99997
24123,0.00189,0.99997,0.99997
24125,0.08087,0.99997,0.99997
24126,0.13025,0.99997,0.99997
24127,0.17227,0.99997,0.99997
24128,0.22537,0.99997,0.99997
24129,0.28821,0.99997,0.99997
24130,0.33878,0.99997,0.99997
24132,0.34500,0.99997,0.99997
24133,0.28284,0.99997,0.99997
24134,0.15811,0.99997,0.99997
24135,0.01901,0.72748,0.99997
24136,-0.05936,-0.28732,0.99997
24138,-0.02124,-1.00000,0.99997
24139,0.12106,-1.00000,0.99997
24140,0.28253,-1.00000,0.99997
24141,0.36157,-1.00000,0.99997
24142,0.31699,-0.06033,0.99997
24144,0.19931,0.99997,0.92654
24145,0.10535,0.99997,-0.47247
24146,0.09631,0.99997,0.81076
24147,0.15350,0.99997,0.99997
24148,0.20743,0.99997,0.99997
24150,0.20547,0.74725,0.99997
24151,0.15179,0.45526,0.99997
24152,0.09000,0.27527,0.38467
24153,0.05881,-0.10513,-1.00000
24154,0.06781,-0.60431,-1.00000
24155,0.10608,-0.86072,-0.44534
24157,0.15723,-0.68707,0.99997
24158,0.19821,-0.40060,0.99997
24159,0.19412,-0.66196,0.99997
24160,0.11465,-1.00000,-1.00000
24161,-0.02972,-1.00000,-1.00000
24163,-0.17255,-1.00000,-1.00000
24164,-0.22821,-1.00000,-1.00000
24165,-0.16000,-1.00000,-1.00000
24166,-0.01663,-1.00000,-1.00000
24167,0.10455,-1.00000,-1.00000
24169,0.13821,-1.00000,-1.00000
24170,0.10181,-1.00000,-1.00000
24171,0.06839,-1.00000,-1.00000
24172,0.09082,-1.00000,-1.00000
24173,0.15109,-1.00000,-1.00000
24175,0.18167,0.99997,-1.00000
24176,0.13339,0.99997,-1.00000
24177,0.02298,0.99997,-1.00000
24178,-0.08224,0.99997,-1.00000
24179,-0.12216,-1.00000,-1.00000
24180,-0.08841,-1.00000,-1.00000
24182,-0.02039,-1.00000,-1.00000
24183,0.03394,-1.00000,-1.00000
24184,0.05307,-1.00000,-1.00000
24185,0.04681,-1.00000,-1.00000
24186,0.03824,-1.00000,-1.00000
24188,0.04492,-1.00000,-1.00000
24189,0.07263,-1.00000,-0.29797
24190,0.11664,-1.00000,-0.33478
24191,0.16382,-0.84717,-1.00000
24192,0.19589,0.46698,-1.00000
24194,0.19717,0.99997,-1.00000
24195,0.16492,0.99997,-1.00000
24196,0.11194,0.99997,-1.00000
24197,0.05811,0.99997,0.37955
24198,0.01782,0.99997,0.99997
24200,-0.00427,0.99997,0.99997
24201,-0.00800,-0.18027,0.99997
24202,0.00690,-1.00000,0.99997
24203,0.03674,-0.99860,0.99997
24204,0.06622,0.35849,0.99997
24205,0.07120,0.99997,0.99997
24207,0.03522,0.99997,0.99997
24208,-0.03360,0.99997,0.99997
24209,-0.10278,0.99997,0.99997
24210,-0.13623,-0.16138,0.99997
24211,-0.11792,-0.58041,0.99997
24213,-0.05920,-0.28427,0.99997
24214,0.01361,0.18817,0.99997
24215,0.07758,0.39218,0.99997
24216,0.12155,0.31235,0.99997
24217,0.14285,0.22409,0.99997
24219,0.14117,0.32745,0.99997
24220,0.11804,0.55963,0.99997
24221,0.08029,0.73203,0.99997
24222,0.04007,0.78094,0.99997
24223,0.00851,0.83591,0.99997
24225,-0.01114,0.99997,0.99997
24226,-0.02438,0.99997,0.99997
24227,-0.03806,0.99997,0.99997
24228,-0.05203,0.99997,0.99997
24229,-0.05792,0.75757,0.99997
24230,-0.04654,0.14816,0.99997
24232,-0.01865,-0.19965,0.99997
24233,0.01147,-0.17474,0.99997
24234,0.02380,0.07068,0.99997
24235,0.00720,0.28592,0.99997
24236,-0.03043,0.33447,0.99997
24238,-0.06540,0.26810,0.99997
24239,-0.07422,0.22647,0.99997
24240,-0.05063,0.28851,0.99997
24241,-0.01044,0.41760,0.99997
24242,0.02090,0.52805,0.99997
24244,0.02936,0.58026,0.99997
24245,0.02429,0.60431,0.99997
24246,0.02963,0.64005,0.99997
24247,0.05930,0.67139,0.99997
24248,0.09827,0.63004,0.99997
24250,0.11136,0.46710,0.99997
24251,0.07703,0.21918,0.99997
24252,0.01559,-0.00189,0.99997
24253,-0.02142,-0.09265,0.99997
24254,-0.00159,-0.04166,0.99997
24255,0.04340,0.06418,0.99997
24257,0.02823,0.11789,0.99997
24258,-0.11462,0.08606,0.99997
24259,-0.36206,0.03339,0.98792
24260,-0.59613,0.05713,0.95923
24261,-0.68280,0.19324,0.98340
24263,-0.57010,0.38120,0.83429
24264,-0.32242,0.51947,0.51508
24265,-0.06573,0.55710,0.28046
24266,0.10330,0.53461,0.40479
24267,0.16687,0.53738,0.84872
24269,0.16568,0.60846,0.99997
24270,0.14487,0.70572,0.73148
24271,0.12085,0.74323,-0.52734
24272,0.08817,0.67496,-1.00000
24273,0.04276,0.54114,-1.00000
24275,-0.00830,0.43539,-1.00000
24276,-0.05542,0.42517,-0.26834
24277,-0.09613,0.49747,0.99997
24278,-0.13272,0.57254,0.99997
24279,-0.16272,0.56876,0.99997
24280,-0.17703,0.46252,0.99997
24282,-0.16885,0.30093,0.99997
24283,-0.14398,0.16464,0.99997
24284,-0.11963,0.11212,0.99997
24285,-0.11133,0.14389,0.99997
24286,-0.11908,0.20724,0.99997
24288,-0.12650,0.23636,0.99997
24289,-0.11435,0.19955,0.99997
24290,-0.07742,0.12030,0.99997
24291,-0.02942,0.05682,0.99997
24292,0.00806,0.05722,0.99997
24294,0.02209,0.12552,0.99997
24295,0.01511,0.22391,0.99997
24296,-0.00305,0.30301,0.99997
24297,-0.02594,0.33148,0.86746
24298,-0.05182,0.30341,0.99997
24300,-0.07550,0.22855,0.99997
24301,-0.08411,0.12436,0.99997
24302,-0.06647,0.01669,0.99997
24303,-0.02756,-0.06009,0.99997
24304,0.00980,-0.07587,0.99997
24305,0.02240,-0.02362,0.99997
24307,0.00763,0.07382,0.99997
24308,-0.01404,0.17920,0.99997
24309,-0.01874,0.26578,0.94412
24310,-0.00137,0.32977,0.67548
24311,0.02179,0.38113,0.32632
24313,0.03207,0.42502,0.03610
24314,0.02792,0.45361,-0.10257
24315,0.02515,0.45361,-0.08844
24316,0.03815,0.41855,0.02066
24317,0.06219,0.35349,0.16345
24319,0.07489,0.27054,0.30511
24320,0.05527,0.18353,0.43619
24321,0.00253,0.10703,0.56052
24322,-0.06250,0.05569,0.68353
24323,-0.11368,0.03812,0.79736
24325,-0.13846,0.04874,0.87051
24326,-0.14221,0.06815,0.86649
24327,-0.13647,0.07632,0.79816
24328,-0.12360,0.06958,0.77222
24329,-0.09485,0.06503,0.95370
24330,-0.04376,0.08719,0.99997
24332,0.01923,0.14886,0.99997
24333,0.06833,0.24292,0.99997
24334,0.08179,0.35037,0.99997
24335,0.06091,0.45306,0.99997
24336,0.02896,0.53705,0.99997
24338,0.00931,0.58685,0.99997
24339,0.00421,0.58426,0.53946
24340,-0.00378,0.52109,0.33694
24341,-0.02878,0.41797,0.33792
24342,-0.06201,0.32657,0.37048
24344,-0.07785,0.30402,0.34378
24345,-0.06097,0.37366,0.28094
24346,-0.02600,0.50446,0.25534
24347,-0.00717,0.62949,0.30621
24348,-0.02625,0.69168,0.40735
24350,-0.07007,0.67905,0.50494
24351,-0.10132,0.62030,0.57907
24352,-0.09259,0.54797,0.66061
24353,-0.05121,0.46661,0.77942
24354,-0.01135,0.35876,0.89685
24355,-0.00320,0.22318,0.91190
24357,-0.02917,0.10510,0.76263
24358,-0.06860,0.08038,0.52649
24359,-0.10156,0.19806,0.38611
24360,-0.12552,0.42905,0.44788
24361,-0.14948,0.67181,0.57245
24363,-0.17490,0.82022,0.40649
24364,-0.18536,0.84149,-0.36871
24365,-0.15671,0.79651,-1.00000
24366,-0.07822,0.77899,-1.00000
24367,0.03345,0.82278,-1.00000
24369,0.13928,0.86169,-1.00000
24370,0.20010,0.78766,-1.00000
24371,0.20245,0.56345,-1.00000
24372,0.17203,0.28766,-1.00000
24373,0.16119,0.14090,-1.00000
24375,0.21127,0.24548,-1.00000
24376,0.31070,0.55545,-1.00000
24377,0.38470,0.87680,-1.00000
24378,0.33655,0.99997,-1.00000
24379,0.12100,0.87930,-1.00000
24380,-0.20505,0.59503,0.17615
24382,-0.50131,0.32794,0.99997
24383,-0.62753,0.19263,0.99997
24384,-0.53287,0.18588,0.99997
24385,-0.28470,0.23056,0.99997
24386,-0.01776,0.26056,0.99997
24388,0.15482,0.26471,0.99997
24389,0.20251,0.26556,0.99997
24390,0.17310,0.27408,0.99997
24391,0.13803,0.27408,0.99997
24392,0.13541,0.24622,0.99997
24394,0.15225,0.19751,0.99997
24395,0.15063,0.16040,0.99997
24396,0.10883,0.16180,0.99997
24397,0.04065,0.19458,0.99997
24398,-0.02002,0.22052,0.99997
24400,-0.05133,0.20126,0.99997
24401,-0.05978,0.12863,0.99997
24402,-0.06668,0.02863,0.99997
24403,-0.08090,-0.06003,0.99997
24404,-0.08844,-0.11090,0.99997
24405,-0.06955,-0.11981,0.99997
24407,-0.02515,-0.09750,0.99997
24408,0.01776,-0.05884,0.99997
24409,0.02893,-0.01749,0.99997
24410,0.00256,0.01520,0.99997
24411,-0.03809,0.03293,0.99997
24413,-0.06366,0.03860,0.99997
24414,-0.06439,0.04333,0.99997
24415,-0.05359,0.05765,0.99997
24416,-0.04874,0.08267,0.99997
24417,-0.05176,0.11111,0.99997
24419,-0.04871,0.13715,0.99997
24420,-0.02539,0.16376,0.99997
24421,0.01852,0.19733,0.99997
24422,0.06989,0.23468,0.99997
24423,0.11224,0.25778,0.99997
24425,0.13336,0.24564,0.99997
24426,0.12613,0.19385,0.99997
24427,0.08853,0.12280,0.99997
24428,0.02786,0.06445,0.99997
24429,-0.03528,0.03845,0.99997
24430,-0.07385,0.03912,0.99997
24432,-0.07236,0.04486,0.99997
24433,-0.04227,0.04019,0.99997
24434,-0.01752,0.02917,0.99997
24435,-0.02957,0.02786,0.99997
24436,-0.08109,0.04456,0.99997
24438,-0.14215,0.06824,0.99997
24439,-0.17416,0.07791,0.99997
24440,-0.16104,0.06375,0.99997
24441,-0.12057,0.03937,0.99997
24442,-0.08694,0.03204,0.99997
24444,-0.08109,0.05933,0.94040
24445,-0.09586,0.11292,-0.53024
24446,-0.10678,0.16428,-0.72708
24447,-0.09564,0.18625,0.17770
24448,-0.06442,0.17206,0.99997
24450,-0.02957,0.13733,0.99997
24451,-0.00543,0.10641,0.99997
24452,0.00537,0.09567,0.99997
24453,0.00717,0.10477,0.99997
24454,0.00052,0.12051,0.99997
24455,-0.02103,0.12820,0.99997
24457,-0.06119,0.12326,0.99997
24458,-0.10855,0.11481,0.99997
24459,-0.13611,0.11719,0.99997
24460,-0.11884,0.13480,0.99997
24461,-0.05692,0.15265,0.99997
24463,0.01569,0.14447,-1.00000
24464,0.05005,0.09436,-1.00000
24465,0.01797,0.01520,-1.00000
24466,-0.06296,-0.05435,-1.00000
24467,-0.13751,-0.07416,-1.00000
24469,-0.15140,-0.03040,0.99997
24470,-0.09134,0.05484,0.99997
24471,0.00497,0.13876,0.99997
24472,0.07733,0.18689,0.99997
24473,0.08734,0.19495,0.99997
24475,0.04486,0.18842,0.99997
24476,-0.00189,0.19806,0.99997
24477,-0.00348,0.22943,0.99997
24478,0.05478,0.25339,0.99997
24479,0.14197,0.23248,0.99997
24480,0.20178,0.16495,0.99997
24482,0.19006,0.10092,0.99997
24483,0.10513,0.10004,0.99997
24484,-0.00970,0.15796,0.99997
24485,-0.09464,0.17599,0.99997
24486,-0.11429,0.02521,0.99997
24488,-0.08148,-0.33279,-0.47235
24489,-0.04288,-0.77664,-1.00000
24490,-0.03741,-1.00000,-1.00000
24491,-0.06229,-1.00000,-1.00000
24492,-0.07816,-0.81647,-0.95999
24494,-0.04932,-0.41351,-0.96674
24495,0.01834,-0.07776,-1.00000
24496,0.08005,0.10416,-1.00000
24497,0.09390,0.17236,-1.00000
24498,0.06195,0.21664,-1.00000
24500,0.03000,0.28769,-1.00000
24501,0.04510,0.37198,-1.00000
24502,0.11185,0.42923,-1.00000
24503,0.18829,0.43884,-1.00000
24504,0.22342,0.41342,-1.00000
24505,0.19864,0.38077,-1.00000
24507,0.13535,0.36148,-1.00000
24508,0.06738,0.35803,-1.00000
24509,0.01041,0.35571,-0.94394
24510,-0.04214,0.33176,-0.72476
24511,-0.09756,0.27090,-1.00000
24513,-0.14426,0.18100,-1.00000
24514,-0.15631,0.09393,-1.00000
24515,-0.11749,0.04510,-1.00000
24516,-0.04056,0.04599,-1.00000
24517,0.03745,0.07617,-1.00000
24519,0.07977,0.10516,-1.00000
24520,0.07385,0.12253,-1.00000
24521,0.03644,0.14438,-1.00000
24522,-0.00165,0.18829,-1.00000
24523,-0.01797,0.24323,-1.00000
24525,-0.01199,0.26947,-1.00000
24526,-0.00162,0.23306,-1.00000
24527,-0.00674,0.14105,-1.00000
24528,-0.03287,0.04080,-1.00000
24529,-0.06656,-0.01871,-1.00000
24530,-0.08719,-0.02533,-1.00000
24532,-0.08621,-0.00415,-1.00000
24533,-0.07852,0.01895,-1.00000
24534,-0.09375,0.04941,-1.00000
24535,-0.15198,0.11542,-1.00000
24536,-0.24112,0.22696,-1.00000
24538,-0.31622,0.34857,0.51498
24539,-0.32526,0.42014,0.99997
24540,-0.24542,0.40811,0.99997
24541,-0.10370,0.33569,0.99997
24542,0.03574,0.25931,0.99997
24544,0.11023,0.21576,0.99997
24545,0.09766,0.19495,0.99997
24546,0.02808,0.16422,0.99997
24547,-0.04016,0.11453,0.99997
24548,-0.06174,0.07462,0.99997
24550,-0.03336,0.07733,0.99997
24551,0.01022,0.11655,0.99997
24552,0.02753,0.14594,0.99997
24553,0.00323,0.12332,0.62500
24554,-0.04382,0.05405,0.99997
24555,-0.08145,-0.01443,0.99997
24557,-0.09195,-0.04080,0.99997
24558,-0.08112,-0.02850,0.99997
24559,-0.06195,-0.01324,0.99997
24560,-0.03329,-0.01498,0.99997
24561,0.02029,-0.01028,0.99997
24563,0.10471,0.04077,0.99997
24564,0.19495,0.13995,0.99997
24565,0.24518,0.22940,0.99997
24566,0.22739,0.23254,0.99997
24567,0.16080,0.12234,0.99997
24569,0.09711,-0.04999,0.99997
24570,0.06943,-0.19623,0.99997
24571,0.05463,-0.26422,-0.35880
24572,-0.00653,-0.27438,-1.00000
24573,-0.14343,-0.28696,-1.00000
24575,-0.30624,-0.33261,-1.00000
24576,-0.38913,-0.36963,-1.00000
24577,-0.31439,-0.30566,-1.00000
24578,-0.10559,-0.06738,-1.00000
24579,0.12015,0.32895,-1.00000
24580,0.23816,0.75400,0.14792
24582,0.20901,0.99997,0.99997
24583,0.09943,0.98141,0.99997
24584,0.01855,0.70459,0.99997
24585,0.02905,0.46353,-0.85657
24586,0.10858,0.61346,-1.00000
24588,0.18542,0.99997,-1.00000
24589,0.20551,0.99997,-1.00000
24590,0.16840,0.99997,-0.79584
24591,0.10825,0.99997,0.25131
24592,0.04932,0.99997,-0.28110
24594,-0.01575,-0.08060,-1.00000
24595,-0.10788,-1.00000,-1.00000
24596,-0.22769,-1.00000,-1.00000
24597,-0.34280,-1.00000,-1.00000
24598,-0.40808,-1.00000,-1.00000
24600,-0.39856,-1.00000,-1.00000
24601,-0.32651,-1.00000,-0.72589
24602,-0.23154,-1.00000,0.99997
24603,-0.15555,-1.00000,0.99997
24604,-0.11996,-1.00000,0.99997
24605,-0.11694,-1.00000,0.99997
24607,-0.11630,-1.00000,0.99997
24608,-0.08438,-1.00000,0.99997
24609,-0.00580,0.52304,0.99997
24610,0.10498,0.99997,0.99997
24611,0.21243,0.99997,0.99997
24613,0.28336,0.99997,0.99997
24614,0.30630,0.99997,0.99997
24615,0.29156,0.99997,-1.00000
24616,0.25418,-0.51987,-1.00000
24617,0.19943,-1.00000,-1.00000
24619,0.12427,-0.98477,-1.00000
24620,0.03000,-0.66647,-1.00000
24621,-0.06943,-0.95895,-1.00000
24622,-0.15341,-1.00000,-1.00000
24623,-0.20963,-1.00000,-1.00000
24625,-0.24628,-1.00000,-1.00000
24626,-0.29330,-1.00000,-1.00000
24627,-0.38895,-1.00000,0.12854
24628,-0.55334,-1.00000,0.99997
24629,-0.76215,-1.00000,0.99997
24630,-0.94473,-1.00000,0.99997
24632,-1.00000,-1.00000,0.99997
24633,-0.97272,-1.00000,0.99997
24634,-0.84042,-1.00000,0.99997
24635,-0.70120,-1.00000,0.99997
24636,-0.57721,-0.16971,0.99997
24638,-0.41968,0.99997,0.99997
24639,-0.19336,0.99997,0.99997
24640,0.01343,0.99997,0.99997
24641,-0.00708,0.99997,0.99997
24642,-0.41641,0.99997,0.99997
24644,-1.00000,0.99997,0.99997
24645,-1.00000,0.99997,0.99997
24646,-1.00000,0.99997,0.99997
24647,-1.00000,0.99997,0.99997
24648,-0.93625,0.99997,0.99997
24650,-0.15222,-0.00562,0.99997
24651,0.37509,-1.00000,0.99997
24652,0.60001,-1.00000,0.99997
24653,0.63776,-0.57669,0.99997
24654,0.60022,0.99997,0.30145
24655,0.52347,0.99997,-1.00000
24657,0.41885,0.99997,-1.00000
24658,0.32843,0.99997,-1.00000
24659,0.28729,0.99997,-1.00000
24660,0.24304,0.99997,-1.00000
24661,0.05954,0.99997,-1.00000
24663,-0.35974,0.99997,-1.00000
24664,-0.94376,0.99997,-0.32071
24665,-1.00000,0.99997,0.99997
24666,-1.00000,0.99997,0.99997
24667,-1.00000,0.99997,0.99997
24669,-1.00000,0.99997,0.99997
24670,-0.63254,0.99997,0.78375
24671,-0.25378,0.99997,0.22885
24672,-0.01367,0.94913,0.85995
24673,0.12817,0.78000,0.99997
24675,0.22913,0.58371,0.99997
24676,0.31677,0.41901,0.99997
24677,0.37741,0.49051,0.99997
24678,0.37222,0.99820,0.99997
24679,0.27118,0.99997,0.99997
24680,0.09027,0.99997,0.99997
24682,-0.09381,0.99997,0.99997
24683,-0.17432,0.99997,0.99997
24684,-0.08179,0.99997,0.99997
24685,0.15710,0.99997,0.99997
24686,0.42017,0.99997,0.99997
24688,0.56082,0.99997,0.99997
24689,0.50726,0.99997,0.99997
24690,0.31821,0.99997,0.45129
24691,0.14648,0.96057,-0.84430
24692,0.12802,0.81848,-1.00000
24694,0.27609,0.86182,-1.00000
24695,0.46854,0.92847,-1.00000
24696,0.54605,0.89728,-1.00000
24697,0.44345,0.78598,0.07532
24698,0.24005,0.71698,0.89481
24700,0.08444,0.79001,0.99997
24701,0.06549,0.98538,0.92453
24702,0.14880,0.99997,0.40366
24703,0.22809,0.99997,-0.04401
24704,0.22751,0.99997,-0.18265
24705,0.15485,0.99997,-0.00616
24707,0.07242,0.93811,0.30377
24708,0.03757,0.85602,0.53748
24709,0.07111,0.79431,0.59933
24710,0.15771,0.71994,0.53323
24711,0.24887,0.63312,0.44397
24713,0.26620,0.56555,0.40402
24714,0.13187,0.54553,0.41638
24715,-0.17493,0.56943,0.44025
24716,-0.58914,0.60416,0.44217
24717,-1.00000,0.61206,0.43167
24719,-1.00000,0.57373,0.45325
24720,-1.00000,0.49533,0.53323
24721,-1.00000,0.40192,0.62207
24722,-1.00000,0.32382,0.60291
24723,-1.00000,0.27927,0.39764
24725,-1.00000,0.26093,0.09430
24726,-0.72687,0.23737,-0.05023
24727,-0.17642,0.17621,0.20221
24728,0.33597,0.07501,0.82266
24729,0.85266,-0.02939,0.99997
24730,0.99997,-0.08884,0.99997
24732,0.99997,-0.09055,0.99997
24733,0.99997,-0.07623,0.31454
24734,0.99997,-0.10712,-0.36981
24735,0.99997,-0.19952,-0.51352
24736,0.99997,-0.29449,-0.14951
24738,0.99997,-0.30173,0.35880
24739,0.99997,-0.18671,0.65131
24740,0.99997,-0.01895,0.63568
24741,0.99997,0.07529,0.47113
24742,0.99997,0.02200,0.34396
24744,0.99997,-0.12897,0.28107
24745,0.99997,-0.24203,0.16284
24746,0.99997,-0.21262,-0.12088
24747,0.99997,-0.05606,-0.54987
24748,0.99997,0.11169,-0.99130
24750,0.99997,0.17844,-1.00000
24751,0.99997,0.12378,-1.00000
24752,0.99997,0.01477,-1.00000
24753,0.99997,-0.07230,-1.00000
24754,0.82623,-0.11829,-0.88736
24755,0.07568,-0.15390,-0.63254
24757,-0.74902,-0.19925,-0.41760
24758,-1.00000,-0.22403,-0.17648
24759,-0.85922,-0.17505,0.21353
24760,-0.01672,-0.04358,0.79654
24761,0.87085,0.10010,0.99997
24763,0.99997,0.15024,0.99997
24764,0.99997,0.05841,0.99997
24765,0.56143,-0.10971,0.95605
24766,0.01962,-0.21677,0.10706
24767,-0.21402,-0.17337,-0.58563
24769,-0.14081,-0.03064,-0.94974
24770,0.02994,0.05341,-1.00000
24771,0.09903,-0.03561,-0.99585
24772,0.04160,-0.23413,-0.87930
24773,-0.01456,-0.32831,-0.67151
24775,0.04095,-0.14908,-0.38266
24776,0.15796,0.23886,-0.12589
24777,0.16797,0.55630,-0.04694
24778,-0.01352,0.55167,-0.17630
24779,-0.23541,0.24414,-0.36258
24780,-0.21271,-0.08936,-0.36847
24782,0.15839,-0.19873,-0.05612
24783,0.56866,-0.14362,0.49310
24784,0.42987,-0.27686,0.99997
24785,-0.66962,-0.92050,0.99997
24786,-1.00000,-1.00000,0.99997
24788,-1.00000,-1.00000,0.77768
24789,-1.00000,-1.00000,0.42355
24790,-1.00000,-1.00000,0.29535
24791,-1.00000,-1.00000,0.43832
24792,-1.00000,-1.00000,0.73364
24794,-1.00000,0.24673,0.99997
24795,-1.00000,0.99997,0.99997
24796,-1.00000,0.99997,0.99997
24797,-1.00000,0.69662,0.99997
24798,-1.00000,-1.00000,0.99997
24800,-1.00000,-1.00000,0.81323
24801,-1.00000,-1.00000,0.50385
24802,-1.00000,-1.00000,0.25821
24803,-1.00000,-1.00000,0.21835
24804,-1.00000,-1.00000,0.32294
24805,-1.00000,-1.00000,0.24030
24807,-1.00000,-1.00000,-0.39218
24808,-1.00000,-0.00824,-1.00000
24809,0.99997,0.99997,-1.00000
24810,0.99997,0.99997,-1.00000
24811,0.99997,0.99997,-1.00000
24813,0.99997,0.99997,0.16473
24814,0.99997,0.56326,0.99997
24815,0.99997,0.06580,0.99997
24816,0.99997,0.99997,0.99997
24817,0.99997,0.99997,0.99997
24819,0.99997,0.99997,0.89624
24820,0.99997,0.99997,0.96393
24821,0.99997,0.99997,0.99997
24822,0.99997,0.99997,0.83365
24823,0.99997,0.99997,-0.07440
24825,0.99997,0.99997,-1.00000
24826,0.99997,0.99997,-1.00000
24827,0.99997,0.99997,-1.00000
24828,0.99997,0.99997,-0.72391
24829,0.99997,0.99997,0.19244
24830,0.99997,0.99997,0.84546
24832,0.99997,0.99997,0.99997
24833,0.99997,0.82761,0.99997
24834,0.99997,0.35052,0.94565
24835,0.99997,-0.15985,0.62274
24836,0.99997,-0.62106,0.20923
24838,0.99997,-1.00000,-0.14618
24839,0.99997,-1.00000,-0.26471
24840,0.99997,-1.00000,-0.13333
24841,0.99997,-1.00000,-0.01614
24842,0.99997,-1.00000,-0.29425
24844,0.99997,-1.00000,-1.00000
24845,0.99997,-0.77213,-1.00000
24846,0.99997,-0.42874,-1.00000
24847,0.99997,-0.29932,-1.00000
24848,0.99997,-0.24377,-1.00000
24850,0.99997,-0.11295,-0.59308
24851,0.99997,0.10776,-1.00000
24852,0.99997,0.30743,-1.00000
24853,0.99997,0.39017,-1.00000
24854,0.99997,0.39499,-1.00000
24855,0.98438,0.47003,-1.00000
24857,0.70145,0.72543,-1.00000
24858,0.56015,0.99997,-0.52905
24859,0.55255,0.99997,0.99997
24860,0.60217,0.99997,0.99997
24861,0.62381,0.99997,0.99997
24863,0.57147,0.77029,0.99997
24864,0.45776,0.25983,0.99997
24865,0.34140,-0.19711,0.99997
24866,0.28586,-0.57932,0.99997
24867,0.30771,-0.89069,0.99997
24869,0.35376,-1.00000,0.99997
24870,0.33667,-1.00000,0.99997
24871,0.21036,-0.98489,0.99997
24872,0.01935,-0.66647,0.99997
24873,-0.12967,-0.30139,-0.16013
24875,-0.15567,-0.01437,-0.89130
24876,-0.07111,0.12299,-0.83875
24877,0.03268,0.11957,-0.45898
24878,0.06592,0.04489,-0.23376
24879,0.00912,-0.01981,-0.33353
24880,-0.08929,-0.03101,-0.59097
24882,-0.17181,-0.00677,-0.74869
24883,-0.22302,-0.00885,-0.71115
24884,-0.26804,-0.08936,-0.58194
24885,-0.33081,-0.23761,-0.51044
24886,-0.39996,-0.37274,-0.54031
24888,-0.43204,-0.39694,-0.59732
24889,-0.38315,-0.27402,-0.58707
24890,-0.24112,-0.06738,-0.48175
24891,-0.03836,0.09915,-0.32703
24892,0.15771,0.12958,-0.19244
24894,0.27258,0.02176,-0.12225
24895,0.26147,-0.14072,-0.11493
24896,0.13593,-0.25897,-0.13159
24897,-0.04251,-0.28912,-0.12790
24898,-0.20410,-0.25784,-0.09235
24900,-0.31754,-0.22162,-0.05606
24901,-0.40106,-0.21475,-0.05045
24902,-0.48758,-0.23102,-0.04785
24903,-0.58154,-0.24350,0.03564
24904,-0.65430,-0.23438,0.24243
24905,-0.68164,-0.20557,0.46194
24907,-0.67767,-0.16919,0.44485
24908,-0.68097,-0.13489,-0.01083
24909,-0.70410,-0.10690,-0.83408
24910,-0.70657,-0.08627,-1.00000
24911,-0.63007,-0.07254,-1.00000
24913,-0.46671,-0.06674,-1.00000
24914,-0.28497,-0.08133,-0.48181
24915,-0.17471,-0.14688,0.43912
24916,-0.15445,-0.29565,0.75452
24917,-0.13312,-0.51938,0.23584
24919,0.02200,-0.73511,-0.98621
24920,0.35214,-0.80472,-1.00000
24921,0.71906,-0.61301,-1.00000
24922,0.85257,-0.15137,-1.00000
24923,0.52686,0.46552,-1.00000
24925,-0.24881,0.99997,-1.00000
24926,-1.00000,0.99997,-1.00000
24927,-1.00000,0.99997,-1.00000
24928,-1.00000,0.99997,0.99997
24929,-1.00000,0.99997,0.99997
24930,-0.57202,0.99997,0.99997
24932,0.02246,0.88519,0.99997
24933,0.26562,0.32471,0.99997
24934,0.24045,-0.11884,0.99997
24935,0.14203,-0.32343,0.99997
24936,0.05508,-0.29605,0.99997
24938,-0.11902,-0.15829,0.02512
24939,-0.53290,-0.04779,-1.00000
24940,-1.00000,-0.02206,-1.00000
24941,-1.00000,-0.04419,-1.00000
24942,-1.00000,-0.04752,-0.92725
24944,-1.00000,-0.00729,-0.74075
24945,-1.00000,0.04681,-0.90952
24946,-1.00000,0.07639,-1.00000
24947,-1.00000,0.08047,-1.00000
24948,-1.00000,0.09448,-0.93860
24950,-0.42874,0.14798,-0.72949
24951,0.24408,0.22757,-0.65085
24952,0.76257,0.28229,-0.69373
24953,0.99997,0.26556,-0.75085
24954,0.99997,0.17477,-0.73309
24955,0.99997,0.05496,-0.62497
24957,0.99997,-0.03540,-0.46143
24958,0.85098,-0.06726,-0.28400
24959,0.60626,-0.05853,-0.12222
24960,0.37982,-0.05313,0.00333
24961,0.21411,-0.08041,0.07938
24963,0.09048,-0.13040,0.10699
24964,-0.05780,-0.16617,0.10669
24965,-0.27219,-0.16049,0.11002
24966,-0.50418,-0.12051,0.14056
24967,-0.63266,-0.07678,0.19608
24969,-0.55975,-0.04895,0.24579
24970,-0.30319,-0.02563,0.24954
24971,0.00082,0.01886,0.18814
24972,0.19067,0.08911,0.08057
24973,0.19122,0.15369,-0.02911
24975,0.05478,0.17026,-0.10651
24976,-0.09293,0.12729,-0.15137
24977,-0.14890,0.06021,-0.18695
24978,-0.09302,0.02399,-0.22598
24979,0.02246,0.04742,-0.24960
24980,0.12860,0.11072,-0.22321
24982,0.18665,0.16501,-0.13300
24983,0.19629,0.17300,-0.00513
24984,0.17627,0.13437,0.11148
24985,0.14780,0.07758,0.18033
24986,0.13388,0.03177,0.19620
24988,0.16055,0.00659,0.17581
24989,0.24048,-0.00607,0.13803
24990,0.34641,-0.01688,0.09525
24991,0.40726,-0.02850,0.05838
24992,0.34869,-0.03830,0.04007
24994,0.15607,-0.04642,0.04739
24995,-0.09589,-0.05759,0.07266
24996,-0.28354,-0.07465,0.09540
24997,-0.32010,-0.09296,0.09619
24998,-0.21585,-0.10294,0.07089
25000,-0.06125,-0.09909,0.03601
25001,0.04929,-0.08469,0.02417
25002,0.08334,-0.06723,0.06787
25003,0.07214,-0.05008,0.17258
25004,0.05991,-0.02945,0.29410
25005,0.05942,0.00031,0.35291
25007,0.05475,0.03809,0.29752
25008,0.03656,0.07285,0.17035
25009,0.02191,0.08850,0.09378
25010,0.03503,0.07443,0.15396
25011,0.07260,0.03546,0.28418
25013,0.09601,-0.00656,0.29904
25014,0.06219,-0.02481,0.09711
25015,-0.03641,-0.00894,-0.16278
25016,-0.16119,0.02133,-0.15417
25017,-0.25391,0.02930,0.25418
25019,-0.27417,-0.00040,0.69635
25020,-0.21811,-0.02670,0.44543
25021,-0.11115,0.04227,-1.00000
25022,0.01062,0.29453,-1.00000
25023,0.11551,0.74615,-1.00000
25025,0.18399,0.99997,-1.00000
25026,0.21307,0.99997,-1.00000
25027,0.21658,0.99997,-1.00000
25028,0.21783,0.99997,-1.00000
25029,0.23505,0.99997,-1.00000
25030,0.26981,0.99997,-1.00000
25032,0.30777,0.99997,-1.00000
25033,0.33176,0.99997,-1.00000
25034,0.33517,0.99997,0.60571
25035,0.32468,0.99997,0.99997
25036,0.31076,0.99997,0.99997
25038,0.29584,0.99997,0.99997
25039,0.27060,0.99997,0.99997
25040,0.22083,0.99997,0.99997
25041,0.13925,0.88422,0.99997
25042,0.03348,0.17117,0.99997
25044,-0.07483,-0.63995,0.73685
25045,-0.15948,-1.00000,-1.00000
25046,-0.20261,-1.00000,-1.00000
25047,-0.20380,-1.00000,-1.00000
25048,-0.17947,-0.82220,-1.00000
25050,-0.15225,-0.58923,-1.00000
25051,-0.13675,-0.52396,-1.00000
25052,-0.13278,-0.48300,-1.00000
25053,-0.13113,-0.32996,-1.00000
25054,-0.12625,-0.10709,-1.00000
25055,-0.12302,0.01376,-1.00000
25057,-0.12973,-0.03418,-1.00000
25058,-0.14426,-0.04892,-1.00000
25059,-0.14890,0.30905,-1.00000
25060,-0.12415,0.99997,-1.00000
25061,-0.07080,0.99997,-1.00000
25063,-0.01846,0.99997,-1.00000
25064,-0.00729,0.99997,-1.00000
25065,-0.05478,0.98901,-1.00000
25066,-0.13745,-0.41882,-1.00000
25067,-0.20700,-1.00000,-1.00000
25069,-0.22870,-1.00000,-1.00000
25070,-0.20779,-0.87091,-1.00000
25071,-0.17947,-0.40335,-1.00000
25072,-0.17270,-0.23123,-1.00000
25073,-0.18439,-0.29880,-1.00000
25075,-0.18808,-0.36511,-1.00000
25076,-0.16537,-0.27258,-1.00000
25077,-0.12457,-0.05875,-1.00000
25078,-0.08710,0.13477,-1.00000
25079,-0.05896,0.21283,-1.00000
25080,-0.02246,0.18912,-1.00000
25082,0.04028,0.13870,-1.00000
25083,0.11789,0.12140,-1.00000
25084,0.16928,0.14847,-1.00000
25085,0.15744,0.19778,-1.00000
25086,0.08490,0.24234,-1.00000
25088,-0.00372,0.26639,-0.96573
25089,-0.05533,0.26889,-0.54697
25090,-0.04697,0.26065,-0.42337
25091,0.00195,0.25540,-0.48871
25092,0.04858,0.25757,-0.56879
25094,0.05710,0.25650,-0.56281
25095,0.01913,0.23557,-0.49301
25096,-0.04443,0.18942,-0.44101
25097,-0.09747,0.13272,-0.45078
25098,-0.11111,0.08994,-0.49268
25100,-0.08432,0.07635,-0.50732
25101,-0.04675,0.08820,-0.47015
25102,-0.03732,0.10971,-0.40955
25103,-0.07080,0.12750,-0.36896
25104,-0.12173,0.13708,-0.36005
25105,-0.14337,0.13782,-0.35468
25107,-0.10724,0.12598,-0.31812
25108,-0.02713,0.09515,-0.24548
25109,0.05463,0.04388,-0.16577
25110,0.10428,-0.01874,-0.11340
25111,0.12061,-0.07578,-0.09732
25113,0.12643,-0.11151,-0.09732
25114,0.14066,-0.11984,-0.08728
25115,0.16132,-0.10596,-0.06100
25116,0.17255,-0.08136,-0.03549
25117,0.16342,-0.05573,-0.02856
25119,0.13797,-0.03125,-0.03522
25120,0.11093,-0.00369,-0.02835
25121,0.09744,0.03021,0.01221
25122,0.10568,0.06528,0.06985
25123,0.13324,0.08871,0.09506
25125,0.16525,0.09036,0.04941
25126,0.17786,0.07385,-0.04578
25127,0.15121,0.05667,-0.10519
25128,0.08640,0.05673,-0.03467
25129,0.01086,0.07648,0.19482
25130,-0.03696,0.09924,0.51859
25132,-0.03473,0.10226,0.82162
25133,0.00867,0.07483,0.99997
25134,0.06302,0.02658,0.99997
25135,0.10184,-0.02063,0.99997
25136,0.11880,-0.04926,0.89069
25138,0.12186,-0.05762,0.64908
25139,0.11594,-0.05768,0.30777
25140,0.09537,-0.06168,-0.07138
25141,0.05423,-0.06964,-0.36862
25142,0.00168,-0.06836,-0.47025
25144,-0.03772,-0.04398,-0.34576
25145,-0.04236,0.00195,-0.07272
25146,-0.01312,0.04858,0.21021
25147,0.02567,0.07040,0.38361
25148,0.04556,0.05969,0.40305
25150,0.03552,0.03561,0.30051
25151,0.00677,0.02945,0.14627
25152,-0.01999,0.05676,0.00510
25153,-0.03079,0.10165,-0.08792
25154,-0.02475,0.12897,-0.12933
25155,-0.00986,0.11462,-0.13721
25157,0.00345,0.06671,-0.13861
25158,0.00656,0.01840,-0.15790
25159,-0.00461,-0.00085,-0.20587
25160,-0.02728,0.01077,-0.27158
25161,-0.05289,0.02872,-0.32413
25163,-0.07394,0.02560,-0.32977
25164,-0.09082,-0.00571,-0.27853
25165,-0.10910,-0.04871,-0.19940
25166,-0.12820,-0.07901,-0.14523
25167,-0.13443,-0.08237,-0.15131
25169,-0.11075,-0.06036,-0.20087
25170,-0.05777,-0.02472,-0.23160
25171,-0.00317,0.00870,-0.18478
25172,0.01562,0.02313,-0.05695
25173,-0.01617,0.00693,0.09265
25175,-0.07419,-0.03406,0.18668
25176,-0.11328,-0.06778,0.18777
25177,-0.10629,-0.04871,0.11981
25178,-0.06677,0.04846,0.03937
25179,-0.03387,0.19876,-0.01166
25180,-0.03403,0.33267,-0.02960
25182,-0.05655,0.37946,-0.03568
25183,-0.06689,0.31546,-0.04785
25184,-0.04315,0.17700,-0.06665
25185,0.00076,0.02911,-0.08328
25186,0.02805,-0.08002,-0.09348
25188,0.01434,-0.14127,-0.10016
25189,-0.02985,-0.17258,-0.10455
25190,-0.07162,-0.19333,-0.09998
25191,-0.08878,-0.20987,-0.07745
25192,-0.08954,-0.21799,-0.03772
25194,-0.09973,-0.21103,0.00507
25195,-0.13171,-0.18402,0.03265
25196,-0.16827,-0.13513,0.03586
25197,-0.17838,-0.06976,0.01871
25198,-0.14780,-0.00317,-0.00806
25200,-0.09344,0.04456,-0.03354
25201,-0.04733,0.06171,-0.04581
25202,-0.02719,0.05389,-0.03079
25203,-0.02365,0.03836,0.01721
25204,-0.01443,0.02765,0.07724
25205,0.01044,0.01947,0.09879
25207,0.03857,0.00305,0.03207
25208,0.04849,-0.02493,-0.12482
25209,0.03137,-0.05310,-0.30566
25210,-0.00018,-0.06461,-0.41251
25211,-0.02319,-0.05408,-0.38608
25213,-0.02341,-0.03381,-0.25101
25214,-0.00439,-0.02316,-0.09384
25215,0.01810,-0.03214,0.00656
25216,0.02914,-0.05450,0.03372
25217,0.02240,-0.07489,0.02814
25219,-0.00040,-0.08054,0.03604
25220,-0.03336,-0.06696,0.06622
25221,-0.06732,-0.03665,0.09274
25222,-0.08951,0.00323,0.09158
25223,-0.08679,0.04065,0.06863
25225,-0.05457,0.06000,0.05215
25226,-0.00439,0.04990,0.06293
25227,0.03909,0.01379,0.09387
25228,0.05307,-0.02725,0.11798
25229,0.03296,-0.04651,0.11346
25230,-0.00443,-0.03137,0.08142
25232,-0.03406,0.00543,0.04172
25233,-0.04199,0.03424,0.01422
25234,-0.03366,0.03174,0.00253
25235,-0.02509,0.00012,-0.00568
25236,-0.02609,-0.03424,-0.02325
25238,-0.03183,-0.04318,-0.04752
25239,-0.02945,-0.02167,-0.05853
25240,-0.01285,0.00592,-0.03763
25241,0.00943,0.00546,0.00635
25242,0.02026,-0.03751,0.02524
25244,0.00882,-0.10257,-0.04776
25245,-0.01956,-0.14792,-0.24924
25246,-0.04669,-0.14166,-0.53842
25247,-0.05490,-0.08530,-0.79083
25248,-0.03961,-0.01111,-0.85403
25250,-0.01172,0.04352,-0.64236
25251,0.01120,0.06204,-0.20892
25252,0.01712,0.05524,0.26498
25253,0.00623,0.04593,0.57272
25254,-0.01166,0.04749,0.61398
25255,-0.02505,0.05435,0.45734
25257,-0.02826,0.05127,0.27759
25258,-0.02289,0.03012,0.20966
25259,-0.01480,-0.00082,0.23846
25260,-0.00912,-0.02359,0.23001
25261,-0.00775,-0.02484,0.09100
25263,-0.00995,-0.00430,-0.09320
25264,-0.01477,0.02945,-0.11600
25265,-0.02237,0.06616,0.08124
25266,-0.03320,0.09366,0.15591
25267,-0.04617,0.09631,-0.54877
25269,-0.05722,0.07318,-1.00000
25270,-0.06085,0.07745,-1.00000
25271,-0.05325,0.23544,-1.00000
25272,-0.03491,0.68655,-1.00000
25273,-0.01025,0.99997,-1.00000
25275,0.01462,0.99997,-1.00000
25276,0.03381,0.99997,0.99997
25277,0.04160,0.99997,0.99997
25278,0.03241,0.99997,0.99997
25279,0.00357,0.29456,0.99997
25280,-0.04031,-0.88867,0.99997
25282,-0.08627,-1.00000,0.99997
25283,-0.11862,-1.00000,0.99997
25284,-0.12891,-1.00000,0.99997
25285,-0.12109,-1.00000,0.99997
25286,-0.10703,-1.00000,0.99997
25288,-0.09583,-1.00000,0.99997
25289,-0.08762,-1.00000,0.99997
25290,-0.07782,-1.00000,0.99997
25291,-0.06592,-1.00000,0.99997
25292,-0.05869,-1.00000,0.18106
25294,-0.06326,-1.00000,-1.00000
25295,-0.07764,-1.00000,-1.00000
25296,-0.08890,-0.66782,-1.00000
25297,-0.08240,0.02536,-1.00000
25298,-0.05319,0.69690,-1.00000
25300,-0.01028,0.99536,-1.00000
25301,0.02911,0.78983,-1.00000
25302,0.04865,0.26453,0.99997
25303,0.03958,-0.23770,0.99997
25304,0.00327,-0.47739,0.99997
25305,-0.04904,-0.46103,0.99997
25307,-0.09869,-0.36758,0.99997
25308,-0.12695,-0.35953,0.99997
25309,-0.12506,-0.45789,0.99997
25310,-0.10089,-0.56955,0.99997
25311,-0.07510,-0.60339,0.99997
25313,-0.06750,-0.55234,0.99997
25314,-0.08310,-0.48083,0.99997
25315,-0.10876,-0.45520,0.99997
25316,-0.12326,-0.49094,0.99997
25317,-0.11313,-0.55258,0.99997
25319,-0.08258,-0.58856,0.99997
25320,-0.04962,-0.56583,0.99997
25321,-0.03159,-0.48541,0.99997
25322,-0.03088,-0.37836,0.99997
25323,-0.03299,-0.28748,0.99997
25325,-0.01965,-0.24213,0.99997
25326,0.01303,-0.24020,0.99997
25327,0.04797,-0.25253,0.99997
25328,0.06030,-0.25095,0.99997
25329,0.04059,-0.23563,0.99997
25330,0.00824,-0.23309,0.99997
25332,-0.00046,-0.26114,0.85782
25333,0.03815,-0.29703,0.69894
25334,0.11154,-0.28912,0.44943
25335,0.17429,-0.21127,0.08929
25336,0.17792,-0.10501,-0.25516
25338,0.10538,-0.05310,-0.39301
25339,-0.01553,-0.09344,-0.26636
25340,-0.12927,-0.15564,-0.06055
25341,-0.18677,-0.09726,-0.08627
25342,-0.17209,0.17490,-0.51184
25344,-0.10464,0.60672,-1.00000
25345,-0.01929,0.99997,-1.00000
25346,0.05685,0.99997,-1.00000
25347,0.11273,0.99997,-0.57434
25348,0.14514,0.99997,0.91510
25350,0.14752,0.80295,0.99997
25351,0.11118,0.61267,0.99997
25352,0.03885,0.42108,0.99997
25353,-0.04550,0.13046,0.99997
25354,-0.10541,-0.36066,0.99997
25355,-0.11615,-1.00000,0.99997
25357,-0.08377,-1.00000,0.99997
25358,-0.04062,-1.00000,0.99997
25359,-0.02048,-1.00000,-1.00000
25360,-0.03427,-1.00000,-1.00000
25361,-0.06754,-1.00000,-1.00000
25363,-0.09860,-0.66757,-1.00000
25364,-0.11853,-0.59570,-1.00000
25365,-0.13388,-1.00000,-1.00000
25366,-0.15244,-1.00000,-1.00000
25367,-0.16907,-1.00000,-1.00000
25369,-0.16724,-1.00000,-1.00000
25370,-0.13522,-1.00000,-1.00000
25371,-0.07990,-0.21796,-1.00000
25372,-0.02411,0.65143,0.99997
25373,0.01047,0.84332,0.99997
25375,0.01935,0.45932,0.99997
25376,0.01538,-0.17297,0.99997
25377,0.01450,-0.74722,0.99997
25378,0.02130,-1.00000,0.99997
25379,0.02713,-1.00000,0.99997
25380,0.02078,-1.00000,0.99997
25382,-0.00027,-1.00000,0.99997
25383,-0.02844,-1.00000,0.99997
25384,-0.05386,-1.00000,0.99997
25385,-0.07248,-1.00000,-0.59012
25386,-0.08624,-0.48578,-1.00000
25388,-0.09695,0.22229,-1.00000
25389,-0.10129,0.66977,-1.00000
25390,-0.09235,0.80597,-1.00000
25391,-0.06570,0.74051,-1.00000
25392,-0.02408,0.63065,-1.00000
25394,0.02307,0.58063,-1.00000
25395,0.06311,0.61584,-1.00000
25396,0.08405,0.70078,-1.00000
25397,0.07806,0.75696,-1.00000
25398,0.04608,0.69702,-1.00000
25400,0.00211,0.50458,-1.00000
25401,-0.02869,0.30609,-1.00000
25402,-0.02283,0.31625,-1.00000
25403,0.02246,0.63165,-1.00000
25404,0.07935,0.99997,-1.00000
25405,0.10098,0.99997,-1.00000
25407,0.05243,0.40631,-1.00000
25408,-0.06122,-0.92667,-0.85699
25409,-0.19235,-1.00000,0.99997
25410,-0.28024,-1.00000,0.99997
25411,-0.29138,-1.00000,0.99997
25413,-0.24017,-1.00000,0.99997
25414,-0.17380,-1.00000,0.75803
25415,-0.13507,-1.00000,-1.00000
25416,-0.13379,-1.00000,-1.00000
25417,-0.14932,-1.00000,-1.00000
25419,-0.15735,-1.00000,-1.00000
25420,-0.15323,-1.00000,-1.00000
25421,-0.14999,-0.97192,-1.00000
25422,-0.15619,-0.80530,-1.00000
25423,-0.15930,-0.73459,-1.00000
25425,-0.13547,-0.65579,-1.00000
25426,-0.07632,-0.50079,-1.00000
25427,-0.00433,-0.27902,-1.00000
25428,0.04269,-0.04758,-1.00000
25429,0.04517,0.14038,-1.00000
25430,0.01978,0.26355,-1.00000
25432,0.00336,0.32816,-1.00000
25433,0.01740,0.35068,-1.00000
25434,0.04855,0.34476,-1.00000
25435,0.06369,0.31860,-1.00000
25436,0.04340,0.28036,-1.00000
25438,0.00076,0.24283,-1.00000
25439,-0.03162,0.22070,-1.00000
25440,-0.03226,0.22012,-1.00000
25441,-0.00940,0.23138,-1.00000
25442,0.00861,0.23596,-1.00000
25444,-0.00006,0.22421,-1.00000
25445,-0.03104,0.20572,-1.00000
25446,-0.05746,0.19910,-1.00000
25447,-0.05261,0.20932,-1.00000
25448,-0.01175,0.21756,-1.00000
25450,0.04343,0.19714,-1.00000
25451,0.08072,0.14203,-0.70547
25452,0.08081,0.07758,-0.49078
25453,0.05051,0.04080,-0.43701
25454,0.01685,0.04813,-0.46588
25455,0.00735,0.08133,-0.48456
25457,0.03165,0.10492,-0.45715
25458,0.07602,0.09683,-0.41248
25459,0.11353,0.06381,-0.39401
25460,0.12180,0.03085,-0.40695
25461,0.09732,0.01901,-0.41345
25463,0.05701,0.03250,-0.37772
25464,0.02591,0.06232,-0.31390
25465,0.01794,0.09644,-0.28564
25466,0.02490,0.12488,-0.35074
25467,0.02380,0.13895,-0.49829
25469,-0.00095,0.13135,-0.63940
25470,-0.03983,0.10162,-0.66907
25471,-0.06323,0.06067,-0.55069
25472,-0.04712,0.02737,-0.34882
25473,0.00314,0.01666,-0.17966
25475,0.05447,0.02783,-0.12009
25476,0.07309,0.04388,-0.15451
25477,0.05289,0.04321,-0.20145
25478,0.01947,0.01614,-0.18979
25479,0.00699,-0.02704,-0.11487
25480,0.02945,-0.06207,-0.02994
25482,0.07040,-0.06720,0.00839
25483,0.09671,-0.03751,-0.01370
25484,0.08292,0.01309,-0.06689
25485,0.02777,0.06223,-0.11343
25486,-0.04532,0.09253,-0.13910
25488,-0.10138,0.09781,-0.15540
25489,-0.11359,0.08066,-0.17789
25490,-0.07980,0.04758,-0.20615
25491,-0.02634,0.00781,-0.22348
25492,0.00735,-0.02634,-0.21320
25494,-0.00317,-0.04300,-0.17404
25495,-0.04669,-0.03909,-0.12192
25496,-0.08246,-0.02521,-0.07901
25497,-0.07254,-0.01917,-0.06027
25498,-0.01468,-0.03082,-0.06683
25500,0.05383,-0.05231,-0.08844
25501,0.08682,-0.06290,-0.11047
25502,0.06744,-0.04584,-0.12183
25503,0.02005,-0.00128,-0.12070
25504,-0.01474,0.05469,-0.11612
25505,-0.01636,0.10275,-0.12225
25507,0.00183,0.13159,-0.14667
25508,0.01202,0.14029,-0.18054
25509,0.00214,0.13358,-0.20184
25510,-0.01385,0.11743,-0.19278
25511,-0.01419,0.09756,-0.15768
25513,0.00528,0.07886,-0.12335
25514,0.02515,0.06348,-0.11798
25515,0.02170,0.05008,-0.14566
25516,-0.00995,0.03683,-0.18115
25517,-0.05151,0.02554,-0.19061
25519,-0.07928,0.02213,-0.15952
25520,-0.08481,0.03119,-0.10223
25521,-0.07861,0.05008,-0.04694
25522,-0.07578,0.06876,-0.01245
25523,-0.07977,0.07617,0.00107
25525,-0.08078,0.06711,0.00366
25526,-0.06876,0.04352,0.00278
25527,-0.04718,0.01071,-0.00009
25528,-0.03311,-0.02509,-0.00443
25529,-0.04254,-0.05597,-0.00735
25530,-0.07410,-0.07120,-0.00681
25532,-0.10645,-0.06180,-0.00592
25533,-0.11438,-0.02942,-0.01096
25534,-0.09143,0.00900,-0.02435
25535,-0.05890,0.02933,-0.04141
25536,-0.05048,0.01727,-0.05493
25538,-0.08160,-0.01828,-0.06223
25539,-0.13043,-0.04984,-0.06552
25540,-0.15002,-0.05249,-0.06628
25541,-0.10620,-0.02539,-0.06198
25542,-0.00943,0.00592,-0.05078
25544,0.08905,0.01086,-0.03870
25545,0.13553,-0.01843,-0.03668
25546,0.11487,-0.05746,-0.04660
25547,0.05875,-0.06924,-0.05258
25548,0.01523,-0.03790,-0.03354
25550,0.00900,0.01382,0.00955
25551,0.02695,0.04169,0.04324
25552,0.03839,0.01877,0.02997
25553,0.02667,-0.03900,-0.02618
25554,0.00189,-0.08679,-0.06952
25555,-0.01440,-0.09232,-0.04639
25557,-0.01367,-0.06412,0.02457
25558,-0.00912,-0.03741,0.05347
25559,-0.02142,-0.03348,-0.02051
25560,-0.05640,-0.04016,-0.12433
25561,-0.09613,-0.03638,-0.08896
25563,-0.11102,-0.02725,0.13968
25564,-0.08197,-0.03754,0.29755
25565,-0.01526,-0.06281,-0.13330
25566,0.05978,-0.04434,-1.00000
25567,0.10727,0.08191,-1.00000
25569,0.10529,0.30930,-1.00000
25570,0.05994,0.56750,-1.00000
25571,0.00525,0.83966,-1.00000
25572,-0.01334,0.99997,-1.00000
25573,0.03299,0.99997,-1.00000
25575,0.13208,0.99997,-1.00000
25576,0.22906,0.99997,-1.00000
25577,0.25546,0.99997,-1.00000
25578,0.17413,0.99997,-1.00000
25579,0.00781,-0.13376,0.80145
25580,-0.17288,-1.00000,0.99997
25582,-0.29639,-1.00000,0.99997
25583,-0.33640,-1.00000,0.99997
25584,-0.32150,-1.00000,0.99997
25585,-0.30273,-1.00000,0.99997
25586,-0.30856,-1.00000,0.99997
25588,-0.32596,-1.00000,-0.19431
25589,-0.32022,-1.00000,-1.00000
25590,-0.27234,-1.00000,-1.00000
25591,-0.19946,-1.00000,-1.00000
25592,-0.14166,-1.00000,-1.00000
25594,-0.12939,-1.00000,-1.00000
25595,-0.15994,-1.00000,-1.00000
25596,-0.20139,-1.00000,-1.00000
25597,-0.21744,-0.83417,-1.00000
25598,-0.19177,-0.58157,-1.00000
25600,-0.13394,-0.28195,-1.00000
25601,-0.06680,0.01212,-1.00000
25602,-0.00974,0.24298,-1.00000
25603,0.02893,0.36850,-1.00000
25604,0.04788,0.38654,-1.00000
25605,0.04666,0.34058,-1.00000
25607,0.02536,0.29291,-1.00000
25608,-0.00949,0.28378,-1.00000
25609,-0.04245,0.31143,-1.00000
25610,-0.05557,0.34598,-1.00000
25611,-0.04022,0.36011,-1.00000
25613,-0.00391,0.34879,-1.00000
25614,0.03433,0.32623,-1.00000
25615,0.05573,0.30975,-1.00000
25616,0.05164,0.30539,-1.00000
25617,0.02563,0.30447,-1.00000
25619,-0.01013,0.29025,-1.00000
25620,-0.04056,0.25012,-1.00000
25621,-0.05261,0.18646,-0.86374
25622,-0.04089,0.11771,-0.60132
25623,-0.01129,0.06775,-0.36652
25625,0.02112,0.04916,-0.24258
25626,0.04053,0.05463,-0.23462
25627,0.03986,0.06406,-0.27979
25628,0.02319,0.06195,-0.30930
25629,0.00006,0.04929,-0.30225
25630,-0.02225,0.03891,-0.28546
25632,-0.04108,0.04007,-0.28885
25633,-0.05478,0.04861,-0.30688
25634,-0.05984,0.05304,-0.30469
25635,-0.05307,0.04877,-0.25797
25636,-0.03610,0.04416,-0.18204
25638,-0.01651,0.05063,-0.11981
25639,-0.00299,0.06750,-0.10242
25640,0.00113,0.07977,-0.12302
25641,-0.00043,0.07263,-0.14752
25642,-0.00110,0.04782,-0.14798
25644,0.00284,0.02316,-0.12485
25645,0.00949,0.01492,-0.09955
25646,0.01379,0.02145,-0.09000
25647,0.01199,0.02637,-0.09406
25648,0.00421,0.01718,-0.09457
25650,-0.00674,-0.00082,-0.07706
25651,-0.01953,-0.01117,-0.04279
25652,-0.03699,-0.00543,-0.00696
25653,-0.06375,0.00589,0.01337
25654,-0.09952,0.00357,0.01129
25655,-0.13361,-0.01974,-0.00674
25657,-0.14816,-0.05017,-0.02682
25658,-0.12961,-0.06384,-0.03741
25659,-0.07993,-0.04825,-0.03592
25660,-0.01791,-0.01395,-0.02808
25661,0.03214,0.01306,-0.02151
25663,0.05515,0.01083,-0.01932
25664,0.05188,-0.02322,-0.01840
25665,0.03369,-0.07111,-0.01303
25666,0.01135,-0.10587,0.00027
25667,-0.01144,-0.10751,0.02014
25669,-0.03619,-0.07333,0.04074
25670,-0.06265,-0.01788,0.05475
25671,-0.08521,0.03638,0.05676
25672,-0.09555,0.07178,0.04669
25673,-0.08994,0.08395,0.03043
25675,-0.07452,0.08102,0.01682
25676,-0.06299,0.07538,0.01270
25677,-0.06677,0.07407,0.01901
25678,-0.08377,0.07501,0.03156
25679,-0.09598,0.07043,0.04431
25680,-0.08066,0.05469,0.05280
25682,-0.02829,0.02957,0.05542
25683,0.04639,0.00424,0.05408
25684,0.11160,-0.01041,0.05338
25685,0.13974,-0.00858,0.05795
25686,0.12579,0.00690,0.06726
25688,0.08823,0.02609,0.07312
25689,0.05228,0.03745,0.06454
25690,0.03101,0.03354,0.03802
25691,0.01968,0.01437,0.00415
25692,0.00674,-0.01263,-0.01825
25694,-0.01135,-0.03592,-0.01712
25695,-0.02527,-0.04434,0.00272
25696,-0.02258,-0.03259,0.02411
25697,-0.00226,-0.00461,0.03217
25698,0.01974,0.02734,0.02460
25700,0.02106,0.04919,0.00912
25701,-0.00842,0.05316,-0.00607
25702,-0.05502,0.04202,-0.01730
25703,-0.08865,0.02634,-0.02267
25704,-0.08539,0.01749,-0.02036
25705,-0.04684,0.02090,-0.01215
25707,0.00073,0.03345,-0.00549
25708,0.02814,0.04388,-0.00516
25709,0.02792,0.03799,-0.00241
25710,0.01944,0.00906,0.01859
25711,0.03009,-0.03101,0.05499
25713,0.06870,-0.05389,0.07159
25714,0.11612,-0.03741,0.03198
25715,0.14035,0.00745,-0.04553
25716,0.12341,0.03836,-0.07812
25717,0.07605,0.02414,0.00305
25719,0.02899,-0.01059,0.15158
25720,0.00888,0.00110,0.21378
25721,0.01874,0.08932,0.08865
25722,0.03772,0.18155,-0.10712
25723,0.03897,0.14755,-0.09210
25725,0.01111,-0.05054,0.27020
25726,-0.03262,-0.24188,0.67313
25727,-0.06332,-0.11456,0.44397
25728,-0.05673,0.54355,-0.93396
25729,-0.00943,0.99997,-1.00000
25730,0.05969,0.99997,-1.00000
25732,0.12305,0.99997,-1.00000
25733,0.16251,0.99997,-1.00000
25734,0.17874,0.99997,-1.00000
25735,0.18668,0.99997,0.99997
25736,0.20093,0.99997,0.99997
25738,0.22330,0.99997,0.99997
25739,0.24133,0.99997,0.99997
25740,0.23972,0.99997,0.99997
25741,0.21466,0.99997,0.99997
25742,0.17889,0.80911,0.99997
25744,0.15057,0.49048,0.99997
25745,0.13550,0.28528,0.99997
25746,0.11981,0.13620,0.99997
25747,0.08298,-0.02725,0.99997
25748,0.02139,-0.23911,0.99997
25750,-0.04156,-0.48157,0.99997
25751,-0.07211,-0.70517,0.99997
25752,-0.05646,-0.86362,0.99997
25753,-0.01529,-0.93512,0.99997
25754,0.01373,-0.91919,0.99997
25755,0.00986,-0.82703,0.99997
25757,-0.01428,-0.69205,0.99997
25758,-0.02893,-0.59195,0.99997
25759,-0.01898,-0.63968,0.99997
25760,0.00235,-0.91641,0.99997
25761,0.00983,-1.00000,0.99997
25763,-0.00848,-1.00000,0.99997
25764,-0.04453,-1.00000,0.99997
25765,-0.08643,-1.00000,0.99997
25766,-0.13403,-1.00000,0.99997
25767,-0.19302,-1.00000,0.99997
25769,-0.25458,-1.00000,0.99997
25770,-0.28827,-1.00000,0.99997
25771,-0.26126,-1.00000,0.99997
25772,-0.16827,-1.00000,-0.79974
25773,-0.04187,-0.03775,-1.00000
25775,0.06760,0.71869,-1.00000
25776,0.12396,0.91815,-1.00000
25777,0.12332,0.76489,-1.00000
25778,0.08835,0.58060,-1.00000
25779,0.05029,0.55319,-1.00000
25780,0.03360,0.65414,-1.00000
25782,0.04730,0.74768,-1.00000
25783,0.08264,0.74615,-1.00000
25784,0.11761,0.66711,-1.00000
25785,0.13092,0.58023,-1.00000
25786,0.11847,0.53189,-1.00000
25788,0.09760,0.52176,-1.00000
25789,0.09116,0.52637,-1.00000
25790,0.10382,0.52457,-1.00000
25791,0.11462,0.50241,-1.00000
25792,0.09521,0.45178,-1.00000
25794,0.03796,0.37711,-1.00000
25795,-0.03400,0.30048,-1.00000
25796,-0.08487,0.24924,-0.96671
25797,-0.09476,0.23288,-0.85870
25798,-0.07199,0.23373,-0.87656
25800,-0.04034,0.22440,-0.89969
25801,-0.01685,0.19455,-0.86176
25802,-0.00159,0.15936,-0.78183
25803,0.01401,0.14175,-0.71616
25804,0.03296,0.14963,-0.69193
25805,0.04831,0.17117,-0.68832
25807,0.05008,0.19070,-0.67114
25808,0.03510,0.20450,-0.63281
25809,0.00922,0.21942,-0.59512
25810,-0.01779,0.23788,-0.57742
25811,-0.03888,0.24841,-0.56985
25813,-0.05209,0.23309,-0.54086
25814,-0.05869,0.18521,-0.47012
25815,-0.06042,0.11884,-0.37250
25816,-0.05862,0.06119,-0.28870
25817,-0.05441,0.03397,-0.25159
25819,-0.04898,0.03995,-0.25986
25820,-0.04227,0.06412,-0.28250
25821,-0.03171,0.08621,-0.28745
25822,-0.01401,0.09402,-0.26688
25823,0.01001,0.08792,-0.23807
25825,0.03009,0.07611,-0.22318
25826,0.02896,0.06573,-0.22974
25827,-0.00558,0.05768,-0.24835
25828,-0.06595,0.04822,-0.26486
25829,-0.12192,0.03528,-0.27219
25830,-0.13782,0.02216,-0.27155
25832,-0.09991,0.01450,-0.26630
25833,-0.03046,0.01303,-0.25632
25834,0.02667,0.01077,-0.23773
25835,0.03906,-0.00082,-0.20605
25836,0.00931,-0.02155,-0.15967
25838,-0.03214,-0.03943,-0.10339
25839,-0.05722,-0.04092,-0.04916
25840,-0.06415,-0.02496,-0.01208
25841,-0.07156,-0.00650,-0.00101
25842,-0.09174,-0.00311,-0.01123
25844,-0.11169,-0.01706,-0.02725
25845,-0.10367,-0.03137,-0.03488
25846,-0.05444,-0.02594,-0.03229
25847,0.01657,0.00259,-0.02863
25848,0.07071,0.03714,-0.03293
25850,0.08212,0.05682,-0.04532
25851,0.05835,0.05670,-0.05960
25852,0.03006,0.04953,-0.07239
25853,0.02194,0.04929,-0.08621
25854,0.03326,0.05527,-0.10248
25855,0.04474,0.05515,-0.11423
25857,0.04144,0.04324,-0.10956
25858,0.02747,0.03143,-0.08401
25859,0.01935,0.03809,-0.04852
25860,0.02747,0.06543,-0.02261
25861,0.04526,0.09058,-0.01910
25863,0.05630,0.08453,-0.03455
25864,0.05048,0.04199,-0.05402
25865,0.03348,-0.00827,-0.06442
25866,0.02106,-0.02640,-0.06396
25867,0.02438,0.00232,-0.06091
25869,0.03992,0.05255,-0.06509
25870,0.05203,0.08096,-0.07880
25871,0.04556,0.06409,-0.09314
25872,0.01779,0.01678,-0.09265
25873,-0.01877,-0.02438,-0.06628
25875,-0.04495,-0.03445,-0.01898
25876,-0.04865,-0.01804,0.02731
25877,-0.03381,0.00159,0.04773
25878,-0.01831,0.00616,0.03500
25879,-0.01971,-0.00455,0.00833
25880,-0.03986,-0.01910,-0.00052
25882,-0.06070,-0.02722,0.02588
25883,-0.05823,-0.02570,0.07419
25884,-0.02478,-0.01611,0.10995
25885,0.01965,-0.00241,0.10556
25886,0.04117,0.00797,0.06168
25888,0.02112,0.00580,0.00485
25889,-0.02414,-0.01221,-0.03409
25890,-0.05386,-0.03607,-0.04092
25891,-0.03668,-0.04681,-0.02240
25892,0.02286,-0.03217,0.00452
25894,0.08868,0.00110,0.02603
25895,0.12418,0.03116,0.03717
25896,0.11935,0.03876,0.03976
25897,0.09128,0.02155,0.03751
25898,0.06226,-0.00644,0.03268
25900,0.04120,-0.02676,0.02502
25901,0.02524,-0.02750,0.01263
25902,0.01392,-0.00583,-0.00513
25903,0.01489,0.03333,-0.02390
25904,0.03391,0.07819,-0.03448
25905,0.06259,0.11157,-0.02933
25907,0.08096,0.11847,-0.01187
25908,0.07410,0.09656,0.00134
25909,0.04507,0.05994,-0.00842
25910,0.01099,0.02954,-0.04501
25911,-0.01328,0.01654,-0.09003
25913,-0.02493,0.01453,-0.11508
25914,-0.02911,0.00772,-0.10574
25915,-0.02835,-0.01193,-0.07498
25916,-0.02017,-0.03555,-0.05222
25917,-0.00470,-0.04492,-0.05630
25919,0.00980,-0.02991,-0.07816
25920,0.01318,0.00031,-0.08987
25921,0.00635,0.02298,-0.07306
25922,0.00455,0.02026,-0.03827
25923,0.02435,-0.00510,-0.01727
25925,0.06445,-0.03076,-0.03418
25926,0.10062,-0.03250,-0.08215
25927,0.10217,-0.00482,-0.12689
25928,0.05737,0.03342,-0.13400
25929,-0.01584,0.05338,-0.09634
25930,-0.08310,0.03879,-0.03931
25932,-0.11960,-0.00183,-0.00049
25933,-0.12558,-0.04346,-0.00110
25934,-0.11990,-0.06454,-0.03104
25935,-0.12042,-0.06058,-0.05795
25936,-0.12997,-0.04135,-0.05185
25938,-0.13870,-0.01788,-0.00665
25939,-0.13550,0.00546,0.05618
25940,-0.11728,0.02725,0.10300
25941,-0.08899,0.04184,0.11008
25942,-0.05927,0.04062,0.07730
25944,-0.03650,0.02225,0.02594
25945,-0.02606,-0.00043,-0.01642
25946,-0.02740,-0.00864,-0.03275
25947,-0.03281,0.00504,-0.02484
25948,-0.03113,0.02759,-0.00851
25950,-0.01587,0.03677,-0.00003
25951,0.00961,0.02249,-0.00369
25952,0.03461,-0.00290,-0.01080
25953,0.04843,-0.01700,-0.01062
25954,0.04428,-0.00970,-0.00348
25955,0.01935,0.00778,-0.00195
25957,-0.02411,0.01587,-0.01727
25958,-0.07358,0.00696,-0.04343
25959,-0.10486,-0.00851,-0.05811
25960,-0.09418,-0.01477,-0.04245
25961,-0.03915,-0.00720,-0.00220
25963,0.03110,0.00497,0.03320
25964,0.07269,0.01044,0.03638
25965,0.06067,0.00742,0.00851
25966,0.01059,0.00323,-0.02029
25967,-0.03360,0.00507,-0.01971
25969,-0.03445,0.01279,0.01102
25970,0.01227,0.02042,0.04169
25971,0.08112,0.02185,0.03961
25972,0.14252,0.01465,0.00043
25973,0.18369,0.00015,-0.04858
25975,0.20776,-0.01694,-0.07349
25976,0.21875,-0.02896,-0.06137
25977,0.21201,-0.02789,-0.02585
25978,0.18008,-0.01028,0.01050
25979,0.12506,0.01923,0.03516
25980,0.06268,0.04965,0.04935
25982,0.01318,0.06909,0.05740
25983,-0.01282,0.06995,0.05795
25984,-0.02036,0.05011,0.04660
25985,-0.02420,0.01306,0.02457
25986,-0.03619,-0.03214,0.00235
25988,-0.05643,-0.07196,-0.00662
25989,-0.07327,-0.09348,0.00421
25990,-0.07205,-0.09152,0.03055
25991,-0.04614,-0.07202,0.06091
25992,-0.00424,-0.04767,0.08371
25994,0.03207,-0.02878,0.09219
25995,0.04028,-0.01730,0.08536
25996,0.01260,-0.00854,0.06641
25997,-0.03656,0.00269,0.04050
25998,-0.07864,0.01752,0.01306
26000,-0.09161,0.03299,-0.01093
26001,-0.07669,0.04517,-0.02716
26002,-0.05646,0.05103,-0.03275
26003,-0.05347,0.04929,-0.02798
26004,-0.06900,0.03967,-0.01794
26005,-0.08163,0.02295,-0.01068
26007,-0.06830,0.00064,-0.01184
26008,-0.02713,-0.02463,-0.01978
26009,0.02090,-0.04843,-0.02637
26010,0.05188,-0.06381,-0.02417
26011,0.05988,-0.06320,-0.01367
26013,0.05692,-0.04333,-0.00333
26014,0.05420,-0.01016,-0.00186
26015,0.04718,0.02170,-0.01025
26016,0.02216,0.03729,-0.02094
26017,-0.02316,0.03171,-0.02502
26019,-0.06873,0.01373,-0.02032
26020,-0.08496,-0.00101,-0.01266
26021,-0.05762,-0.00235,-0.00980
26022,-0.00125,0.00757,-0.01468
26023,0.05157,0.01828,-0.02365
26025,0.07346,0.02121,-0.03052
26026,0.05780,0.01624,-0.03149
26027,0.01706,0.00955,-0.02682
26028,-0.02853,0.00629,-0.01862
26029,-0.06064,0.00665,-0.00797
26030,-0.06619,0.00861,0.00571
26032,-0.03973,0.01306,0.02313
26033,0.01263,0.02399,0.04279
26034,0.07159,0.04147,0.06006
26035,0.11182,0.05569,0.06927
26036,0.11679,0.05035,0.06738
26038,0.09048,0.01624,0.05713
26039,0.05560,-0.03647,0.04556
26040,0.03766,-0.08072,0.03873
26041,0.04688,-0.09155,0.03613
26042,0.07233,-0.06671,0.03091
26044,0.09235,-0.02951,0.01672
26045,0.09171,-0.01013,-0.00546
26046,0.07120,-0.02054,-0.02768
26047,0.04263,-0.04599,-0.04364
26048,0.01590,-0.05984,-0.05692
26050,-0.00854,-0.04742,-0.07855
26051,-0.03552,-0.01675,-0.11426
26052,-0.06467,0.01196,-0.15381
26053,-0.08563,0.02533,-0.17422
26054,-0.08432,0.02588,-0.15701
26055,-0.05441,0.02496,-0.10422
26057,-0.00354,0.02957,-0.03809
26058,0.05011,0.03653,0.01590
26059,0.08762,0.03775,0.04745
26060,0.09787,0.02844,0.06531
26061,0.08044,0.01062,0.08389
26063,0.04327,-0.00931,0.10645
26064,-0.00189,-0.02502,0.12128
26065,-0.04358,-0.03302,0.11420
26066,-0.07196,-0.03369,0.08472
26067,-0.07916,-0.03094,0.05005
26069,-0.06052,-0.02924,0.03201
26070,-0.01968,-0.02997,0.03864
26071,0.02686,-0.03098,0.05685
26072,0.05423,-0.03091,0.06412
26073,0.04474,-0.03363,0.04785
26075,0.00449,-0.04565,0.01614
26076,-0.03619,-0.06564,-0.01013
26077,-0.04404,-0.07770,-0.01544
26078,-0.00964,-0.05969,-0.00146
26079,0.04443,-0.00424,0.01779
26080,0.08316,0.06714,0.03049
26082,0.08789,0.11429,0.03629
26083,0.06815,0.10873,0.04208
26084,0.04733,0.05807,0.05020
26085,0.03912,0.00082,0.05255
26086,0.03815,-0.02548,0.03751
26088,0.03067,-0.01367,0.00223
26089,0.01169,0.01178,-0.04163
26090,-0.00977,0.02130,-0.07458
26091,-0.01978,0.00674,-0.08267
26092,-0.01236,-0.01608,-0.06610
26094,0.00613,-0.02814,-0.03735
26095,0.02319,-0.02621,-0.01178
26096,0.03021,-0.02173,0.00189
26097,0.02859,-0.02347,0.00418
26098,0.02835,-0.02606,0.00110
26100,0.04059,-0.01782,-0.00250
26101,0.06912,0.00223,-0.00665
26102,0.10641,0.01898,-0.01514
26103,0.13715,0.01535,-0.03082
26104,0.14679,-0.00848,-0.05170
26105,0.12939,-0.03207,-0.07089
26107,0.08987,-0.03250,-0.08011
26108,0.04062,-0.00580,-0.07361
26109,-0.00439,0.02838,-0.05042
26110,-0.03522,0.04355,-0.01453
26111,-0.04901,0.02866,0.02515
26113,-0.04938,-0.00394,0.05634
26114,-0.04181,-0.02975,0.06680
26115,-0.02811,-0.03204,0.05020
26116,-0.00586,-0.01334,0.01144
26117,0.02484,0.00876,-0.03366
26119,0.05441,0.01651,-0.06488
26120,0.06625,0.00552,-0.06818
26121,0.05048,-0.01273,-0.04385
26122,0.01736,-0.02090,-0.00745
26123,-0.00580,-0.01053,0.01801
26125,0.00455,0.01041,0.01508
26126,0.04608,0.02350,-0.01740
26127,0.08893,0.01535,-0.06342
26128,0.09879,-0.00980,-0.10077
26129,0.06607,-0.03210,-0.11575
26130,0.01523,-0.03207,-0.11020
26132,-0.01538,-0.00754,-0.09491
26133,-0.00623,0.02304,-0.07745
26134,0.02628,0.03436,-0.05661
26135,0.04419,0.01468,-0.02863
26136,0.02216,-0.02429,0.00314
26138,-0.02875,-0.05603,0.02731
26139,-0.06888,-0.05923,0.03381
26140,-0.06424,-0.03317,0.02322
26141,-0.01617,0.00363,0.00659
26142,0.03958,0.02914,-0.00391
26144,0.06424,0.03406,-0.00256
26145,0.04822,0.02625,0.00922
26146,0.01575,0.02081,0.02618
26147,0.00012,0.02618,0.04144
26148,0.01483,0.03778,0.04684
26150,0.04730,0.04333,0.03662
26151,0.07596,0.03424,0.01324
26152,0.08987,0.01321,-0.01089
26153,0.09152,-0.00671,-0.02194
26154,0.08524,-0.01071,-0.01660
26155,0.06937,0.00787,-0.00629
26157,0.04123,0.04202,-0.00717
26158,0.00732,0.07452,-0.02493
26159,-0.01639,0.08820,-0.04889
26160,-0.01733,0.07751,-0.06183
26161,0.00131,0.05270,-0.05603
26163,0.02133,0.03241,-0.04105
26164,0.02429,0.02991,-0.03491
26165,0.00531,0.04395,-0.04675
26166,-0.02502,0.06119,-0.06668
26167,-0.05112,0.06711,-0.07300
26169,-0.06381,0.05493,-0.05127
26170,-0.06329,0.02628,-0.00839
26171,-0.05411,-0.01331,0.03232
26172,-0.03931,-0.05655,0.05161
26173,-0.02014,-0.09293,0.05084
26175,0.00046,-0.10910,0.04779
26176,0.01596,-0.09607,0.05566
26177,0.01981,-0.05844,0.06781
26178,0.01202,-0.01578,0.06473
26179,0.00122,0.00934,0.03659
26180,-0.00150,0.00708,-0.00363
26182,0.00766,-0.01294,-0.03110
26183,0.02145,-0.03046,-0.03210
26184,0.02878,-0.03055,-0.01392
26185,0.02588,-0.01334,0.00708
26186,0.01974,0.00937,0.02322
26188,0.01917,0.02496,0.03772
26189,0.02240,0.02826,0.05112
26190,0.01730,0.02127,0.05170
26191,-0.00424,0.00885,0.02582
26192,-0.03156,-0.00433,-0.02200
26194,-0.03842,-0.01340,-0.06323
26195,-0.00531,-0.01276,-0.06549
26196,0.05911,0.00027,-0.02139
26197,0.11993,0.02090,0.04160
26198,0.14145,0.03729,0.08084
26200,0.11465,0.03906,0.07040
26201,0.06210,0.02695,0.01807
26202,0.01822,0.01346,-0.04453
26203,0.00388,0.01157,-0.08633
26204,0.01694,0.02109,-0.09460
26205,0.04132,0.02768,-0.07480
26207,0.06149,0.01743,-0.03894
26208,0.06915,-0.00690,0.00403
26209,0.06097,-0.02557,0.04828
26210,0.03616,-0.01996,0.08627
26211,-0.00192,0.00858,0.10779
26213,-0.04324,0.03827,0.10617
26214,-0.07327,0.04648,0.08606
26215,-0.08014,0.02933,0.06342
26216,-0.06152,0.00266,0.05505
26217,-0.02615,-0.01553,0.06549
26219,0.00977,-0.02145,0.08215
26220,0.02979,-0.02515,0.08383
26221,0.02466,-0.03625,0.05643
26222,-0.00198,-0.05261,0.00439
26223,-0.03455,-0.06317,-0.05026
26225,-0.05472,-0.05917,-0.08121
26226,-0.05533,-0.04141,-0.07443
26227,-0.04657,-0.01770,-0.03772
26228,-0.04703,0.00345,0.00339
26229,-0.06403,0.01660,0.02203
26230,-0.08173,0.02005,0.00836
26232,-0.07153,0.01657,-0.02417
26233,-0.01898,0.01346,-0.05051
26234,0.05713,0.01773,-0.05515
26235,0.11469,0.02795,-0.04446
26236,0.12183,0.03244,-0.03815
26238,0.08435,0.01941,-0.04745
26239,0.04010,-0.00833,-0.06210
26240,0.02423,-0.03122,-0.05972
26241,0.03806,-0.02948,-0.02948
26242,0.05099,-0.00381,0.01434
26244,0.03299,0.02249,0.04361
26245,-0.01532,0.02530,0.04221
26246,-0.06357,0.00415,0.02057
26247,-0.08047,-0.01526,0.00473
26248,-0.06152,-0.00516,0.01047
26250,-0.02960,0.03751,0.02856
26251,-0.01184,0.08759,0.03497
26252,-0.01660,0.11359,0.01541
26253,-0.03064,0.10275,-0.02008
26254,-0.03452,0.06702,-0.04556
26255,-0.02026,0.02844,-0.04211
26257,0.00308,0.00140,-0.01370
26258,0.01804,-0.01224,0.01770
26259,0.01251,-0.01636,0.03149
26260,-0.01025,-0.01361,0.02438
26261,-0.03232,-0.00601,0.00946
26263,-0.03241,0.00131,0.00186
26264,-0.00189,0.00180,0.00552
26265,0.04697,-0.00552,0.01303
26266,0.08786,-0.01184,0.01602
26267,0.09961,-0.00500,0.01413
26269,0.08160,0.01736,0.01315
26270,0.05289,0.04086,0.01645
26271,0.03439,0.04306,0.01996
26272,0.03082,0.01263,0.01645
26273,0.02789,-0.03818,0.00375
26275,0.00775,-0.08026,-0.01318
26276,-0.03168,-0.09018,-0.02789
26277,-0.07098,-0.06848,-0.03857
26278,-0.08368,-0.03796,-0.04712
26279,-0.05917,-0.02280,-0.05286
26280,-0.01462,-0.02765,-0.05014
26282,0.01663,-0.03558,-0.03436
26283,0.01175,-0.02536,-0.00995
26284,-0.02069,0.00827,0.01019
26285,-0.04507,0.04935,0.01532
26286,-0.02698,0.07391,0.00717
26288,0.03650,0.06842,-0.00128
26289,0.11002,0.03821,0.00168
26290,0.14471,0.00165,0.01465
26291,0.11612,-0.02310,0.02444
26292,0.04486,-0.02786,0.01862
26294,-0.01895,-0.01633,-0.00238
26295,-0.03760,0.00043,-0.02496
26296,-0.01862,0.01086,-0.03342
26297,-0.00586,0.00897,-0.02161
26298,-0.02985,-0.00287,0.00406
26300,-0.06033,-0.01559,0.03146
26301,-0.01260,-0.01959,0.05237
26302,0.18201,-0.01160,0.06616
26303,0.49426,0.00247,0.07584
26304,0.78238,0.01199,0.08136
26305,0.87454,0.01007,0.07770
26307,0.69342,-0.00003,0.06094
26308,0.32025,-0.00659,0.03665
26309,-0.05780,0.00079,0.02063
26310,-0.27557,0.02167,0.02814
26311,-0.28967,0.04330,0.05832
26313,-0.17801,0.05045,0.09009
26314,-0.05685,0.03815,0.09567
26315,0.00415,0.01712,0.06375
26316,0.00519,0.00577,0.01132
26317,-0.01877,0.01553,-0.02762
26319,-0.04208,0.04202,-0.02838
26320,-0.06207,0.06815,0.00522
26321,-0.08417,0.07669,0.04486
26322,-0.10602,0.06161,0.06018
26323,-0.11792,0.03091,0.04053
26325,-0.11349,-0.00012,-0.00107
26326,-0.09607,-0.01956,-0.04089
26327,-0.07565,-0.02658,-0.06171
26328,-0.06180,-0.03079,-0.06039
26329,-0.05933,-0.04318,-0.04361
26330,-0.06732,-0.06442,-0.01920
26332,-0.07928,-0.08151,0.00836
26333,-0.08524,-0.07761,0.03534
26334,-0.07712,-0.04849,0.05447
26335,-0.05539,-0.01022,0.05527
26336,-0.03104,0.01215,0.03146
26338,-0.01907,0.00574,-0.00992
26339,-0.02740,-0.01810,-0.04782
26340,-0.05121,-0.03351,-0.05884
26341,-0.07761,-0.02328,-0.03494
26342,-0.09717,0.00653,0.00751
26344,-0.11069,0.03326,0.03757
26345,-0.12436,0.03827,0.03317
26346,-0.13840,0.02161,-0.00073
26347,-0.14157,-0.00076,-0.03546
26348,-0.12027,-0.01230,-0.04132
26350,-0.07510,-0.00919,-0.01151
26351,-0.02774,-0.00085,0.03320
26352,-0.00729,-0.00049,0.06195
26353,-0.02579,-0.01422,0.05756
26354,-0.06451,-0.03696,0.02704
26355,-0.08670,-0.05643,-0.00735
26357,-0.06726,-0.06165,-0.02643
26358,-0.01373,-0.05035,-0.02551
26359,0.04007,-0.03040,-0.01300
26360,0.06100,-0.01416,-0.00043
26361,0.04071,-0.01028,0.00565
26363,-0.00272,-0.01892,0.00504
26364,-0.04172,-0.03336,0.00055
26365,-0.05753,-0.04514,-0.00528
26366,-0.04636,-0.04865,-0.01135
26367,-0.01569,-0.04211,-0.01730
26369,0.02087,-0.02783,-0.02240
26370,0.04688,-0.01212,-0.02487
26371,0.04840,-0.00345,-0.02295
26372,0.02289,-0.00717,-0.01764
26373,-0.01642,-0.01974,-0.01501
26375,-0.04788,-0.02948,-0.02469
26376,-0.05692,-0.02551,-0.05249
26377,-0.04559,-0.00851,-0.09232
26378,-0.02652,0.00864,-0.12494
26379,-0.00772,0.01276,-0.12848
26380,0.01422,0.00357,-0.09509
26382,0.04575,-0.00601,-0.03949
26383,0.08298,-0.00375,0.00977
26384,0.11041,0.00836,0.03122
26385,0.11496,0.01617,0.02719
26386,0.09998,0.01001,0.02051
26388,0.08298,-0.00259,0.03357
26389,0.07761,-0.00330,0.06741
26390,0.07904,0.01666,0.09937
26391,0.06906,0.04404,0.10217
26392,0.03625,0.05322,0.06812
26394,-0.00977,0.02988,0.01724
26395,-0.04617,-0.01541,-0.01788
26396,-0.05954,-0.05664,-0.01801
26397,-0.05954,-0.07407,0.00781
26398,-0.06885,-0.06711,0.03006
26400,-0.09772,-0.04749,0.02292
26401,-0.12878,-0.02484,-0.01517
26402,-0.12930,-0.00104,-0.05975
26403,-0.08078,0.02264,-0.07852
26404,0.00156,0.03763,-0.05472
26405,0.07834,0.03201,0.00043
26407,0.11624,0.00314,0.05496
26408,0.11176,-0.03555,0.07706
26409,0.08768,-0.06274,0.05637
26410,0.06839,-0.06540,0.01123
26411,0.05865,-0.04831,-0.02264
26413,0.04529,-0.02744,-0.01572
26414,0.01706,-0.01508,0.03635
26415,-0.01846,-0.00992,0.11142
26416,-0.03827,-0.00082,0.17834
26417,-0.02390,0.02051,0.21823
26419,0.02042,0.04977,0.23151
26420,0.06723,0.07166,0.22665
26421,0.08377,0.07117,0.20523
26422,0.05463,0.04614,0.16046
26423,-0.00671,0.01126,0.09146
26425,-0.06519,-0.01022,0.01544
26426,-0.08624,-0.00183,-0.03955
26427,-0.05853,0.03384,-0.05728
26428,-0.00146,0.07483,-0.04843
26429,0.04849,0.09293,-0.03937
26430,0.06342,0.07153,-0.04471
26432,0.04227,0.01697,-0.05243
26433,0.00726,-0.04510,-0.03976
26434,-0.01669,-0.08505,-0.00461
26435,-0.02136,-0.08688,0.02142
26436,-0.01688,-0.05661,-0.00266
26438,-0.01767,-0.01642,-0.08502
26439,-0.02838,0.01065,-0.18176
26440,-0.04282,0.01511,-0.22263
26441,-0.05414,0.00476,-0.16382
26442,-0.06320,-0.00433,-0.02399
26444,-0.07614,-0.00180,0.12689
26445,-0.09470,0.00983,0.21677
26446,-0.11066,0.02032,0.21899
26447,-0.11014,0.02328,0.16232
26448,-0.08453,0.02301,0.10040
26450,-0.03854,0.02866,0.06927
26451,0.01071,0.04263,0.06668
26452,0.04312,0.05487,0.06586
26453,0.04773,0.05060,0.04568
26454,0.03036,0.02435,0.01025
26455,0.01071,-0.01318,-0.01755
26457,0.00952,-0.04254,-0.01846
26458,0.03299,-0.05045,0.00610
26459,0.06625,-0.03857,0.03647
26460,0.08286,-0.01907,0.05118
26461,0.06500,-0.00229,0.04254
26463,0.01932,0.01068,0.01898
26464,-0.02655,0.02469,-0.00516
26465,-0.04498,0.04099,-0.02182
26466,-0.03085,0.05222,-0.03442
26467,-0.00531,0.04755,-0.05280
26469,0.00317,0.02307,-0.08273
26470,-0.01627,-0.01199,-0.11826
26471,-0.04852,-0.03964,-0.14270
26472,-0.06757,-0.04474,-0.13904
26473,-0.06036,-0.02505,-0.10275
26475,-0.03613,0.00812,-0.04718
26476,-0.01416,0.03812,0.00314
26477,-0.00351,0.05322,0.02640
26478,0.00363,0.05157,0.01514
26479,0.02045,0.03925,-0.02170
26480,0.04889,0.02502,-0.06531
26482,0.07626,0.01624,-0.09665
26483,0.08737,0.01639,-0.10458
26484,0.07910,0.02411,-0.09027
26485,0.06256,0.03320,-0.06650
26486,0.05206,0.03632,-0.05099
26488,0.05188,0.03046,-0.05554
26489,0.05325,0.02063,-0.07822
26490,0.04254,0.01608,-0.10486
26491,0.01370,0.02133,-0.11932
26492,-0.02527,0.03018,-0.11359
26494,-0.05649,0.02994,-0.09006
26495,-0.06326,0.01263,-0.05618
26496,-0.04129,-0.01697,-0.01846
26497,-0.00122,-0.04477,0.01807
26498,0.03851,-0.05801,0.04739
26500,0.06329,-0.05344,0.06339
26501,0.06967,-0.03607,0.06464
26502,0.06369,-0.01340,0.05869
26503,0.05328,0.00876,0.05783
26504,0.04218,0.02570,0.06924
26505,0.02914,0.03299,0.08728
26507,0.01199,0.02881,0.09671
26508,-0.00797,0.01721,0.08514
26509,-0.02438,0.00677,0.05441
26510,-0.02875,0.00418,0.02075
26511,-0.01663,0.00821,0.00296
26513,0.00565,0.01114,0.00836
26514,0.02057,0.00635,0.02798
26515,0.00977,-0.00473,0.04471
26516,-0.03018,-0.01398,0.04688
26517,-0.07953,-0.01471,0.03564
26519,-0.10635,-0.00876,0.02063
26520,-0.09125,-0.00540,0.00995
26521,-0.04562,-0.01239,0.00443
26522,-0.00491,-0.02750,0.00089
26523,-0.00009,-0.03900,-0.00079
26525,-0.03143,-0.03473,0.00394
26526,-0.06824,-0.01230,0.01868
26527,-0.07535,0.01846,0.03894
26528,-0.04315,0.04178,0.05298
26529,0.00531,0.04590,0.05130
26530,0.03461,0.02917,0.03619
26532,0.02643,0.00049,0.02182
26533,-0.00797,-0.02521,0.02307
26534,-0.04010,-0.03403,0.04211
26535,-0.04916,-0.02060,0.06442
26536,-0.03693,0.00723,0.06903
26538,-0.02209,0.03189,0.04520
26539,-0.02139,0.03705,0.00296
26540,-0.03510,0.01901,-0.03220
26541,-0.04852,-0.01178,-0.03699
26542,-0.04541,-0.04025,-0.00769
26544,-0.02118,-0.05792,0.03619
26545,0.01401,-0.06461,0.06561
26546,0.04260,-0.06122,0.06281
26547,0.05063,-0.04425,0.03418
26548,0.03558,-0.01141,0.00476
26550,0.00751,0.02856,-0.00128
26551,-0.01630,0.05536,0.02072
26552,-0.02100,0.05261,0.05292
26553,-0.00296,0.02536,0.06958
26554,0.02878,-0.00015,0.05746
26555,0.05981,0.00198,0.02481
26557,0.08096,0.03256,-0.00809
26558,0.09259,0.06448,-0.02750
26559,0.09949,0.06647,-0.03656
26560,0.10275,0.03159,-0.04767
26561,0.09750,-0.01611,-0.06619
26563,0.07916,-0.04282,-0.08231
26564,0.05066,-0.03351,-0.08038
26565,0.02261,-0.00204,-0.05582
26566,0.00671,0.02451,-0.02097
26567,0.00830,0.02896,0.00613
26569,0.02368,0.01392,0.01831
26570,0.04211,-0.00714,0.02359
26571,0.04971,-0.02368,0.03275
26572,0.03491,-0.03375,0.04501
26573,-0.00464,-0.03925,0.04745
26575,-0.05771,-0.04080,0.02924
26576,-0.10327,-0.03860,-0.00537
26577,-0.12317,-0.03497,-0.03864
26578,-0.11441,-0.03317,-0.05420
26579,-0.09024,-0.03241,-0.04999
26580,-0.06854,-0.02698,-0.03699
26582,-0.05807,-0.01288,-0.02792
26583,-0.05502,0.00510,-0.02747
26584,-0.05054,0.01544,-0.03204
26585,-0.04028,0.01138,-0.03656
26586,-0.02646,-0.00024,-0.03882
26588,-0.01270,-0.00354,-0.03836
26589,0.00015,0.01114,-0.03387
26590,0.01306,0.03610,-0.02368
26591,0.02451,0.05164,-0.00925
26592,0.02924,0.04291,0.00394
26594,0.02228,0.01266,0.01068
26595,0.00488,-0.02170,0.01160
26596,-0.01352,-0.04218,0.01364
26597,-0.01968,-0.04211,0.02356
26598,-0.00555,-0.02673,0.04050
26600,0.02463,-0.00607,0.05524
26601,0.05484,0.01126,0.05817
26602,0.06705,0.01923,0.04800
26603,0.05441,0.01450,0.03366
26604,0.02686,-0.00189,0.02667
26605,0.00330,-0.02292,0.03137
26607,-0.00458,-0.03879,0.04196
26608,-0.00217,-0.04382,0.04825
26609,-0.00604,-0.04037,0.04410
26610,-0.02612,-0.03537,0.03116
26611,-0.05377,-0.03311,0.01535
26613,-0.06754,-0.03253,0.00189
26614,-0.05267,-0.03201,-0.00620
26615,-0.01517,-0.03433,-0.00626
26616,0.02280,-0.04398,0.00424
26617,0.04211,-0.05865,0.02368
26619,0.04214,-0.06555,0.04300
26620,0.03821,-0.05075,0.04922
26621,0.04517,-0.01440,0.03659
26622,0.06378,0.02429,0.01428
26623,0.08228,0.04099,0.00146
26625,0.08878,0.02765,0.00998
26626,0.08096,0.00089,0.03098
26627,0.06485,-0.01346,0.03915
26628,0.04688,-0.00516,0.01364
26629,0.02936,0.01019,-0.04282
26630,0.01303,0.00650,-0.10376
26632,0.00098,-0.02631,-0.13812
26633,-0.00253,-0.07028,-0.13150
26634,0.00327,-0.09348,-0.09283
26635,0.01358,-0.07739,-0.04495
26636,0.02176,-0.03195,-0.01077
26638,0.02524,0.01413,-0.00555
26639,0.02722,0.03702,-0.03598
26640,0.03244,0.03427,-0.09839
26641,0.04153,0.02164,-0.17508
26642,0.04907,0.01648,-0.23499
26644,0.04727,0.02368,-0.24490
26645,0.03198,0.03452,-0.18881
26646,0.00684,0.03619,-0.08099
26647,-0.01770,0.02280,0.03848
26648,-0.03082,-0.00061,0.12567
26650,-0.02966,-0.02194,0.15707
26651,-0.02298,-0.03067,0.13992
26652,-0.02502,-0.02505,0.10260
26653,-0.04364,-0.01300,0.07486
26654,-0.07184,-0.00635,0.07211
26655,-0.09155,-0.01212,0.09283
26657,-0.08682,-0.02783,0.12537
26658,-0.05484,-0.04376,0.15591
26659,-0.00607,-0.04999,0.17300
26660,0.04486,-0.04251,0.16962
26661,0.08719,-0.02435,0.14594
26663,0.11444,-0.00284,0.11139
26664,0.12097,0.01407,0.08130
26665,0.10236,0.02084,0.06805
26666,0.06128,0.01703,0.07260
26667,0.01083,0.00845,0.08380
26669,-0.03143,0.00421,0.08661
26670,-0.05539,0.00995,0.07309
26671,-0.06479,0.02261,0.04755
26672,-0.07050,0.03250,0.02322
26673,-0.07706,0.03268,0.01328
26675,-0.07666,0.02664,0.02264
26676,-0.05746,0.02521,0.04431
26677,-0.01895,0.03467,0.06281
26678,0.02234,0.04739,0.06387
26679,0.04330,0.04666,0.04459
26680,0.03290,0.02258,0.01645
26682,0.00244,-0.01553,-0.00375
26683,-0.02142,-0.04373,-0.00894
26684,-0.01553,-0.04279,-0.00903
26685,0.02377,-0.01575,-0.02158
26686,0.07840,0.01288,-0.05304
26688,0.12015,0.01648,-0.08868
26689,0.12808,-0.01193,-0.10315
26690,0.10062,-0.05362,-0.08344
26691,0.05536,-0.07922,-0.04266
26692,0.01675,-0.07153,-0.01093
26694,-0.00024,-0.03748,-0.01068
26695,0.00079,-0.00107,-0.03922
26696,0.00391,0.01566,-0.07251
26697,-0.00360,0.00769,-0.08569
26698,-0.01944,-0.01239,-0.07135
26700,-0.02954,-0.02579,-0.04175
26701,-0.02356,-0.02121,-0.01663
26702,-0.00607,-0.00089,-0.00873
26703,0.00745,0.02249,-0.01736
26704,0.00751,0.03448,-0.03204
26705,0.00183,0.02740,-0.04065
26707,0.00925,0.00449,-0.03625
26708,0.04044,-0.02252,-0.01944
26709,0.08441,-0.04111,0.00351
26710,0.11484,-0.04523,0.02451
26711,0.11142,-0.03757,0.03711
26713,0.07724,-0.02496,0.03857
26714,0.03674,-0.01270,0.03046
26715,0.01639,-0.00302,0.01773
26716,0.02499,0.00235,0.00677
26717,0.04980,0.00119,0.00250
26719,0.06934,-0.00537,0.00571
26720,0.07065,-0.00925,0.01334
26721,0.05615,-0.00009,0.02084
26722,0.03635,0.02313,0.02496
26723,0.01697,0.04538,0.02411
26725,-0.00705,0.04477,0.01752
26726,-0.04514,0.01303,0.00604
26727,-0.09744,-0.03256,-0.00491
26728,-0.14679,-0.06039,-0.00562
26729,-0.16492,-0.05161,0.01166
26730,-0.13208,-0.01767,0.04333
26732,-0.05597,0.00955,0.07193
26733,0.02573,0.00690,0.07599
26734,0.06577,-0.01956,0.04587
26735,0.03961,-0.04172,-0.00851
26736,-0.03497,-0.03647,-0.06586
26738,-0.10825,-0.00540,-0.10907
26739,-0.13397,0.02979,-0.13351
26740,-0.10236,0.04929,-0.14166
26741,-0.04321,0.05090,-0.13403
26742,0.00299,0.04642,-0.10995
26744,0.02023,0.04572,-0.07797
26745,0.02542,0.04703,-0.06161
26746,0.04373,0.04196,-0.08731
26747,0.07645,0.02701,-0.16068
26748,0.09537,0.00803,-0.25345
26750,0.07153,-0.00552,-0.31720
26751,0.00986,-0.00861,-0.31641
26752,-0.04700,-0.00171,-0.25348
26753,-0.05283,0.01334,-0.16327
26754,0.00000,0.03479,-0.08182
26755,0.07147,0.05692,-0.01669
26757,0.10757,0.06689,0.05432
26758,0.08600,0.05133,0.15601
26759,0.03229,0.00943,0.28555
26760,-0.00650,-0.04105,0.40759
26761,-0.00339,-0.07397,0.47955
26763,0.02960,-0.07495,0.48441
26764,0.05927,-0.05209,0.44217
26765,0.06363,-0.02731,0.39011
26766,0.04776,-0.01688,0.35135
26767,0.03152,-0.02118,0.31985
26769,0.02600,-0.03177,0.27405
26770,0.02344,-0.04468,0.20413
26771,0.00787,-0.06284,0.12692
26772,-0.02603,-0.08530,0.07495
26773,-0.06528,-0.09937,0.07040
26775,-0.08768,-0.08911,0.10687
26776,-0.07867,-0.05344,0.15289
26777,-0.04190,-0.01291,0.17328
26778,0.00348,0.00571,0.15024
26779,0.03491,-0.00598,0.09052
26780,0.03931,-0.02982,0.01773
26782,0.01971,-0.03781,-0.04214
26783,-0.00726,-0.01810,-0.07227
26784,-0.02185,0.01587,-0.06998
26785,-0.01392,0.04034,-0.04636
26786,0.00974,0.04398,-0.02081
26788,0.03009,0.03574,-0.01190
26789,0.03110,0.03262,-0.02692
26790,0.01294,0.04120,-0.05746
26791,-0.00797,0.05161,-0.08603
26792,-0.01465,0.04837,-0.09961
26794,-0.00595,0.02640,-0.09952
26795,0.00223,-0.00275,-0.09702
26796,-0.00632,-0.01978,-0.09915
26797,-0.02975,-0.01364,-0.09937
26798,-0.04709,0.00885,-0.08435
26800,-0.03641,0.02789,-0.05087
26801,0.00516,0.02658,-0.01462
26802,0.05798,0.00513,0.00037
26803,0.09515,-0.01889,-0.01685
26804,0.10117,-0.02551,-0.05249
26805,0.07904,-0.01044,-0.07819
26807,0.04404,0.01044,-0.07373
26808,0.01300,0.01459,-0.04184
26809,-0.00299,-0.00659,-0.00351
26810,-0.00177,-0.03955,0.02020
26811,0.01001,-0.06039,0.02206
26813,0.02039,-0.05576,0.00937
26814,0.01993,-0.03320,-0.00616
26815,0.00885,-0.01224,-0.01797
26816,-0.00336,-0.00616,-0.02692
26817,-0.00708,-0.01251,-0.03635
26819,-0.00174,-0.01968,-0.04602
26820,0.00421,-0.02045,-0.05005
26821,0.00229,-0.01755,-0.04114
26822,-0.00757,-0.01752,-0.01801
26823,-0.01724,-0.02121,0.01007
26825,-0.01810,-0.02283,0.02670
26826,-0.00735,-0.01715,0.01901
26827,0.01175,-0.00629,-0.01193
26828,0.03317,0.00174,-0.04926
26829,0.05005,0.00070,-0.07004
26830,0.05472,-0.00797,-0.05978
26832,0.04126,-0.01663,-0.02234
26833,0.01047,-0.01794,0.02237
26834,-0.02740,-0.01065,0.05078
26835,-0.05759,-0.00104,0.05093
26836,-0.07047,0.00092,0.03000
26838,-0.06732,-0.01120,0.00867
26839,-0.05655,-0.03387,0.00476
26840,-0.04416,-0.05322,0.01822
26841,-0.02841,-0.05338,0.03052
26842,-0.00381,-0.02942,0.02121
26844,0.03027,0.00595,-0.01199
26845,0.06488,0.03009,-0.04855
26846,0.08533,0.02768,-0.06180
26847,0.07956,0.00259,-0.04282
26848,0.04550,-0.02615,-0.00873
26850,-0.00647,-0.04074,0.01282
26851,-0.05688,-0.03778,0.00754
26852,-0.08524,-0.02734,-0.01575
26853,-0.08109,-0.02127,-0.03671
26854,-0.05139,-0.02350,-0.04260
26855,-0.01715,-0.03015,-0.03552
26857,0.00122,-0.03534,-0.02505
26858,0.00021,-0.03476,-0.01691
26859,-0.00449,-0.02505,-0.01080
26860,0.00702,-0.00403,-0.00580
26861,0.03815,0.02542,-0.00449
26863,0.06955,0.05283,-0.00977
26864,0.07449,0.06409,-0.01978
26865,0.04279,0.05176,-0.02737
26866,-0.00864,0.02176,-0.02591
26867,-0.04849,-0.01050,-0.01468
26869,-0.05566,-0.03113,0.00055
26870,-0.03363,-0.03604,0.01166
26871,-0.00409,-0.02997,0.01273
26872,0.01227,-0.01953,0.00272
26873,0.01007,-0.00906,-0.01361
26875,-0.00171,-0.00137,-0.02679
26876,-0.01068,-0.00003,-0.02692
26877,-0.01007,-0.00766,-0.01016
26878,0.00052,-0.02182,0.01651
26879,0.01953,-0.03360,0.03802
26880,0.04541,-0.03235,0.04105
26882,0.07440,-0.01364,0.02457
26883,0.09793,0.01584,0.00116
26884,0.10474,0.04111,-0.01248
26885,0.08701,0.04749,-0.00891
26886,0.04657,0.02994,0.00470
26888,-0.00421,-0.00278,0.01422
26889,-0.04700,-0.03290,0.01218
26890,-0.06537,-0.04541,0.00449
26891,-0.05237,-0.03894,0.00424
26892,-0.01465,-0.02612,0.01865
26894,0.03003,-0.02228,0.04236
26895,0.06128,-0.03143,0.06299
26896,0.06705,-0.04315,0.07199
26897,0.04965,-0.04410,0.06909
26898,0.02277,-0.03189,0.05667
26900,0.00150,-0.01694,0.03302
26901,-0.00659,-0.00961,-0.00580
26902,-0.00366,-0.00772,-0.05673
26903,0.00296,0.00043,-0.10455
26904,0.00763,0.02045,-0.12982
26905,0.00977,0.04089,-0.12390
26907,0.01303,0.04144,-0.09692
26908,0.02127,0.01270,-0.07034
26909,0.03433,-0.03262,-0.06076
26910,0.04672,-0.06894,-0.06866
26911,0.05093,-0.07776,-0.08026
26913,0.04382,-0.05905,-0.07800
26914,0.03091,-0.02591,-0.05154
26915,0.02396,0.00803,-0.00406
26916,0.03171,0.03378,0.04816
26917,0.05170,0.04437,0.08200
26919,0.07016,0.03317,0.08020
26920,0.07144,0.00064,0.04364
26921,0.04926,-0.03867,-0.00586
26922,0.01157,-0.06088,-0.03848
26923,-0.02469,-0.05014,-0.03619
26925,-0.04395,-0.01398,-0.00455
26926,-0.04028,0.02014,0.03339
26927,-0.01959,0.02646,0.05490
26928,0.00592,0.00232,0.05203
26929,0.02573,-0.02979,0.03333
26930,0.03683,-0.04218,0.01419
26932,0.04227,-0.02524,0.00604
26933,0.04419,0.00571,0.01031
26934,0.03854,0.02512,0.01926
26935,0.01807,0.01923,0.02231
26936,-0.01855,-0.00430,0.01431
26938,-0.06088,-0.02588,-0.00003
26939,-0.09216,-0.03156,-0.01035
26940,-0.10281,-0.02319,-0.01010
26941,-0.09821,-0.01343,-0.00293
26942,-0.09308,-0.01300,0.00253
26944,-0.09695,-0.02277,0.00372
26945,-0.10577,-0.03577,0.00800
26946,-0.10721,-0.04468,0.02356
26947,-0.09357,-0.04648,0.04611
26948,-0.06885,-0.04196,0.05853
26950,-0.04379,-0.03281,0.04617
26951,-0.02582,-0.02054,0.01331
26952,-0.01389,-0.00668,-0.01736
26953,-0.00232,0.00702,-0.02341
26954,0.01166,0.01880,-0.00226
26955,0.02417,0.02664,0.02661
26957,0.02682,0.02737,0.03775
26958,0.01309,0.01740,0.01904
26959,-0.01553,-0.00388,-0.02081
26960,-0.04739,-0.03076,-0.05988
26961,-0.06461,-0.05249,-0.07721
26963,-0.05328,-0.05899,-0.06467
26964,-0.01392,-0.04727,-0.03040
26965,0.03629,-0.02295,0.00613
26966,0.07278,0.00333,0.02597
26967,0.07880,0.02170,0.02298
26969,0.05496,0.02664,0.00690
26970,0.01614,0.01831,-0.00616
26971,-0.01993,0.00226,-0.00888
26972,-0.04263,-0.01224,-0.00983
26973,-0.04984,-0.01660,-0.02444
26975,-0.04315,-0.00848,-0.05786
26976,-0.02478,0.00528,-0.09637
26977,0.00122,0.01193,-0.11761
26978,0.02567,0.00153,-0.11005
26979,0.03604,-0.02533,-0.08340
26980,0.02451,-0.05646,-0.05939
26982,-0.00381,-0.07544,-0.05130
26983,-0.03143,-0.07166,-0.05261
26984,-0.03998,-0.04660,-0.04504
26985,-0.02496,-0.01208,-0.01801
26986,-0.00009,0.01718,0.02014
26988,0.01343,0.03168,0.04984
26989,0.00476,0.03030,0.05862
26990,-0.01810,0.01804,0.05176
26991,-0.03641,0.00037,0.04477
26992,-0.03677,-0.01959,0.04733
26994,-0.02008,-0.03976,0.05478
26995,0.00366,-0.05505,0.05536
26996,0.02676,-0.05716,0.04431
26997,0.04834,-0.04034,0.02948
26998,0.06943,-0.00946,0.02280
27000,0.08658,0.01880,0.02728
27001,0.09180,0.02521,0.03302
27002,0.07867,0.00250,0.02646
27003,0.04703,-0.03714,0.00385
27004,0.00311,-0.06964,-0.02365
27005,-0.04300,-0.07629,-0.03763
27007,-0.07901,-0.05753,-0.02676
27008,-0.09311,-0.03067,0.00391
27009,-0.07968,-0.01483,0.03571
27010,-0.04529,-0.01553,0.04935
27011,-0.00726,-0.02249,0.03909
27013,0.01663,-0.02115,0.01657
27014,0.02023,-0.00711,0.00131
27015,0.01129,0.00998,0.00485
27016,0.00208,0.01572,0.02164
27017,-0.00174,0.00409,0.03488
27019,-0.00351,-0.01740,0.03180
27020,-0.00766,-0.03473,0.01486
27021,-0.01126,-0.03894,-0.00119
27022,-0.00500,-0.03146,-0.00262
27023,0.01617,-0.02005,0.01236
27025,0.04315,-0.01086,0.03342
27026,0.05423,-0.00513,0.04666
27027,0.03018,-0.00211,0.04300
27028,-0.02744,-0.00317,0.02097
27029,-0.09024,-0.01172,-0.01385
27030,-0.11850,-0.02881,-0.05026
27032,-0.08975,-0.05002,-0.07425
27033,-0.01965,-0.06671,-0.07538
27034,0.04471,-0.07117,-0.05386
27035,0.05756,-0.06113,-0.02240
27036,0.00867,-0.04169,0.00119
27038,-0.06863,-0.02301,0.00537
27039,-0.12323,-0.01505,-0.00916
27040,-0.12411,-0.02109,-0.03302
27041,-0.07950,-0.03448,-0.05640
27042,-0.02408,-0.04224,-0.07358
27044,0.01123,-0.03452,-0.08182
27045,0.02011,-0.01230,-0.07831
27046,0.01776,0.01401,-0.06052
27047,0.02130,0.03391,-0.03027
27048,0.03354,0.04391,0.00378
27050,0.04251,0.04562,0.02869
27051,0.03436,0.03888,0.03445
27052,0.00702,0.02069,0.02078
27053,-0.02597,-0.00708,-0.00208
27054,-0.04333,-0.03098,-0.01935
27055,-0.03015,-0.03262,-0.02118
27057,0.01184,-0.00577,-0.00787
27058,0.06357,0.03360,0.01248
27059,0.09918,0.05753,0.03186
27060,0.10156,0.04993,0.04773
27061,0.07266,0.02075,0.06161
27063,0.03125,-0.00372,0.07333
27064,-0.00015,-0.00537,0.07831
27065,-0.00995,0.01068,0.07169
27066,-0.00256,0.02368,0.05444
27067,0.00812,0.01843,0.03397
27069,0.01025,-0.00223,0.01770
27070,0.00079,-0.02292,0.00644
27071,-0.01620,-0.03140,-0.00507
27072,-0.03470,-0.02698,-0.02039
27073,-0.04965,-0.01602,-0.03458
27075,-0.05627,-0.00235,-0.03662
27076,-0.04959,0.01572,-0.01981
27077,-0.02802,0.03983,0.00955
27078,0.00226,0.06561,0.03448
27079,0.02798,0.08374,0.04034
27080,0.03656,0.08746,0.02756
27082,0.02603,0.07803,0.01230
27083,0.00751,0.06256,0.01279
27084,-0.00262,0.04688,0.03250
27085,0.00449,0.03198,0.05536
27086,0.02307,0.01691,0.05884
27088,0.03708,0.00455,0.03442
27089,0.03186,0.00134,-0.00253
27090,0.00510,0.01028,-0.02332
27091,-0.03091,0.02420,-0.00888
27092,-0.05597,0.02963,0.03391
27094,-0.05338,0.01920,0.07697
27095,-0.02057,0.00040,0.09296
27096,0.02676,-0.00974,0.07578
27097,0.06052,-0.00177,0.04263
27098,0.05624,0.01486,0.01727
27100,0.01080,0.01880,0.00974
27101,-0.05124,-0.00272,0.01093
27102,-0.09140,-0.03970,0.00516
27103,-0.08417,-0.06638,-0.01224
27104,-0.03696,-0.06339,-0.02966
27105,0.01514,-0.03430,-0.03140
27107,0.03714,-0.00137,-0.01367
27108,0.02109,0.01462,0.01135
27109,-0.01096,0.01080,0.02692
27110,-0.02960,0.00055,0.02631
27111,-0.02393,-0.00253,0.01590
27113,-0.00653,0.00168,0.00580
27114,0.00427,0.00116,0.00015
27115,0.00403,-0.01416,-0.00262
27116,0.00333,-0.04031,-0.00272
27117,0.01138,-0.06061,0.00388
27119,0.02258,-0.05923,0.01877
27120,0.02237,-0.03522,0.03427
27121,0.00586,-0.00354,0.03680
27122,-0.01208,0.01733,0.01938
27123,-0.00876,0.02017,-0.00961
27125,0.02328,0.01315,-0.03207
27126,0.06564,0.01047,-0.03555
27127,0.08783,0.01874,-0.02255
27128,0.07294,0.03195,-0.00629
27129,0.03098,0.03857,0.00198
27130,-0.01199,0.03214,0.00021
27132,-0.03635,0.01501,-0.00635
27133,-0.04138,-0.00681,-0.01077
27134,-0.03833,-0.03018,-0.00790
27135,-0.03387,-0.05444,0.00424
27136,-0.02356,-0.07535,0.02164
27138,0.00003,-0.08228,0.03256
27139,0.03452,-0.06494,0.02438
27140,0.06506,-0.02429,-0.00317
27141,0.07516,0.02298,-0.03128
27142,0.05908,0.05319,-0.03403
27144,0.02542,0.05197,-0.00189
27145,-0.01007,0.02432,0.04642
27146,-0.03369,-0.00961,0.07834
27147,-0.03812,-0.02972,0.07626
27148,-0.02197,-0.02853,0.05185
27150,0.01077,-0.01291,0.03143
27151,0.05032,0.00455,0.02875
27152,0.08255,0.01404,0.03403
27153,0.09464,0.01147,0.02927
27154,0.08224,-0.00351,0.01025
27155,0.05280,-0.02780,-0.00958
27157,0.02185,-0.05334,-0.01666
27158,0.00427,-0.06815,-0.01422
27159,0.00543,-0.06375,-0.01898
27160,0.01700,-0.04425,-0.04150
27161,0.02170,-0.02573,-0.07166
27163,0.00577,-0.02383,-0.08560
27164,-0.02850,-0.03897,-0.06757
27165,-0.06116,-0.05484,-0.02512
27166,-0.06967,-0.05319,0.01556
27167,-0.05026,-0.03168,0.02994
27169,-0.02606,-0.00616,0.01379
27170,-0.03064,0.00522,-0.01459
27171,-0.07791,0.00052,-0.02927
27172,-0.14627,-0.00443,-0.01651
27173,-0.19281,0.00671,0.01538
27175,-0.18661,0.03253,0.04379
27176,-0.13116,0.05334,0.05035
27177,-0.05673,0.05026,0.03497
27178,0.00742,0.02435,0.01361
27179,0.05267,-0.00330,0.00256
27180,0.08658,-0.01132,0.00391
27182,0.11362,0.00168,0.00510
27183,0.12518,0.01605,-0.00781
27184,0.10962,0.01105,-0.03677
27185,0.06958,-0.01419,-0.07019
27186,0.02615,-0.03854,-0.09326
27188,0.00327,-0.03876,-0.09885
27189,0.00766,-0.01202,-0.08972
27190,0.02377,0.02005,-0.07278
27191,0.02902,0.03049,-0.05286
27192,0.01501,0.01053,-0.03171
27194,-0.00482,-0.02350,-0.01041
27195,-0.00702,-0.04575,0.00998
27196,0.02072,-0.04288,0.02991
27197,0.06735,-0.02173,0.05090
27198,0.10434,0.00171,0.07086
27200,0.10498,0.01855,0.08035
27201,0.06317,0.03131,0.06781
27202,-0.00183,0.04385,0.03299
27203,-0.05710,0.05099,-0.00430
27204,-0.07675,0.04105,-0.01443
27205,-0.05682,0.00998,0.01709
27207,-0.01508,-0.02811,0.07181
27208,0.02383,-0.04715,0.10922
27209,0.04501,-0.02884,0.10168
27210,0.04898,0.02084,0.06100
27211,0.04465,0.07324,0.02902
27213,0.03812,0.09653,0.03848
27214,0.02945,0.07816,0.08209
27215,0.01855,0.03247,0.12076
27216,0.01147,-0.01126,0.12317
27217,0.01813,-0.03052,0.09537
27219,0.04297,-0.02383,0.07123
27220,0.07849,-0.00735,0.07529
27221,0.10852,0.00095,0.09830
27222,0.11862,-0.00467,0.10962
27223,0.10468,-0.01630,0.09027
27225,0.07333,-0.02252,0.05069
27226,0.03680,-0.01910,0.01648
27227,0.00732,-0.01083,0.00116
27228,-0.00632,-0.00558,-0.00458
27229,-0.00165,-0.00717,-0.01822
27230,0.01538,-0.01367,-0.04456
27232,0.03192,-0.02002,-0.07089
27233,0.03516,-0.02151,-0.08075
27234,0.02094,-0.01575,-0.06949
27235,-0.00290,-0.00360,-0.04651
27236,-0.02219,0.01035,-0.02533
27238,-0.02609,0.01990,-0.01312
27239,-0.01321,0.02213,-0.00818
27240,0.00989,0.02124,-0.00366
27241,0.03415,0.02606,0.00742
27242,0.05197,0.04108,0.02869
27244,0.05850,0.05908,0.05765
27245,0.05197,0.06418,0.08496
27246,0.03455,0.04483,0.09741
27247,0.01151,0.00671,0.08575
27248,-0.01233,-0.02792,0.05154
27250,-0.03632,-0.03592,0.00766
27251,-0.06216,-0.01205,-0.02942
27252,-0.08716,0.02582,-0.04944
27253,-0.09976,0.05063,-0.05313
27254,-0.08588,0.04773,-0.04819
27255,-0.04333,0.02563,-0.04135
27257,0.00891,0.00681,-0.03351
27258,0.03891,0.00708,-0.02213
27259,0.02426,0.02246,-0.00699
27260,-0.02890,0.03482,0.00757
27261,-0.08768,0.02948,0.01736
27263,-0.11444,0.00800,0.02420
27264,-0.09201,-0.01492,0.03543
27265,-0.03232,-0.02518,0.05551
27266,0.03583,-0.01950,0.07794
27267,0.08670,-0.00418,0.08698
27269,0.10992,0.01324,0.07037
27270,0.10800,0.02869,0.03146
27271,0.08734,0.03879,-0.01111
27272,0.05255,0.03781,-0.03653
27273,0.00803,0.02008,-0.03592
27275,-0.03735,-0.01224,-0.01599
27276,-0.06940,-0.04590,0.00992
27277,-0.07407,-0.06342,0.03262
27278,-0.04562,-0.05542,0.05087
27279,0.00751,-0.02780,0.06616
27280,0.06375,0.00330,0.07645
27282,0.09760,0.02365,0.07590
27283,0.09299,0.02991,0.06076
27284,0.05405,0.02750,0.03564
27285,0.00449,0.02200,0.01373
27286,-0.02591,0.01257,0.00922
27288,-0.01929,-0.00513,0.02713
27289,0.02011,-0.03027,0.05725
27290,0.07108,-0.05203,0.07819
27291,0.11002,-0.05563,0.07016
27292,0.12308,-0.03610,0.02924
27294,0.10931,-0.00610,-0.02695
27295,0.07718,0.01172,-0.06784
27296,0.03986,0.00357,-0.06873
27297,0.01163,-0.02200,-0.02792
27298,0.00198,-0.04068,0.03058
27300,0.00937,-0.03427,0.07251
27301,0.02106,-0.00778,0.07651
27302,0.02261,0.01562,0.04834
27303,0.01053,0.01730,0.01456
27304,-0.00494,0.00101,0.00076
27305,-0.01056,-0.01245,0.01184
27307,-0.00430,-0.00729,0.03055
27308,0.00244,0.01129,0.03485
27309,-0.00293,0.02423,0.01755
27310,-0.02094,0.02011,-0.00873
27311,-0.03964,0.00766,-0.02444
27313,-0.04666,0.00531,-0.02045
27314,-0.03973,0.01935,-0.00394
27315,-0.02499,0.03406,0.01041
27316,-0.00766,0.02536,0.01318
27317,0.01221,-0.01474,0.00558
27319,0.03439,-0.06720,-0.00549
27320,0.05173,-0.09918,-0.01474
27321,0.05276,-0.09012,-0.02084
27322,0.03284,-0.04782,-0.02408
27323,0.00128,-0.00192,-0.02414
27325,-0.02441,0.01898,-0.02026
27326,-0.03238,0.00751,-0.01276
27327,-0.02478,-0.01926,-0.00302
27328,-0.01328,-0.03448,0.00677
27329,-0.00671,-0.02188,0.01376
27330,-0.00433,0.01282,0.01468
27332,0.00043,0.04672,0.00818
27333,0.01102,0.05685,-0.00137
27334,0.02319,0.03659,-0.00385
27335,0.02905,-0.00012,0.01019
27336,0.02490,-0.02921,0.04053
27338,0.01480,-0.03336,0.07465
27339,0.00711,-0.01218,0.09534
27340,0.00760,0.02032,0.09271
27341,0.01489,0.04681,0.07059
27342,0.02182,0.05713,0.04160
27344,0.02106,0.05127,0.01770
27345,0.01074,0.03629,0.00470
27346,-0.00351,0.02100,0.00394
27347,-0.01169,0.01154,0.01538
27348,-0.00592,0.00815,0.03607
27350,0.01367,0.00443,0.05603
27351,0.03781,-0.00854,0.05954
27352,0.05457,-0.03366,0.03586
27353,0.05856,-0.06125,-0.00891
27354,0.05612,-0.07285,-0.05148
27355,0.05942,-0.05515,-0.06641
27357,0.07434,-0.01343,-0.04626
27358,0.09305,0.02853,-0.00839
27359,0.10022,0.04483,0.01825
27360,0.08762,0.02737,0.01620
27361,0.06302,-0.00766,-0.00769
27363,0.04309,-0.03238,-0.02979
27364,0.03760,-0.02841,-0.03027
27365,0.04111,0.00079,-0.00885
27366,0.04117,0.03461,0.01727
27367,0.03287,0.05084,0.02921
27369,0.02271,0.03983,0.02148
27370,0.01746,0.00894,0.00458
27371,0.01199,-0.02280,-0.00592
27372,-0.00717,-0.03519,-0.00299
27373,-0.04480,-0.01834,0.00607
27375,-0.08514,0.01935,0.00626
27376,-0.10245,0.05328,-0.01160
27377,-0.08533,0.05682,-0.04083
27378,-0.05072,0.02124,-0.06131
27379,-0.03067,-0.03394,-0.05371
27380,-0.04315,-0.07193,-0.01581
27382,-0.07471,-0.06537,0.03244
27383,-0.09183,-0.01816,0.06119
27384,-0.07114,0.03656,0.05316
27385,-0.01978,0.06146,0.01822
27386,0.03085,0.04230,-0.01270
27388,0.05148,-0.00458,-0.01080
27389,0.03653,-0.04849,0.02750
27390,0.00421,-0.06790,0.07742
27391,-0.02219,-0.06213,0.10477
27392,-0.03323,-0.04453,0.09171
27394,-0.03659,-0.02765,0.04800
27395,-0.04437,-0.01474,0.00018
27396,-0.05777,-0.00238,-0.03030
27397,-0.06345,0.01160,-0.04037
27398,-0.04590,0.02408,-0.04019
27400,-0.00427,0.02994,-0.03802
27401,0.04196,0.02795,-0.03152
27402,0.06592,0.02292,-0.01404
27403,0.05533,0.02182,0.01337
27404,0.02493,0.02808,0.03787
27405,0.00650,0.03912,0.04575
27407,0.02298,0.04883,0.03604
27408,0.06802,0.05167,0.02301
27409,0.11002,0.04437,0.02228
27410,0.11792,0.02490,0.03470
27411,0.08701,-0.00687,0.04431
27413,0.04160,-0.04544,0.03351
27414,0.01221,-0.07669,0.00140
27415,0.00864,-0.08261,-0.03314
27416,0.01416,-0.05420,-0.04675
27417,0.00571,-0.00244,-0.03214
27419,-0.02057,0.04483,-0.00470
27420,-0.04465,0.06125,0.01004
27421,-0.04367,0.04129,-0.00259
27422,-0.01700,0.00391,-0.03491
27423,0.01108,-0.02359,-0.06314
27425,0.01407,-0.02698,-0.06635
27426,-0.01166,-0.01315,-0.04239
27427,-0.04413,0.00037,-0.00955
27428,-0.05698,0.00256,0.00702
27429,-0.04138,-0.00311,-0.00638
27430,-0.00922,-0.00531,-0.04193
27432,0.02176,0.00238,-0.07550
27433,0.04190,0.01581,-0.08350
27434,0.05078,0.02539,-0.05936
27435,0.04965,0.02615,-0.01810
27436,0.03873,0.02274,0.01514
27438,0.02103,0.02432,0.02359
27439,0.00528,0.03485,0.01105
27440,0.00128,0.04794,-0.00223
27441,0.01221,0.05237,0.00305
27442,0.03336,0.04333,0.02853
27444,0.05765,0.02817,0.05618
27445,0.07983,0.01871,0.06314
27446,0.09430,0.01743,0.04065
27447,0.09219,0.01218,0.00159
27448,0.06653,-0.01178,-0.02966
27450,0.02310,-0.05289,-0.03558
27451,-0.01627,-0.08829,-0.01694
27452,-0.02737,-0.09158,0.01068
27453,-0.00549,-0.05826,0.03018
27454,0.02597,-0.01337,0.03418
27455,0.03180,0.00864,0.02652
27457,-0.00482,-0.00662,0.01566
27458,-0.06503,-0.04218,0.00739
27459,-0.10712,-0.06683,0.00241
27460,-0.10022,-0.06284,-0.00143
27461,-0.05048,-0.03757,-0.00583
27463,0.00378,-0.01117,-0.01071
27464,0.02371,0.00409,-0.01450
27465,0.00159,0.01160,-0.01456
27466,-0.03513,0.02020,-0.00815
27467,-0.05029,0.03036,0.00589
27469,-0.03116,0.03210,0.02426
27470,0.00351,0.01663,0.03885
27471,0.02457,-0.01181,0.04102
27472,0.02097,-0.03632,0.02939
27473,0.00723,-0.04004,0.01312
27475,0.00455,-0.01917,0.00595
27476,0.01776,0.01422,0.01395
27477,0.03268,0.04086,0.02899
27478,0.03394,0.04633,0.03555
27479,0.02191,0.02792,0.02570
27480,0.00961,-0.00601,0.00723
27482,0.00571,-0.04120,-0.00381
27483,0.00516,-0.06372,0.00024
27484,-0.00168,-0.06561,0.01038
27485,-0.01392,-0.04831,0.00943
27486,-0.01865,-0.02179,-0.01080
27488,-0.00507,0.00189,-0.04095
27489,0.02213,0.01642,-0.06174
27490,0.04642,0.02344,-0.06042
27491,0.05429,0.02707,-0.04080
27492,0.04483,0.02658,-0.01929
27494,0.02530,0.01617,-0.01202
27495,0.00241,-0.00677,-0.02289
27496,-0.01819,-0.03436,-0.04102
27497,-0.02646,-0.05164,-0.04834
27498,-0.00998,-0.04932,-0.03232
27500,0.03305,-0.03275,0.00427
27501,0.08295,-0.01700,0.04404
27502,0.10715,-0.01352,0.06659
27503,0.08566,-0.02161,0.06299
27504,0.02988,-0.03351,0.04147
27505,-0.02441,-0.04434,0.01959
27507,-0.04538,-0.05499,0.00983
27508,-0.02887,-0.06543,0.01108
27509,0.00317,-0.06921,0.01260
27510,0.02515,-0.05850,0.00525
27511,0.02884,-0.03470,-0.01093
27513,0.02512,-0.01147,-0.02750
27514,0.02789,-0.00525,-0.03452
27515,0.03793,-0.02145,-0.02686
27516,0.04120,-0.05026,-0.00687
27517,0.02274,-0.07431,0.01749
27519,-0.01685,-0.07935,0.03644
27520,-0.05719,-0.05997,0.04318
27521,-0.07098,-0.01984,0.03708
27522,-0.04477,0.02890,0.02350
27523,0.00919,0.06735,0.01038
27525,0.05978,0.07706,0.00375
27526,0.07806,0.05203,0.00510
27527,0.05576,0.00659,0.01144
27528,0.00909,-0.03162,0.01740
27529,-0.03397,-0.04031,0.01804
27530,-0.05109,-0.01895,0.01215
27532,-0.03714,0.01208,0.00366
27533,-0.00491,0.02859,-0.00018
27534,0.02347,0.02127,0.00580
27535,0.02960,0.00104,0.01917
27536,0.00906,-0.01236,0.02963
27538,-0.02679,-0.00720,0.02570
27539,-0.06012,0.01196,0.00351
27540,-0.07913,0.03043,-0.02893
27541,-0.08356,0.03687,-0.05630
27542,-0.07870,0.03244,-0.06534
27544,-0.06607,0.02780,-0.05212
27545,-0.04199,0.03159,-0.02267
27546,-0.00568,0.04156,0.01123
27547,0.03387,0.04630,0.03680
27548,0.06165,0.03574,0.04303
27550,0.06744,0.01114,0.02402
27551,0.05240,-0.01529,-0.01642
27552,0.02585,-0.03009,-0.06186
27553,-0.00174,-0.02881,-0.08893
27554,-0.02124,-0.01849,-0.08096
27555,-0.02402,-0.01108,-0.04077
27557,-0.00476,-0.01480,0.00986
27558,0.03156,-0.02972,0.04492
27559,0.06680,-0.04977,0.05173
27560,0.07977,-0.06720,0.03595
27561,0.06223,-0.07553,0.01221
27563,0.02585,-0.07111,-0.00876
27564,-0.00763,-0.05429,-0.02368
27565,-0.02341,-0.03070,-0.03189
27566,-0.02127,-0.01019,-0.03110
27567,-0.00928,-0.00177,-0.02078
27569,0.00620,-0.00708,-0.00729
27570,0.02258,-0.01801,-0.00159
27571,0.03662,-0.02170,-0.00894
27572,0.04297,-0.01004,-0.02179
27573,0.04056,0.01450,-0.02505
27575,0.03790,0.04099,-0.01038
27576,0.04742,0.05801,0.01440
27577,0.07123,0.05954,0.03079
27578,0.09457,0.04532,0.02545
27579,0.09622,0.01855,0.00186
27580,0.06821,-0.01492,-0.02328
27582,0.02408,-0.04541,-0.03494
27583,-0.01324,-0.06158,-0.03180
27584,-0.03268,-0.05750,-0.02444
27585,-0.04276,-0.03891,-0.02213
27586,-0.05844,-0.02048,-0.02191
27588,-0.08200,-0.01364,-0.01193
27589,-0.09903,-0.01703,0.01355
27590,-0.09418,-0.01929,0.04303
27591,-0.06885,-0.01306,0.05460
27592,-0.04132,-0.00470,0.03647
27594,-0.02939,-0.00800,0.00156
27595,-0.03473,-0.02728,-0.02130
27596,-0.04529,-0.04880,-0.01288
27597,-0.05118,-0.05148,0.01831
27598,-0.05478,-0.02869,0.04401
27600,-0.06375,0.00247,0.04309
27601,-0.07632,0.01523,0.02063
27602,-0.07816,-0.00095,0.00055
27603,-0.05560,-0.02924,0.00089
27604,-0.01233,-0.04144,0.01721
27605,0.02966,-0.02606,0.03024
27607,0.04654,-0.00064,0.02682
27608,0.03140,0.00473,0.01218
27609,-0.00174,-0.02310,0.00183
27610,-0.03009,-0.06625,0.00418
27611,-0.03818,-0.09091,0.01270
27613,-0.02512,-0.07678,0.01486
27614,-0.00098,-0.03354,0.00693
27615,0.02115,0.00980,-0.00119
27616,0.03156,0.02966,0.00412
27617,0.02716,0.02451,0.02563
27619,0.01215,0.00998,0.05060
27620,-0.00482,0.00119,0.06125
27621,-0.01596,0.00006,0.05090
27622,-0.01944,-0.00256,0.03064
27623,-0.01947,-0.01477,0.01944
27625,-0.02075,-0.03424,0.02664
27626,-0.02289,-0.04910,0.04276
27627,-0.02014,-0.04794,0.04770
27628,-0.00742,-0.02933,0.02924
27629,0.01364,-0.00363,-0.00641
27630,0.03458,0.01416,-0.04047
27632,0.04630,0.01501,-0.05814
27633,0.04608,0.00156,-0.05869
27634,0.03888,-0.01526,-0.05115
27635,0.03253,-0.02551,-0.04208
27636,0.03079,-0.02698,-0.02847
27638,0.03094,-0.02432,-0.00238
27639,0.02771,-0.02222,0.03949
27640,0.01971,-0.02029,0.08994
27641,0.01260,-0.01440,0.13416
27642,0.01474,-0.00195,0.15683
27644,0.02927,0.01450,0.14935
27645,0.04901,0.02911,0.11423
27646,0.06006,0.03717,0.06509
27647,0.05173,0.03799,0.02142
27648,0.02542,0.03412,-0.00281
27650,-0.00531,0.02939,-0.00916
27651,-0.02399,0.02750,-0.01465
27652,-0.02277,0.03049,-0.03809
27653,-0.00739,0.03650,-0.08221
27654,0.00845,0.03815,-0.12775
27655,0.01459,0.02594,-0.14664
27657,0.01196,-0.00375,-0.12485
27658,0.00980,-0.04227,-0.07477
27659,0.01492,-0.07114,-0.02597
27660,0.02386,-0.07468,-0.00229
27661,0.02576,-0.05280,-0.00476
27663,0.01419,-0.02277,-0.01505
27664,-0.00394,-0.00684,-0.01385
27665,-0.01291,-0.01578,0.00275
27666,-0.00327,-0.04211,0.02338
27667,0.01709,-0.06775,0.03540
27669,0.02835,-0.07806,0.03815
27670,0.01758,-0.07019,0.04251
27671,-0.00742,-0.05035,0.05823
27672,-0.02353,-0.02625,0.08148
27673,-0.01324,-0.00262,0.09528
27675,0.01877,0.01678,0.08270
27676,0.04874,0.02707,0.04129
27677,0.05316,0.02405,-0.01404
27678,0.02560,0.00949,-0.06174
27679,-0.02325,-0.00751,-0.08728
27680,-0.07724,-0.01566,-0.08896
27682,-0.12326,-0.01050,-0.07196
27683,-0.14960,0.00186,-0.04065
27684,-0.14172,0.00964,0.00256
27685,-0.08835,0.00497,0.05072
27686,0.00354,-0.01010,0.08859
27688,0.10089,-0.02628,0.09964
27689,0.15851,-0.03485,0.07977
27690,0.14874,-0.03400,0.04422
27691,0.08331,-0.02753,0.01804
27692,0.00656,-0.01947,0.01648
27694,-0.03693,-0.01010,0.03241
27695,-0.03345,0.00180,0.04257
27696,-0.00488,0.01447,0.02750
27697,0.01648,0.02231,-0.01233
27698,0.01846,0.02106,-0.05771
27700,0.01654,0.01315,-0.08615
27701,0.03281,0.00626,-0.08737
27702,0.06757,0.00513,-0.06686
27703,0.09412,0.00537,-0.03806
27704,0.08298,-0.00333,-0.01233
27705,0.03284,-0.02591,0.00433
27707,-0.02380,-0.05444,0.00958
27708,-0.04797,-0.07257,0.00256
27709,-0.02856,-0.06808,-0.01431
27710,0.00955,-0.04175,-0.03244
27711,0.03091,-0.00519,-0.03894
27713,0.02286,0.02814,-0.02414
27714,0.00443,0.04941,0.01025
27715,0.00403,0.05463,0.04980
27716,0.02972,0.04318,0.07559
27717,0.06116,0.01913,0.07675
27719,0.06894,-0.00668,0.05737
27720,0.04077,-0.01996,0.03293
27721,-0.00845,-0.01242,0.01901
27722,-0.04938,0.01019,0.02121
27723,-0.05984,0.03003,0.03281
27725,-0.03799,0.02969,0.04117
27726,0.00027,0.00552,0.03726
27727,0.03391,-0.02899,0.02231
27728,0.04916,-0.05225,0.00677
27729,0.04480,-0.04922,0.00247
27730,0.02884,-0.02130,0.01273
27732,0.01154,0.01553,0.02863
27733,-0.00061,0.04187,0.03513
27734,-0.00604,0.04752,0.02393
27735,-0.00577,0.03653,0.00214
27736,-0.00049,0.02148,-0.01215
27738,0.01013,0.01297,-0.00473
27739,0.02530,0.01337,0.02176
27740,0.04105,0.01917,0.04913
27741,0.05035,0.02682,0.05807
27742,0.04666,0.03506,0.04343
27744,0.02887,0.04178,0.01755
27745,0.00375,0.04178,0.00015
27746,-0.01758,0.03027,0.00375
27747,-0.02765,0.00916,0.02533
27748,-0.02911,-0.01208,0.04843
27750,-0.03281,-0.02396,0.05371
27751,-0.04684,-0.02545,0.03180
27752,-0.06680,-0.02402,-0.00803
27753,-0.07623,-0.02652,-0.04102
27754,-0.05984,-0.03113,-0.04349
27755,-0.01822,-0.02911,-0.01266
27757,0.02963,-0.01459,0.02701
27758,0.05908,0.00861,0.04135
27759,0.05792,0.02972,0.01599
27760,0.03455,0.03937,-0.02847
27761,0.01022,0.03476,-0.05219
27763,0.00189,0.01822,-0.03113
27764,0.00995,-0.00626,0.02036
27765,0.02014,-0.03345,0.06134
27766,0.01740,-0.05566,0.06015
27767,-0.00012,-0.06442,0.02097
27769,-0.01865,-0.05624,-0.02213
27770,-0.02109,-0.03711,-0.03641
27771,-0.00381,-0.01941,-0.01694
27772,0.01691,-0.01221,0.01413
27773,0.01663,-0.01352,0.03180
27775,-0.01587,-0.01187,0.03064
27776,-0.06580,0.00314,0.02600
27777,-0.10031,0.03122,0.03555
27778,-0.09253,0.06042,0.06055
27779,-0.04163,0.07608,0.08420
27780,0.02676,0.07086,0.08710
27782,0.07922,0.04819,0.06433
27783,0.09653,0.01740,0.02844
27784,0.08243,-0.01334,-0.00284
27785,0.05545,-0.03970,-0.02130
27786,0.03323,-0.05887,-0.03122
27788,0.02197,-0.06708,-0.03964
27789,0.01782,-0.06110,-0.04599
27790,0.01596,-0.04260,-0.04205
27791,0.01797,-0.01996,-0.02234
27792,0.02991,-0.00400,0.00717
27794,0.05289,-0.00058,0.03186
27795,0.07556,-0.00665,0.04028
27796,0.07837,-0.01328,0.03360
27797,0.04886,-0.01318,0.02386
27798,-0.00433,-0.00595,0.02255
27800,-0.05392,0.00305,0.03082
27801,-0.07373,0.00845,0.03937
27802,-0.05978,0.00906,0.03671
27803,-0.03314,0.00717,0.01898
27804,-0.02063,0.00427,-0.00735
27805,-0.03058,-0.00107,-0.03070
27807,-0.04611,-0.01086,-0.04227
27808,-0.04272,-0.02283,-0.04053
27809,-0.01346,-0.02969,-0.02966
27810,0.02182,-0.02405,-0.01505
27811,0.03259,-0.00623,0.00024
27813,0.00452,0.01306,0.01550
27814,-0.04614,0.01819,0.03104
27815,-0.08444,-0.00067,0.04700
27816,-0.08463,-0.03937,0.06198
27817,-0.05093,-0.07996,0.07098
27819,-0.01306,-0.10013,0.06537
27820,-0.00092,-0.08554,0.03842
27821,-0.01920,-0.03915,-0.00522
27822,-0.04471,0.01923,-0.04550
27823,-0.04727,0.06323,-0.05676
27825,-0.01642,0.07516,-0.02817
27826,0.02954,0.05673,0.02277
27827,0.05884,0.02628,0.05917
27828,0.05087,0.00482,0.05273
27829,0.01010,0.00027,0.00751
27830,-0.04022,0.00394,-0.04324
27832,-0.07507,0.00104,-0.06552
27833,-0.08105,-0.01373,-0.05319
27834,-0.05914,-0.03098,-0.03036
27835,-0.02048,-0.03595,-0.02570
27836,0.01950,-0.02304,-0.04364
27838,0.04660,-0.00195,-0.06033
27839,0.05334,0.01108,-0.04810
27840,0.04251,0.00803,-0.00455
27841,0.02472,-0.00397,0.04236
27842,0.01056,-0.00937,0.05951
27844,0.00372,0.00137,0.04031
27845,0.00092,0.02310,0.01276
27846,-0.00165,0.04034,0.01431
27847,-0.00226,0.04050,0.05655
27848,0.00494,0.02435,0.11227
27850,0.02347,0.00473,0.13806
27851,0.04953,-0.00473,0.11218
27852,0.07318,-0.00061,0.05301
27853,0.08463,0.00848,0.00229
27854,0.07968,0.01071,-0.01105
27855,0.06073,0.00140,0.00650
27857,0.03403,-0.01318,0.02264
27858,0.00607,-0.02142,0.01068
27859,-0.01813,-0.01526,-0.02640
27860,-0.03500,0.00385,-0.05890
27861,-0.04166,0.02573,-0.05679
27863,-0.03714,0.03714,-0.01651
27864,-0.02454,0.02936,0.03418
27865,-0.01187,0.00403,0.05725
27866,-0.00809,-0.02643,0.03497
27867,-0.01590,-0.04602,-0.01505
27869,-0.02762,-0.04642,-0.05334
27870,-0.03021,-0.03366,-0.05078
27871,-0.01630,-0.02283,-0.01224
27872,0.00864,-0.02405,0.02896
27873,0.03104,-0.03250,0.04092
27875,0.04211,-0.03250,0.01962
27876,0.04510,-0.01294,-0.01196
27877,0.04947,0.02130,-0.02881
27878,0.05762,0.05264,-0.02646
27879,0.05920,0.06503,-0.01926
27880,0.04025,0.05530,-0.01978
27882,-0.00201,0.03220,-0.02368
27883,-0.05313,0.00772,-0.01675
27884,-0.09122,-0.00949,0.00641
27885,-0.10217,-0.01450,0.03345
27886,-0.08755,-0.00552,0.04550
27888,-0.05997,0.01358,0.03540
27889,-0.03311,0.03162,0.01318
27890,-0.01559,0.03552,-0.00488
27891,-0.01041,0.02109,-0.01050
27892,-0.01611,-0.00195,-0.00613
27894,-0.02664,-0.01724,0.00323
27895,-0.03278,-0.01593,0.01691
27896,-0.02765,-0.00357,0.03641
27897,-0.01297,0.00742,0.05804
27898,0.00085,0.01120,0.07111
27900,0.00311,0.01288,0.06509
27901,-0.00729,0.02054,0.03931
27902,-0.01947,0.03400,0.00473
27903,-0.01941,0.04349,-0.02319
27904,-0.00162,0.03925,-0.03461
27905,0.02655,0.02103,-0.02994
27907,0.05136,-0.00223,-0.01666
27908,0.06323,-0.02161,-0.00229
27909,0.06192,-0.03534,0.00986
27910,0.05319,-0.04715,0.02020
27911,0.04178,-0.05847,0.02899
27913,0.02798,-0.06427,0.03412
27914,0.01117,-0.05725,0.03250
27915,-0.00464,-0.03607,0.02481
27916,-0.00986,-0.00934,0.01782
27917,0.00385,0.00922,0.02063
27919,0.03400,0.01004,0.03641
27920,0.06451,-0.00522,0.05618
27921,0.07498,-0.02463,0.06296
27922,0.05612,-0.03336,0.04495
27923,0.01810,-0.02344,0.00742
27925,-0.01672,0.00034,-0.02847
27926,-0.03116,0.02231,-0.04117
27927,-0.02527,0.02591,-0.02612
27928,-0.01270,0.00604,0.00052
27929,-0.00558,-0.02527,0.01633
27930,-0.00372,-0.04602,0.01184
27932,0.00189,-0.04001,-0.00296
27933,0.01645,-0.00974,-0.01025
27934,0.03299,0.02524,-0.00262
27935,0.03705,0.04337,0.01013
27936,0.01999,0.03748,0.01151
27938,-0.01215,0.01907,-0.00525
27939,-0.04114,0.00818,-0.03091
27940,-0.04849,0.01749,-0.04965
27941,-0.02750,0.04330,-0.05289
27942,0.01291,0.06812,-0.04401
27944,0.05319,0.07175,-0.03122
27945,0.07397,0.04388,-0.01837
27946,0.06625,-0.00845,-0.00403
27947,0.03580,-0.06259,0.01260
27948,-0.00024,-0.09265,0.02765
27950,-0.02292,-0.08609,0.03632
27951,-0.02228,-0.05380,0.03931
27952,-0.00305,-0.02283,0.04263
27953,0.01886,-0.01566,0.04993
27954,0.02722,-0.03223,0.05606
27955,0.01709,-0.05145,0.05087
27957,-0.00168,-0.05170,0.03055
27958,-0.01254,-0.03107,0.00494
27959,-0.00671,-0.00803,-0.00873
27960,0.00812,-0.00214,-0.00073
27961,0.01349,-0.01465,0.02145
27963,-0.00223,-0.02814,0.03879
27964,-0.02945,-0.02451,0.03751
27965,-0.04123,-0.00220,0.02109
27966,-0.01514,0.02393,0.00684
27967,0.04376,0.03796,0.00900
27969,0.10062,0.03644,0.02487
27970,0.11462,0.02756,0.03665
27971,0.07138,0.02014,0.02844
27972,-0.00330,0.01590,0.00208
27973,-0.06198,0.01123,-0.02347
27975,-0.07181,0.00375,-0.02948
27976,-0.03815,-0.00546,-0.01538
27977,0.00385,-0.01492,0.00082
27978,0.02084,-0.02509,0.00012
27979,0.00729,-0.03592,-0.01883
27980,-0.01639,-0.04367,-0.03912
27982,-0.02731,-0.04205,-0.04355
27983,-0.02094,-0.02853,-0.03247
27984,-0.00940,-0.00815,-0.02264
27985,-0.00336,0.00961,-0.02744
27986,0.00122,0.01825,-0.03976
27988,0.01648,0.01871,-0.03671
27989,0.04523,0.01691,-0.00314
27990,0.07300,0.01776,0.04895
27991,0.07901,0.02158,0.08594
27992,0.05600,0.02435,0.07965
27994,0.01825,0.02081,0.03235
27995,-0.00940,0.00760,-0.02338
27996,-0.01166,-0.01395,-0.04956
27997,0.00589,-0.03659,-0.03174
27998,0.02292,-0.05008,0.01184
28000,0.02124,-0.04813,0.04620
28001,-0.00085,-0.03406,0.04630
28002,-0.02731,-0.01877,0.01321
28003,-0.03613,-0.01108,-0.03012
28004,-0.01666,-0.00949,-0.05795
28005,0.02084,-0.00482,-0.05908
28007,0.05096,0.00803,-0.04080
28008,0.05295,0.02167,-0.01935
28009,0.02881,0.02188,-0.00583
28010,0.00357,0.00330,0.00009
28011,0.00394,-0.02051,0.00534
28013,0.03284,-0.02539,0.01355
28014,0.06387,0.00171,0.01974
28015,0.06314,0.04752,0.01553
28016,0.02039,0.07965,-0.00058
28017,-0.03986,0.07205,-0.01837
28019,-0.07861,0.02798,-0.02280
28020,-0.07553,-0.02084,-0.00812
28021,-0.04401,-0.03851,0.01422
28022,-0.01483,-0.01273,0.02313
28023,-0.00574,0.03644,0.00565
28025,-0.00705,0.07333,-0.03018
28026,0.00342,0.07297,-0.05969
28027,0.03296,0.03598,-0.06097
28028,0.06256,-0.01660,-0.03186
28029,0.06396,-0.06049,0.00952
28030,0.02869,-0.08154,0.04010
28032,-0.01978,-0.07855,0.04907
28033,-0.04370,-0.05847,0.04205
28034,-0.02289,-0.03177,0.03207
28035,0.02780,-0.00919,0.02783
28036,0.07080,0.00165,0.02927
28038,0.07626,-0.00003,0.03128
28039,0.04422,-0.00772,0.02924
28040,0.00095,-0.01282,0.02139
28041,-0.02435,-0.01202,0.00934
28042,-0.02078,-0.00992,-0.00186
28044,0.00067,-0.01395,-0.00485
28045,0.02008,-0.02640,0.00522
28046,0.02383,-0.04138,0.02509
28047,0.01154,-0.04987,0.04300
28048,-0.00781,-0.04782,0.04620
28050,-0.02313,-0.03958,0.03064
28051,-0.02731,-0.03342,0.00369
28052,-0.01981,-0.03363,-0.02243
28053,-0.00580,-0.03610,-0.04007
28054,0.00763,-0.03140,-0.04919
28055,0.01703,-0.01245,-0.05295
28057,0.02524,0.01944,-0.05197
28058,0.03769,0.05405,-0.04388
28059,0.05499,0.07742,-0.02689
28060,0.06924,0.07938,-0.00348
28061,0.06906,0.05896,0.01907
28063,0.04993,0.02600,0.03128
28064,0.01996,-0.00327,0.02594
28065,-0.00519,-0.01532,0.00381
28066,-0.01385,-0.00909,-0.02313
28067,-0.00629,0.00198,-0.03625
28069,0.00763,-0.00061,-0.02295
28070,0.01749,-0.02429,0.01086
28071,0.02008,-0.05640,0.04276
28072,0.02011,-0.07208,0.05157
28073,0.02438,-0.05508,0.03665
28075,0.03485,-0.01279,0.01791
28076,0.04608,0.02856,0.01541
28077,0.04910,0.04556,0.02747
28078,0.03983,0.03589,0.03192
28079,0.02554,0.01718,0.01080
28080,0.02185,0.00952,-0.02682
28082,0.03946,0.01947,-0.04926
28083,0.07013,0.03891,-0.03229
28084,0.08789,0.05585,0.01407
28085,0.06888,0.06339,0.05093
28086,0.01520,0.05981,0.04410
28088,-0.04108,0.04520,-0.00491
28089,-0.06183,0.02167,-0.06073
28090,-0.03540,-0.00391,-0.08603
28091,0.01361,-0.02182,-0.07327
28092,0.04688,-0.02689,-0.04663
28094,0.04626,-0.02356,-0.03534
28095,0.02496,-0.02106,-0.04648
28096,0.00760,-0.02274,-0.06345
28097,0.00204,-0.02255,-0.06772
28098,-0.00549,-0.01291,-0.05872
28100,-0.02896,0.00418,-0.05029
28101,-0.06052,0.01715,-0.05029
28102,-0.07431,0.01688,-0.04764
28103,-0.05280,0.00723,-0.02374
28104,-0.00690,0.00192,0.02353
28105,0.03217,0.00958,0.07053
28107,0.04025,0.02380,0.08597
28108,0.01953,0.02856,0.06064
28109,-0.00845,0.01468,0.01877
28110,-0.02487,-0.00940,-0.00235
28111,-0.02722,-0.02286,0.01440
28113,-0.02399,-0.00998,0.05060
28114,-0.02054,0.02582,0.07010
28115,-0.01370,0.06311,0.05212
28116,0.00146,0.07788,0.00961
28117,0.02295,0.06079,-0.02374
28119,0.04123,0.02243,-0.02377
28120,0.04639,-0.01691,0.00452
28121,0.03406,-0.04279,0.03455
28122,0.00644,-0.05411,0.04410
28123,-0.02908,-0.05618,0.03415
28125,-0.05994,-0.04953,0.02448
28126,-0.07007,-0.02798,0.03177
28127,-0.04791,0.01007,0.05298
28128,0.00192,0.05075,0.06873
28129,0.05530,0.06912,0.06305
28130,0.08105,0.04980,0.03836
28132,0.06329,0.00406,0.01181
28133,0.01465,-0.03519,-0.00235
28134,-0.03293,-0.03949,-0.00571
28135,-0.05307,-0.00879,-0.01099
28136,-0.04437,0.02878,-0.02618
28138,-0.02737,0.04129,-0.04510
28139,-0.02307,0.01944,-0.05399
28140,-0.03366,-0.01834,-0.04623
28141,-0.04315,-0.04449,-0.02917
28142,-0.03558,-0.04617,-0.01581
28144,-0.01230,-0.03305,-0.01123
28145,0.00812,-0.02441,-0.00864
28146,0.00702,-0.02933,0.00128
28147,-0.01733,-0.03870,0.01868
28148,-0.04813,-0.03540,0.03296
28150,-0.06421,-0.01221,0.03336
28151,-0.05649,0.01993,0.01962
28152,-0.03265,0.04044,0.00214
28153,-0.00870,0.03625,-0.00797
28154,0.00345,0.01154,-0.00793
28155,0.00211,-0.01822,-0.00327
28157,-0.00632,-0.04065,-0.00012
28158,-0.01312,-0.05508,0.00055
28159,-0.01218,-0.06775,0.00201
28160,-0.00229,-0.08026,0.00638
28161,0.01230,-0.08478,0.01227
28163,0.02380,-0.07086,0.01730
28164,0.02505,-0.03760,0.02155
28165,0.01422,0.00195,0.02722
28166,-0.00418,0.02939,0.03549
28167,-0.02271,0.03543,0.04395
28169,-0.03625,0.02753,0.04816
28170,-0.04382,0.02316,0.04480
28171,-0.04581,0.03433,0.03372
28172,-0.04071,0.05618,0.01773
28173,-0.02545,0.07013,0.00092
28175,0.00000,0.05960,-0.01245
28176,0.02924,0.02499,-0.01920
28177,0.05121,-0.01517,-0.01837
28178,0.05716,-0.03931,-0.01144
28179,0.04654,-0.04047,-0.00131
28180,0.02676,-0.03098,0.00916
28182,0.00714,-0.02948,0.01666
28183,-0.00653,-0.04208,0.01736
28184,-0.01254,-0.05643,0.00854
28185,-0.01013,-0.05450,-0.00723
28186,0.00226,-0.03180,-0.02008
28188,0.02347,-0.00333,-0.01849
28189,0.04544,0.00961,0.00049
28190,0.05411,-0.00064,0.02512
28191,0.03888,-0.02145,0.03571
28192,0.00262,-0.03268,0.02032
28194,-0.03665,-0.02560,-0.01367
28195,-0.05649,-0.00937,-0.04385
28196,-0.04510,0.00018,-0.04944
28197,-0.00851,-0.00351,-0.02637
28198,0.03482,-0.01318,0.01202
28200,0.06628,-0.01733,0.04715
28201,0.07571,-0.01187,0.06815
28202,0.06256,-0.00128,0.07462
28203,0.03238,0.00964,0.07019
28204,-0.00500,0.02225,0.05688
28205,-0.03625,0.04016,0.03558
28207,-0.04868,0.06058,0.01016
28208,-0.03751,0.07169,-0.01193
28209,-0.01050,0.06131,-0.02420
28210,0.01645,0.02802,-0.02585
28211,0.03079,-0.01740,-0.02103
28213,0.03101,-0.06113,-0.01419
28214,0.02414,-0.09613,-0.00739
28215,0.01617,-0.12177,-0.00198
28216,0.00732,-0.13507,-0.00073
28217,-0.00366,-0.12646,-0.00595
28219,-0.01260,-0.08807,-0.01511
28220,-0.01068,-0.02713,-0.02048
28221,0.00626,0.03134,-0.01608
28222,0.03116,0.06012,-0.00516
28223,0.05066,0.05066,0.00043
28225,0.05750,0.01968,-0.00931
28226,0.05688,-0.00598,-0.03174
28227,0.05927,-0.01205,-0.05139
28228,0.06726,-0.00485,-0.05157
28229,0.07132,0.00043,-0.02759
28230,0.05975,-0.00299,0.00983
28232,0.03290,-0.00922,0.04263
28233,0.00616,-0.01080,0.05710
28234,-0.00189,-0.00919,0.05032
28235,0.01382,-0.01196,0.02936
28236,0.03873,-0.02069,0.00583
28238,0.04892,-0.02634,-0.00964
28239,0.02960,-0.01938,-0.01218
28240,-0.01263,-0.00360,-0.00534
28241,-0.05325,0.00412,0.00128
28242,-0.06635,-0.00894,-0.00018
28244,-0.04279,-0.03516,-0.00787
28245,0.00308,-0.05008,-0.01068
28246,0.04309,-0.03525,0.00089
28247,0.05417,0.00214,0.02222
28248,0.03357,0.03320,0.03531
28250,-0.00018,0.03336,0.02545
28251,-0.02084,0.00507,-0.00171
28252,-0.01282,-0.02521,-0.02151
28253,0.01794,-0.03275,-0.01321
28254,0.04758,-0.01773,0.01782
28255,0.05081,-0.00272,0.04297
28257,0.01917,-0.00772,0.03827
28258,-0.03070,-0.02942,0.00998
28259,-0.06683,-0.04587,-0.01068
28260,-0.06473,-0.04132,0.00000
28261,-0.02710,-0.02390,0.03192
28263,0.01584,-0.01669,0.04959
28264,0.02866,-0.03217,0.02878
28265,-0.00067,-0.05716,-0.01627
28266,-0.04935,-0.06537,-0.04358
28267,-0.07669,-0.04370,-0.02222
28269,-0.05649,-0.00476,0.03903
28270,0.00122,0.02661,0.09930
28271,0.05728,0.03720,0.12097
28272,0.07367,0.03452,0.09836
28273,0.04254,0.03329,0.05670
28275,-0.00943,0.03653,0.02710
28276,-0.04370,0.03271,0.02213
28277,-0.03998,0.01096,0.03192
28278,-0.00900,-0.02301,0.03882
28279,0.02170,-0.04788,0.03470
28280,0.03436,-0.04398,0.02621
28282,0.03482,-0.01041,0.02560
28283,0.04150,0.03296,0.03656
28284,0.06161,0.05975,0.04797
28285,0.08020,0.05460,0.04288
28286,0.07455,0.02182,0.01532
28288,0.03955,-0.01904,-0.01984
28289,-0.00266,-0.04636,-0.03610
28290,-0.02084,-0.04962,-0.01755
28291,-0.00381,-0.03421,0.02542
28292,0.02829,-0.01520,0.06219
28294,0.04242,-0.00464,0.06604
28295,0.02295,-0.00266,0.03494
28296,-0.01468,-0.00015,-0.00891
28297,-0.03891,0.00925,-0.03836
28298,-0.03040,0.02020,-0.04172
28300,0.00293,0.01953,-0.02756
28301,0.03543,0.00021,-0.01392
28302,0.04684,-0.02881,-0.01352
28303,0.03757,-0.04810,-0.02676
28304,0.02435,-0.04465,-0.04422
28305,0.02274,-0.02371,-0.05508
28307,0.03345,-0.00381,-0.05515
28308,0.04343,0.00043,-0.04971
28309,0.03979,-0.00946,-0.04874
28310,0.02264,-0.01947,-0.05618
28311,0.00558,-0.01788,-0.06216
28313,0.00342,-0.00540,-0.04736
28314,0.01910,0.00864,0.00015
28315,0.04126,0.01755,0.06891
28316,0.05374,0.02261,0.12549
28317,0.04736,0.02744,0.13614
28319,0.02344,0.02921,0.09299
28320,-0.01093,0.01929,0.02237
28321,-0.04855,-0.00607,-0.03278
28322,-0.08255,-0.03699,-0.04279
28323,-0.10437,-0.05466,-0.01013
28325,-0.10577,-0.04709,0.03598
28326,-0.08524,-0.02036,0.06274
28327,-0.05197,0.00629,0.05609
28328,-0.02209,0.01703,0.02637
28329,-0.00922,0.01144,-0.00302
28330,-0.01773,0.00043,-0.01401
28332,-0.04236,-0.00787,-0.00507
28333,-0.07190,-0.01620,0.01114
28334,-0.09241,-0.03189,0.01984
28335,-0.09079,-0.05423,0.01608
28336,-0.06067,-0.07071,0.00696
28338,-0.00882,-0.06717,0.00369
28339,0.04480,-0.04172,0.01074
28340,0.07706,-0.00803,0.02161
28341,0.07574,0.01501,0.02521
28342,0.04660,0.01807,0.01630
28344,0.00763,0.00748,0.00006
28345,-0.02313,-0.00107,-0.01321
28346,-0.03659,0.00537,-0.01773
28347,-0.03320,0.02823,-0.01559
28348,-0.01877,0.05743,-0.01135
28350,-0.00031,0.07846,-0.00470
28351,0.01587,0.08151,0.00842
28352,0.02545,0.06677,0.02603
28353,0.02719,0.04291,0.03369
28354,0.02271,0.01993,0.01263
28355,0.01410,0.00311,-0.04105
28357,0.00259,-0.00797,-0.10419
28358,-0.01074,-0.01553,-0.13693
28359,-0.02271,-0.02036,-0.11127
28360,-0.02765,-0.02240,-0.03448
28361,-0.02103,-0.02328,0.05322
28363,-0.00366,-0.02570,0.10660
28364,0.01691,-0.02890,0.10596
28365,0.03009,-0.02664,0.06735
28366,0.02905,-0.01218,0.02631
28367,0.01529,0.01318,0.01099
28369,-0.00174,0.03726,0.02502
28370,-0.01080,0.04504,0.05005
28371,-0.00653,0.03174,0.06232
28372,0.00717,0.00766,0.04996
28373,0.02151,-0.01044,0.01990
28375,0.03064,-0.01410,-0.00900
28376,0.03543,-0.01001,-0.02094
28377,0.03857,-0.01178,-0.01538
28378,0.03650,-0.02542,-0.00687
28379,0.01935,-0.04306,-0.01151
28380,-0.01831,-0.05106,-0.03134
28382,-0.06567,-0.04431,-0.05084
28383,-0.09735,-0.03149,-0.04999
28384,-0.09116,-0.02612,-0.02359
28385,-0.04724,-0.03241,0.01178
28386,0.01010,-0.04123,0.03113
28388,0.05032,-0.04007,0.02304
28389,0.05847,-0.02661,0.00052
28390,0.04175,-0.01166,-0.01071
28391,0.01846,-0.00800,0.00449
28392,0.00226,-0.01715,0.03674
28394,-0.00394,-0.02725,0.06046
28395,-0.00345,-0.02432,0.05634
28396,0.00006,-0.00528,0.02725
28397,0.00348,0.01907,-0.00610
28398,0.00290,0.03287,-0.02457
28400,-0.00449,0.02740,-0.02521
28401,-0.01602,0.00650,-0.01959
28402,-0.02411,-0.01727,-0.01910
28403,-0.02341,-0.03061,-0.02386
28404,-0.01807,-0.02655,-0.02518
28405,-0.01965,-0.00748,-0.01721
28407,-0.03574,0.01639,-0.00375
28408,-0.06036,0.03253,0.00604
28409,-0.07718,0.03314,0.00677
28410,-0.07288,0.01956,-0.00043
28411,-0.04791,0.00015,-0.01279
28413,-0.01425,-0.01630,-0.03046
28414,0.01572,-0.02615,-0.05258
28415,0.03738,-0.03040,-0.07043
28416,0.05191,-0.03027,-0.06833
28417,0.05884,-0.02478,-0.03680
28419,0.05411,-0.01361,0.01419
28420,0.03482,-0.00128,0.05740
28421,0.00458,0.00439,0.06805
28422,-0.02841,-0.00046,0.04407
28423,-0.05710,-0.01050,0.00714
28425,-0.07764,-0.01553,-0.01633
28426,-0.08597,-0.01093,-0.01709
28427,-0.07538,-0.00339,-0.00693
28428,-0.04175,-0.00473,-0.00299
28429,0.00751,-0.01907,-0.01035
28430,0.05255,-0.03702,-0.01965
28432,0.07327,-0.04370,-0.02090
28433,0.06506,-0.03247,-0.01700
28434,0.04294,-0.01059,-0.02228
28435,0.02905,0.00830,-0.04718
28436,0.03491,0.01620,-0.08447
28438,0.05426,0.01511,-0.11121
28439,0.07135,0.01114,-0.10547
28440,0.07452,0.00659,-0.06430
28441,0.06326,-0.00101,-0.00787
28442,0.04483,-0.01288,0.03290
28444,0.02798,-0.02505,0.03641
28445,0.01907,-0.03088,0.00366
28446,0.02145,-0.02750,-0.04327
28447,0.03397,-0.01898,-0.07620
28448,0.04935,-0.01239,-0.07834
28450,0.05597,-0.01157,-0.05350
28451,0.04541,-0.01392,-0.02072
28452,0.02029,-0.01373,0.00089
28453,-0.00540,-0.00775,0.00598
28454,-0.01599,0.00131,0.00455
28455,-0.00659,0.00644,0.00974
28457,0.01276,0.00232,0.02325
28458,0.02496,-0.00873,0.03244
28459,0.01965,-0.01669,0.02322
28460,0.00092,-0.01099,-0.00223
28461,-0.01691,0.00934,-0.02246
28463,-0.02109,0.03174,-0.01385
28464,-0.00992,0.03812,0.02582
28465,0.00748,0.01978,0.07150
28466,0.01959,-0.01404,0.09052
28467,0.02145,-0.04294,0.07071
28469,0.01633,-0.05264,0.02985
28470,0.01071,-0.04663,-0.00256
28471,0.00751,-0.04089,-0.01251
28472,0.00409,-0.04617,-0.01022
28473,-0.00317,-0.05560,-0.01422
28475,-0.01334,-0.05014,-0.02917
28476,-0.01956,-0.01791,-0.04224
28477,-0.01453,0.03104,-0.03915
28478,0.00198,0.06848,-0.02094
28479,0.02069,0.06866,-0.00275
28480,0.02832,0.02884,0.00256
28482,0.01706,-0.02734,-0.00327
28483,-0.00958,-0.06665,-0.00784
28484,-0.03909,-0.06970,-0.00296
28485,-0.05814,-0.04285,0.00662
28486,-0.05954,-0.00967,0.00864
28488,-0.04413,0.00925,-0.00418
28489,-0.01828,0.01050,-0.02679
28490,0.00861,0.00510,-0.04590
28491,0.02600,0.00403,-0.05011
28492,0.02521,0.00793,-0.03754
28494,0.00458,0.01031,-0.01620
28495,-0.02692,0.00824,0.00162
28496,-0.05331,0.00647,0.00757
28497,-0.06113,0.01031,0.00241
28498,-0.04770,0.01669,-0.00473
28500,-0.02008,0.01575,-0.00308
28501,0.01328,0.00266,0.01108
28502,0.04828,-0.01401,0.03009
28503,0.08261,-0.01923,0.03946
28504,0.10876,-0.00708,0.02850
28505,0.11407,0.01193,-0.00085
28507,0.09085,0.02133,-0.03369
28508,0.04706,0.01529,-0.05148
28509,0.00421,0.00302,-0.04453
28510,-0.01797,-0.00330,-0.01874
28511,-0.01630,-0.00305,0.00821
28513,-0.00330,-0.00644,0.01898
28514,0.00735,-0.01956,0.00854
28515,0.01376,-0.03369,-0.01257
28516,0.02313,-0.03259,-0.02621
28517,0.03824,-0.01129,-0.01990
28519,0.04962,0.01468,0.00351
28520,0.04376,0.02112,0.02780
28521,0.01889,-0.00247,0.03510
28522,-0.00906,-0.04202,0.01926
28523,-0.01840,-0.06979,-0.00943
28525,0.00018,-0.06628,-0.03146
28526,0.03656,-0.03357,-0.03128
28527,0.06958,0.00928,-0.00677
28528,0.08148,0.04175,0.03140
28529,0.06537,0.05414,0.06799
28530,0.02472,0.04907,0.09171
28532,-0.02859,0.03497,0.09821
28533,-0.07584,0.01907,0.08795
28534,-0.09698,0.00543,0.06314
28535,-0.08276,-0.00366,0.02744
28536,-0.04352,-0.00647,-0.01196
28538,-0.00336,-0.00336,-0.04431
28539,0.01843,0.00064,-0.05884
28540,0.02100,-0.00348,-0.05035
28541,0.01639,-0.02249,-0.02283
28542,0.01184,-0.05322,0.01263
28544,0.00113,-0.08115,0.04355
28545,-0.02386,-0.08875,0.06131
28546,-0.05603,-0.06839,0.06265
28547,-0.07306,-0.02908,0.04770
28548,-0.05838,0.00894,0.01944
28550,-0.02109,0.02740,-0.01459
28551,0.00888,0.02032,-0.04126
28552,0.00687,-0.00510,-0.04694
28553,-0.02457,-0.03497,-0.02750
28554,-0.05988,-0.05612,0.00555
28555,-0.07443,-0.06052,0.03131
28557,-0.06433,-0.04657,0.03586
28558,-0.04477,-0.01917,0.02451
28559,-0.03329,0.01193,0.01709
28560,-0.03574,0.03577,0.02896
28561,-0.04578,0.04446,0.05536
28563,-0.05347,0.03616,0.07437
28564,-0.05283,0.01459,0.06656
28565,-0.04395,-0.01239,0.03241
28566,-0.03079,-0.03491,-0.00867
28567,-0.01782,-0.04391,-0.03513
28569,-0.00659,-0.03516,-0.03918
28570,0.00598,-0.01273,-0.02728
28571,0.02493,0.01218,-0.00897
28572,0.05063,0.02780,0.01169
28573,0.07370,0.02957,0.03333
28575,0.07904,0.02234,0.04926
28576,0.05780,0.01462,0.04736
28577,0.01794,0.01010,0.02136
28578,-0.01846,0.00461,-0.01822
28579,-0.03098,-0.00842,-0.04761
28580,-0.01718,-0.02930,-0.04764
28582,0.00632,-0.04916,-0.01981
28583,0.01965,-0.05676,0.01483
28584,0.01797,-0.04907,0.03323
28585,0.01450,-0.03561,0.02734
28586,0.02490,-0.03101,0.00644
28588,0.04874,-0.04080,-0.01422
28589,0.06653,-0.05377,-0.02451
28590,0.05716,-0.04968,-0.02118
28591,0.01920,-0.01746,-0.00409
28592,-0.02444,0.03146,0.02472
28594,-0.04388,0.06900,0.05771
28595,-0.02664,0.07199,0.08136
28596,0.01248,0.04144,0.08414
28597,0.04373,0.00134,0.06592
28598,0.04614,-0.02222,0.03882
28600,0.02271,-0.02252,0.01645
28601,-0.00418,-0.01425,0.00256
28602,-0.01175,-0.01620,-0.00946
28603,0.00497,-0.03238,-0.02652
28604,0.03040,-0.04971,-0.04630
28605,0.04230,-0.05215,-0.05884
28607,0.03043,-0.03482,-0.05630
28608,0.00397,-0.00574,-0.04044
28609,-0.01956,0.02316,-0.02081
28610,-0.03207,0.04391,-0.00665
28611,-0.04166,0.05273,-0.00125
28613,-0.05893,0.04736,-0.00177
28614,-0.07758,0.02765,-0.00262
28615,-0.07230,-0.00119,0.00238
28616,-0.02197,-0.02890,0.01801
28617,0.06186,-0.04608,0.04388
28619,0.13242,-0.04990,0.07025
28620,0.13971,-0.04385,0.07980
28621,0.07162,-0.03268,0.05853
28622,-0.03302,-0.01895,0.00998
28623,-0.11310,-0.00427,-0.04126
28625,-0.13031,0.00864,-0.06396
28626,-0.09314,0.01685,-0.04370
28627,-0.04187,0.02023,0.00476
28628,-0.01233,0.02142,0.04871
28629,-0.01062,0.02164,0.06400
28630,-0.01672,0.01746,0.05243
28632,-0.00839,0.00317,0.03482
28633,0.01785,-0.02225,0.02737
28634,0.04532,-0.05164,0.02698
28635,0.05350,-0.07300,0.01898
28636,0.03720,-0.07736,-0.00259
28638,0.01260,-0.06415,-0.02542
28639,0.00430,-0.04037,-0.03058
28640,0.02448,-0.01556,-0.01147
28641,0.06168,0.00348,0.02097
28642,0.08957,0.01508,0.05096
28644,0.08942,0.02200,0.07288
28645,0.06644,0.02811,0.09106
28646,0.04462,0.03409,0.10822
28647,0.04486,0.03622,0.11826
28648,0.06555,0.02927,0.11331
28650,0.08438,0.01245,0.09576
28651,0.07870,-0.00723,0.07849
28652,0.04578,-0.01859,0.07169
28653,0.00461,-0.01566,0.07147
28654,-0.02155,-0.00397,0.06412
28655,-0.02484,0.00201,0.04141
28657,-0.01715,-0.00995,0.00964
28658,-0.01550,-0.03976,-0.01733
28659,-0.02399,-0.07434,-0.03201
28660,-0.03018,-0.09717,-0.03787
28661,-0.02002,-0.09903,-0.04053
28663,0.00366,-0.08151,-0.03815
28664,0.01941,-0.05264,-0.02356
28665,0.00687,-0.02078,0.00403
28666,-0.03040,0.00717,0.03308
28667,-0.06311,0.02460,0.04755
28669,-0.06119,0.02655,0.04108
28670,-0.02261,0.01462,0.02234
28671,0.02246,-0.00064,0.00507
28672,0.03845,-0.00543,-0.00598
28673,0.01718,0.00677,-0.01852
28675,-0.01550,0.02936,-0.04166
28676,-0.02527,0.04828,-0.07224
28677,-0.00204,0.05341,-0.09286
28678,0.03235,0.04474,-0.08557
28679,0.04666,0.02832,-0.04889
28680,0.02936,0.00903,-0.00287
28682,-0.00363,-0.01111,0.02417
28683,-0.02713,-0.02875,0.01749
28684,-0.02972,-0.03674,-0.01114
28685,-0.01950,-0.02942,-0.03104
28686,-0.01028,-0.00983,-0.01636
28688,-0.00577,0.00952,0.03210
28689,0.00101,0.01572,0.08511
28690,0.01453,0.00537,0.10574
28691,0.02658,-0.01385,0.07736
28692,0.02240,-0.03091,0.01648
28694,-0.00253,-0.03976,-0.03976
28695,-0.03348,-0.04086,-0.06088
28696,-0.04654,-0.03714,-0.04285
28697,-0.03052,-0.03021,-0.00601
28698,0.00180,-0.02069,0.02344
28700,0.02469,-0.01010,0.03128
28701,0.02280,-0.00046,0.01981
28702,0.00397,0.00766,0.00024
28703,-0.01071,0.01578,-0.01645
28704,-0.00888,0.02484,-0.02356
28705,0.00177,0.03259,-0.01935
28707,0.00397,0.03424,-0.00751
28708,-0.00943,0.02707,0.00363
28709,-0.02701,0.01346,0.00571
28710,-0.02988,-0.00061,-0.00259
28711,-0.01031,-0.01083,-0.01355
28713,0.02127,-0.01758,-0.01736
28714,0.04611,-0.02362,-0.01202
28715,0.05307,-0.02927,-0.00568
28716,0.04483,-0.03082,-0.00751
28717,0.03076,-0.02454,-0.01715
28719,0.01624,-0.01196,-0.02435
28720,0.00031,0.00021,-0.01962
28721,-0.01721,0.00577,-0.00433
28722,-0.02899,0.00485,0.01108
28723,-0.02371,0.00342,0.01843
28725,0.00159,0.00690,0.01871
28726,0.03391,0.01489,0.01700
28727,0.05161,0.02203,0.01297
28728,0.04291,0.02356,-0.00015
28729,0.01846,0.01944,-0.02444
28730,0.00378,0.01309,-0.04770
28732,0.01642,0.00717,-0.04977
28733,0.04919,0.00162,-0.02188
28734,0.07645,-0.00491,0.02057
28735,0.07816,-0.01233,0.04721
28736,0.05823,-0.01874,0.03796
28738,0.03900,-0.02237,0.00067
28739,0.03818,-0.02316,-0.03604
28740,0.05179,-0.02301,-0.04752
28741,0.06003,-0.02484,-0.03223
28742,0.04761,-0.03107,-0.00922
28744,0.01791,-0.04166,0.00031
28745,-0.01196,-0.05292,-0.01089
28746,-0.02725,-0.05881,-0.03445
28747,-0.02557,-0.05566,-0.05630
28748,-0.01422,-0.04654,-0.06671
28750,-0.00232,-0.03986,-0.06436
28751,0.00327,-0.04071,-0.05533
28752,-0.00195,-0.04364,-0.04895
28753,-0.01788,-0.03491,-0.05164
28754,-0.03592,-0.00626,-0.06094
28755,-0.04041,0.03305,-0.06506
28757,-0.01984,0.05920,-0.05157
28758,0.02020,0.05267,-0.02017
28759,0.05606,0.01663,0.01257
28760,0.06137,-0.02325,0.02402
28761,0.02673,-0.03952,0.00446
28763,-0.03308,-0.02591,-0.03232
28764,-0.08972,-0.00143,-0.05902
28765,-0.11978,0.00787,-0.05719
28766,-0.11682,-0.00732,-0.03198
28767,-0.09067,-0.03259,-0.00537
28769,-0.05939,-0.04462,0.00613
28770,-0.03973,-0.03345,0.00705
28771,-0.04059,-0.01166,0.01651
28772,-0.05896,-0.00208,0.04544
28773,-0.08099,-0.01590,0.08102
28775,-0.08847,-0.04080,0.09506
28776,-0.06943,-0.05057,0.07043
28777,-0.02625,-0.02826,0.02005
28778,0.02530,0.01685,-0.02054
28779,0.06555,0.05438,-0.02151
28780,0.08350,0.05701,0.01697
28782,0.08289,0.02237,0.06549
28783,0.07764,-0.02542,0.08884
28784,0.07990,-0.05609,0.07083
28785,0.08939,-0.05585,0.02222
28786,0.09360,-0.03262,-0.03009
28788,0.07928,-0.00360,-0.05994
28789,0.04620,0.01953,-0.05417
28790,0.01007,0.03265,-0.01758
28791,-0.00900,0.03278,0.02887
28792,-0.00330,0.01532,0.05743
28794,0.01663,-0.01852,0.05060
28795,0.03183,-0.05493,0.01572
28796,0.03165,-0.07355,-0.01752
28797,0.02069,-0.06274,-0.01971
28798,0.01077,-0.02969,0.01151
28800,0.00644,0.00626,0.04681
28801,0.00027,0.02948,0.05063
28802,-0.01764,0.03741,0.01520
28803,-0.04553,0.03677,-0.02954
28804,-0.06601,0.03397,-0.04138
28805,-0.05792,0.03110,-0.00427
28807,-0.01505,0.02859,0.05685
28808,0.04553,0.02722,0.09811
28809,0.09329,0.02625,0.09366
28810,0.10556,0.02182,0.05347
28811,0.08237,0.01025,0.00842
28813,0.04291,-0.00653,-0.01819
28814,0.00842,-0.02066,-0.02554
28815,-0.01190,-0.02527,-0.02594
28816,-0.02005,-0.02170,-0.02747
28817,-0.01849,-0.01852,-0.02783
28819,-0.00510,-0.02271,-0.02286
28820,0.01938,-0.03180,-0.01511
28821,0.04166,-0.03528,-0.01099
28822,0.04004,-0.02365,-0.00974
28823,0.00397,0.00317,0.00055
28825,-0.05038,0.03506,0.03281
28826,-0.08716,0.05838,0.08566
28827,-0.07843,0.06381,0.13840
28828,-0.02759,0.05032,0.16251
28829,0.03391,0.02371,0.14114
28830,0.07278,-0.00687,0.08054
28832,0.07892,-0.03192,0.00638
28833,0.06671,-0.04388,-0.05161
28834,0.05579,-0.04034,-0.07507
28835,0.05170,-0.02695,-0.06427
28836,0.04480,-0.01645,-0.03342
28838,0.02521,-0.02136,0.00058
28839,-0.00339,-0.04361,0.02835
28840,-0.02567,-0.07056,0.04944
28841,-0.02991,-0.08347,0.06396
28842,-0.02142,-0.07272,0.06451
28844,-0.01993,-0.04663,0.03870
28845,-0.04120,-0.02405,-0.01636
28846,-0.07901,-0.01645,-0.08133
28847,-0.10498,-0.01779,-0.12061
28848,-0.08994,-0.01199,-0.10681
28850,-0.03055,0.00793,-0.04504
28851,0.04361,0.02969,0.02740
28852,0.09091,0.03143,0.06769
28853,0.09015,0.00342,0.05850
28854,0.05597,-0.03964,0.01715
28855,0.02390,-0.06827,-0.02271
28857,0.01926,-0.06149,-0.03796
28858,0.03885,-0.02341,-0.02817
28859,0.05972,0.02127,-0.00769
28860,0.06348,0.04721,0.00949
28861,0.05161,0.04684,0.01746
28863,0.03943,0.03229,0.01633
28864,0.03854,0.02158,0.00766
28865,0.04559,0.02167,-0.00696
28866,0.04718,0.02246,-0.02457
28867,0.03329,0.00665,-0.04059
28869,0.00714,-0.03275,-0.04968
28870,-0.01712,-0.08115,-0.04666
28871,-0.02475,-0.10849,-0.02780
28872,-0.01108,-0.09039,0.00537
28873,0.01559,-0.02908,0.04251
28875,0.04025,0.04343,0.06619
28876,0.05139,0.08530,0.06253
28877,0.04736,0.07413,0.03342
28878,0.03442,0.02310,-0.00110
28879,0.01965,-0.02972,-0.01617
28880,0.00638,-0.05014,-0.00174
28882,-0.00421,-0.03168,0.02835
28883,-0.00922,0.00409,0.04700
28884,-0.00452,0.02826,0.03641
28885,0.01001,0.02777,0.00378
28886,0.02661,0.01157,-0.02414
28888,0.03326,-0.00198,-0.02313
28889,0.02219,-0.00250,0.00775
28890,-0.00470,0.00565,0.04425
28891,-0.03836,0.01144,0.05588
28892,-0.07004,0.00906,0.03015
28894,-0.09491,0.00189,-0.01770
28895,-0.11002,-0.00372,-0.05658
28896,-0.11075,-0.00610,-0.06311
28897,-0.09219,-0.00888,-0.03763
28898,-0.05530,-0.01480,-0.00104
28900,-0.01111,-0.02115,0.02249
28901,0.02332,-0.02271,0.02240
28902,0.03534,-0.01822,0.00531
28903,0.02484,-0.01266,-0.01413
28904,0.00327,-0.01245,-0.02515
28905,-0.01602,-0.01895,-0.02567
28907,-0.02628,-0.02753,-0.01898
28908,-0.02744,-0.03238,-0.00803
28909,-0.02026,-0.03116,0.00610
28910,-0.00345,-0.02518,0.02139
28911,0.02127,-0.01721,0.03275
28913,0.04251,-0.01019,0.03391
28914,0.04330,-0.00681,0.02243
28915,0.01703,-0.00742,0.00302
28916,-0.01944,-0.00711,-0.01440
28917,-0.03320,0.00204,-0.02094
28919,-0.00293,0.02252,-0.01431
28920,0.05737,0.04453,-0.00043
28921,0.10388,0.05109,0.01047
28922,0.09796,0.03369,0.01059
28923,0.04099,0.00275,-0.00031
28925,-0.02377,-0.02039,-0.01489
28926,-0.04654,-0.02371,-0.02402
28927,-0.01318,-0.01587,-0.02448
28928,0.04398,-0.01514,-0.02179
28929,0.07520,-0.02771,-0.02487
28930,0.05624,-0.03967,-0.03635
28932,0.00665,-0.03217,-0.04773
28933,-0.03070,-0.00351,-0.04578
28934,-0.02896,0.02634,-0.02557
28935,0.00018,0.03436,0.00217
28936,0.01877,0.01578,0.01846
28938,-0.00262,-0.01346,0.01294
28939,-0.05899,-0.03345,-0.00488
28940,-0.11472,-0.03690,-0.01236
28941,-0.13196,-0.02975,0.00610
28942,-0.09811,-0.01968,0.04312
28944,-0.03156,-0.00854,0.07208
28945,0.03513,0.00452,0.06888
28946,0.07748,0.01587,0.03244
28947,0.09058,0.01801,-0.01337
28948,0.08463,0.00705,-0.03867
28950,0.07343,-0.01257,-0.03061
28951,0.06491,-0.03177,-0.00125
28952,0.05829,-0.04428,0.02484
28953,0.04745,-0.04913,0.03119
28954,0.02713,-0.04700,0.01987
28955,-0.00156,-0.03680,0.00479
28957,-0.03085,-0.01797,-0.00372
28958,-0.05170,0.00610,-0.00735
28959,-0.06091,0.02829,-0.01459
28960,-0.06287,0.04251,-0.02863
28961,-0.06403,0.04688,-0.04227
28963,-0.06589,0.04266,-0.04504
28964,-0.06381,0.03165,-0.03488
28965,-0.05243,0.01685,-0.02127
28966,-0.03113,0.00473,-0.01633
28967,-0.00406,0.00290,-0.02316
28969,0.02301,0.01318,-0.03326
28970,0.04428,0.02774,-0.03513
28971,0.05283,0.03464,-0.02484
28972,0.04193,0.02921,-0.00812
28973,0.01221,0.01895,0.00571
28975,-0.02267,0.01529,0.01016
28976,-0.04044,0.02094,0.00299
28977,-0.02530,0.02722,-0.01477
28978,0.01822,0.02463,-0.03815
28979,0.06668,0.01523,-0.05710
28980,0.09381,0.01184,-0.06052
28982,0.08759,0.02383,-0.04510
28983,0.05499,0.04468,-0.02084
28984,0.01334,0.05481,-0.00513
28985,-0.02124,0.03937,-0.00821
28986,-0.03925,0.00336,-0.02371
28988,-0.03799,-0.02997,-0.03317
28989,-0.02090,-0.03680,-0.02106
28990,0.00223,-0.01111,0.01331
28991,0.01837,0.03165,0.05621
28992,0.01895,0.06708,0.08911
28994,0.00644,0.07941,0.09863
28995,-0.00699,0.07031,0.08118
28996,-0.00989,0.05441,0.04276
28997,-0.00125,0.04657,-0.00363
28998,0.00992,0.05124,-0.04257
29000,0.01422,0.06012,-0.06247
29001,0.01108,0.05844,-0.06039
29002,0.00854,0.03625,-0.04239
29003,0.01404,-0.00229,-0.01895
29004,0.02646,-0.03830,0.00012
29005,0.03711,-0.04886,0.00809
29007,0.03806,-0.02408,0.00214
29008,0.02939,0.02219,-0.01486
29009,0.01810,0.05881,-0.03296
29010,0.01086,0.05960,-0.03836
29011,0.00897,0.02377,-0.02249
29013,0.00998,-0.02283,0.00986
29014,0.01349,-0.04865,0.04187
29015,0.02289,-0.04199,0.05679
29016,0.03995,-0.01822,0.05127
29017,0.05811,-0.00314,0.03729
29019,0.06375,-0.00906,0.03088
29020,0.04697,-0.02600,0.03741
29021,0.01315,-0.03473,0.04782
29022,-0.01755,-0.02646,0.04794
29023,-0.02411,-0.00928,0.03278
29025,-0.00119,0.00278,0.01132
29026,0.03677,0.00400,-0.00143
29027,0.06671,-0.00046,0.00204
29028,0.07336,-0.00385,0.01556
29029,0.05716,-0.00626,0.02499
29030,0.02933,-0.01218,0.02112
29032,0.00189,-0.02231,0.00763
29033,-0.01819,-0.03061,-0.00204
29034,-0.02856,-0.03067,0.00372
29035,-0.02863,-0.02280,0.02441
29036,-0.01901,-0.01276,0.04697
29038,-0.00323,-0.00372,0.05511
29039,0.01181,0.00687,0.04205
29040,0.01810,0.02100,0.01617
29041,0.01099,0.03214,-0.00494
29042,-0.00647,0.02783,-0.00739
29044,-0.02274,0.00323,0.00870
29045,-0.02350,-0.02969,0.02988
29046,-0.00241,-0.05005,0.04059
29047,0.03006,-0.04773,0.03531
29048,0.05032,-0.03406,0.02155
29050,0.03970,-0.03064,0.01193
29051,0.00296,-0.04623,0.01300
29052,-0.03143,-0.06580,0.02167
29053,-0.03479,-0.06418,0.03088
29054,-0.00644,-0.03110,0.03699
29055,0.02252,0.01779,0.04053
29057,0.01785,0.05426,0.04099
29058,-0.02185,0.06152,0.03354
29059,-0.05841,0.04541,0.01440
29060,-0.04724,0.02499,-0.01038
29061,0.01862,0.01453,-0.02444
29063,0.09705,0.01474,-0.01291
29064,0.13071,0.01804,0.02301
29065,0.09616,0.01770,0.06403
29066,0.02298,0.01181,0.08713
29067,-0.03445,0.00162,0.08313
29069,-0.04367,-0.00958,0.06100
29070,-0.01755,-0.01566,0.03616
29071,0.00491,-0.00833,0.01639
29072,-0.00214,0.01639,0.00024
29073,-0.02954,0.05124,-0.01337
29075,-0.04654,0.07834,-0.01862
29076,-0.03281,0.07977,-0.00885
29077,0.00195,0.04996,0.01166
29078,0.02783,0.00003,0.02682
29079,0.02203,-0.04944,0.02280
29080,-0.01187,-0.08032,0.00287
29082,-0.04840,-0.08496,-0.01379
29083,-0.06177,-0.06674,-0.01041
29084,-0.04492,-0.03629,0.01093
29085,-0.01196,-0.00687,0.03171
29086,0.01492,0.00967,0.03586
29088,0.02170,0.00769,0.02499
29089,0.01007,-0.00916,0.01480
29090,-0.00592,-0.02921,0.01788
29091,-0.01071,-0.04025,0.03116
29092,0.00208,-0.03769,0.04034
29094,0.02557,-0.02679,0.03555
29095,0.04459,-0.01633,0.02197
29096,0.04694,-0.01068,0.01480
29097,0.03229,-0.00809,0.02402
29098,0.01154,-0.00616,0.04303
29100,-0.00311,-0.00754,0.05225
29101,-0.00763,-0.01709,0.03516
29102,-0.00623,-0.03342,-0.00571
29103,-0.00333,-0.04486,-0.04739
29104,0.00323,-0.03714,-0.06253
29105,0.01883,-0.00742,-0.04089
29107,0.04245,0.03009,0.00189
29108,0.06171,0.05347,0.03677
29109,0.06024,0.04974,0.04510
29110,0.03165,0.02383,0.03232
29111,-0.01242,-0.00800,0.01935
29113,-0.04813,-0.03198,0.01987
29114,-0.05557,-0.04456,0.02628
29115,-0.03265,-0.04919,0.01819
29116,0.00403,-0.04877,-0.01392
29117,0.03131,-0.04236,-0.05380
29119,0.03537,-0.02823,-0.06949
29120,0.01971,-0.00800,-0.04156
29121,-0.00076,0.01343,0.01541
29122,-0.01398,0.03024,0.05975
29123,-0.01993,0.03787,0.05472
29125,-0.02655,0.03339,0.00021
29126,-0.03656,0.01630,-0.06451
29127,-0.04013,-0.00937,-0.09073
29128,-0.02264,-0.03442,-0.05878
29129,0.01776,-0.04764,0.00659
29130,0.06183,-0.04245,0.05713
29132,0.08002,-0.02243,0.05899
29133,0.05563,-0.00024,0.01645
29134,-0.00076,0.01004,-0.03625
29135,-0.05789,0.00302,-0.06409
29136,-0.08578,-0.01337,-0.05518
29138,-0.07462,-0.02325,-0.02313
29139,-0.03665,-0.01559,0.00882
29140,0.00620,0.00635,0.02585
29141,0.03711,0.02744,0.02808
29142,0.05090,0.03412,0.02509
29144,0.05063,0.02621,0.02509
29145,0.04108,0.01508,0.02802
29146,0.02551,0.00937,0.02655
29147,0.00711,0.00452,0.01471
29148,-0.00812,-0.01144,-0.00369
29150,-0.01184,-0.04056,-0.01434
29151,0.00131,-0.06577,-0.00256
29152,0.02814,-0.06314,0.03287
29153,0.05637,-0.02609,0.07477
29154,0.07156,0.02295,0.09790
29155,0.06604,0.04803,0.08691
29157,0.04358,0.03036,0.04721
29158,0.01648,-0.01416,0.00024
29159,-0.00168,-0.04752,-0.03189
29160,-0.00293,-0.04147,-0.03967
29161,0.01096,-0.00034,-0.02902
29163,0.02914,0.04425,-0.01437
29164,0.03781,0.06064,-0.00906
29165,0.02969,0.04163,-0.01770
29166,0.01105,0.00699,-0.03384
29167,-0.00192,-0.01584,-0.04401
29169,0.00293,-0.01419,-0.03705
29170,0.02145,0.00214,-0.01364
29171,0.03571,0.01242,0.01300
29172,0.03070,0.00354,0.02753
29173,0.00992,-0.01956,0.02600
29175,-0.00751,-0.03937,0.01898
29176,-0.00601,-0.04059,0.01953
29177,0.01028,-0.02194,0.02747
29178,0.02136,0.00400,0.02682
29179,0.01227,0.02118,0.00183
29180,-0.00992,0.02115,-0.04355
29182,-0.02029,0.00647,-0.08246
29183,0.00204,-0.01407,-0.08463
29184,0.05368,-0.03229,-0.04178
29185,0.10587,-0.04346,0.02390
29186,0.12411,-0.04468,0.07635
29188,0.09296,-0.03363,0.09222
29189,0.02734,-0.01111,0.07489
29190,-0.03757,0.01529,0.04562
29191,-0.07138,0.03201,0.02277
29192,-0.06940,0.02750,0.00854
29194,-0.05310,0.00189,-0.00626
29195,-0.04926,-0.03104,-0.02689
29196,-0.06519,-0.05231,-0.04544
29197,-0.08255,-0.05103,-0.04736
29198,-0.07626,-0.03134,-0.02722
29200,-0.04071,-0.00781,0.00226
29201,0.00192,0.00558,0.01834
29202,0.02069,0.00366,0.00742
29203,0.00436,-0.00946,-0.02142
29204,-0.02792,-0.02457,-0.04242
29205,-0.04474,-0.03162,-0.03406
29207,-0.03094,-0.02264,0.00278
29208,0.00031,0.00452,0.04547
29209,0.02289,0.04279,0.06842
29210,0.02432,0.07663,0.06311
29211,0.01672,0.08972,0.04257
29213,0.02197,0.07526,0.02728
29214,0.04636,0.03998,0.02664
29215,0.07111,-0.00183,0.03180
29216,0.06900,-0.03854,0.02582
29217,0.03152,-0.06644,0.00079
29219,-0.02026,-0.08649,-0.03339
29220,-0.05298,-0.09808,-0.05640
29221,-0.05060,-0.09723,-0.05481
29222,-0.02725,-0.08063,-0.03387
29223,-0.01102,-0.05121,-0.01355
29225,-0.01434,-0.01871,-0.01157
29226,-0.02206,0.00534,-0.02826
29227,-0.00885,0.01440,-0.04672
29228,0.03156,0.01151,-0.04803
29229,0.07639,0.00720,-0.02756
29230,0.09378,0.01263,0.00204
29232,0.07224,0.03052,0.02307
29233,0.03009,0.05219,0.02780
29234,-0.00302,0.06369,0.02252
29235,-0.01224,0.05762,0.01883
29236,-0.00525,0.04025,0.02200
29238,0.00183,0.02573,0.02820
29239,0.00211,0.02264,0.03018
29240,-0.00006,0.02539,0.02454
29241,-0.00015,0.02032,0.01303
29242,-0.00159,0.00098,-0.00037
29244,-0.01001,-0.02325,-0.01147
29245,-0.02225,-0.03442,-0.01593
29246,-0.02545,-0.02225,-0.01016
29247,-0.00980,0.00659,0.00449
29248,0.01898,0.03470,0.01944
29250,0.04218,0.04849,0.02307
29251,0.04431,0.04611,0.01010
29252,0.02704,0.03400,-0.01312
29253,0.00616,0.01840,-0.03403
29254,-0.00458,0.00204,-0.04523
29255,-0.00537,-0.01346,-0.05011
29257,-0.00595,-0.02454,-0.05569
29258,-0.01105,-0.02737,-0.06097
29259,-0.01285,-0.02176,-0.05450
29260,-0.00027,-0.01169,-0.02634
29261,0.02414,-0.00238,0.01764
29263,0.03952,0.00287,0.05511
29264,0.02246,0.00302,0.06378
29265,-0.02951,-0.00150,0.04065
29266,-0.09036,-0.00854,0.00546
29267,-0.12354,-0.01392,-0.01562
29269,-0.11099,-0.01318,-0.01117
29270,-0.06723,-0.00525,0.00861
29271,-0.02536,0.00586,0.02463
29272,-0.00851,0.01373,0.02780
29273,-0.01279,0.01395,0.02591
29275,-0.01559,0.00644,0.03329
29276,0.00085,-0.00549,0.05420
29277,0.03394,-0.01685,0.07654
29278,0.06549,-0.02176,0.08163
29279,0.07950,-0.01602,0.06091
29280,0.07449,-0.00092,0.02393
29282,0.06100,0.01434,-0.00928
29283,0.04971,0.01794,-0.02371
29284,0.04330,0.00601,-0.01999
29285,0.03717,-0.01111,-0.01102
29286,0.02570,-0.01624,-0.00934
29288,0.00684,-0.00140,-0.01697
29289,-0.01727,0.02258,-0.02621
29290,-0.04135,0.03528,-0.02829
29291,-0.05795,0.02707,-0.02100
29292,-0.05994,0.01065,-0.00821
29294,-0.04520,0.00955,0.00589
29295,-0.02029,0.03284,0.02017
29296,0.00259,0.06122,0.03445
29297,0.01462,0.06125,0.04529
29298,0.01822,0.01642,0.04669
29300,0.02444,-0.05447,0.03528
29301,0.04102,-0.11029,0.01456
29302,0.06168,-0.12082,-0.00717
29303,0.06979,-0.08926,-0.02292
29304,0.05475,-0.04376,-0.03107
29305,0.02588,-0.01041,-0.03387
29307,0.00800,0.00461,-0.03394
29308,0.01981,0.00821,-0.03284
29309,0.05435,0.00305,-0.03189
29310,0.08221,-0.01651,-0.03207
29311,0.07672,-0.04993,-0.03217
29313,0.03891,-0.07812,-0.02850
29314,-0.00208,-0.07324,-0.01926
29315,-0.01450,-0.02600,-0.00845
29316,0.00824,0.03821,-0.00333
29317,0.04330,0.07465,-0.00510
29319,0.06015,0.05527,-0.00412
29320,0.04669,-0.00772,0.01215
29321,0.01617,-0.07224,0.04358
29322,-0.00818,-0.09967,0.07120
29323,-0.01346,-0.08121,0.07086
29325,-0.00342,-0.03741,0.03604
29326,0.01028,0.00269,-0.01251
29327,0.01935,0.02176,-0.04297
29328,0.02197,0.01883,-0.03940
29329,0.01868,0.00232,-0.01486
29330,0.00870,-0.01852,0.00241
29332,-0.00955,-0.03683,-0.00543
29333,-0.03665,-0.04828,-0.03226
29334,-0.07086,-0.05090,-0.05652
29335,-0.10730,-0.04501,-0.06042
29336,-0.13614,-0.03256,-0.04089
29338,-0.14380,-0.01627,-0.00699
29339,-0.12085,-0.00061,0.02927
29340,-0.07233,0.00766,0.05817
29341,-0.01993,0.00238,0.07330
29342,0.01099,-0.01587,0.07239
29344,0.01065,-0.03619,0.05856
29345,-0.00726,-0.04340,0.03909
29346,-0.01855,-0.03101,0.01984
29347,-0.01096,-0.01016,0.00107
29348,0.00555,-0.00317,-0.01959
29350,0.01007,-0.02408,-0.03943
29351,-0.00693,-0.06259,-0.04727
29352,-0.03326,-0.08792,-0.03113
29353,-0.04639,-0.07291,0.00830
29354,-0.03568,-0.01935,0.05234
29355,-0.01370,0.03888,0.07446
29357,-0.00525,0.06042,0.05997
29358,-0.02359,0.03003,0.01779
29359,-0.05576,-0.02780,-0.02542
29360,-0.07095,-0.06799,-0.04474
29361,-0.04587,-0.06174,-0.03305
29363,0.01462,-0.01920,-0.00168
29364,0.07883,0.02164,0.03198
29365,0.11218,0.02884,0.05673
29366,0.10294,0.00266,0.06970
29367,0.06909,-0.02954,0.07089
29369,0.04044,-0.04135,0.05927
29370,0.03250,-0.03046,0.03589
29371,0.03549,-0.01517,0.00778
29372,0.02753,-0.01184,-0.01364
29373,-0.00034,-0.01819,-0.02023
29375,-0.03189,-0.01947,-0.01199
29376,-0.03836,-0.00784,0.00534
29377,-0.00562,0.00775,0.02573
29378,0.04877,0.01196,0.04355
29379,0.08582,0.00143,0.05002
29380,0.07562,-0.01013,0.03436
29382,0.02286,-0.00595,-0.00595
29383,-0.03479,0.01587,-0.05515
29384,-0.05515,0.03946,-0.08453
29385,-0.02472,0.04614,-0.07468
29386,0.03098,0.03159,-0.03488
29388,0.06738,0.00851,0.00171
29389,0.05551,-0.00647,0.00571
29390,0.00351,-0.00735,-0.02289
29391,-0.05038,-0.00119,-0.05637
29392,-0.06674,0.00140,-0.06628
29394,-0.03290,-0.00366,-0.04843
29395,0.02951,-0.01273,-0.02264
29396,0.08090,-0.02011,-0.01038
29397,0.09036,-0.02274,-0.01398
29398,0.05432,-0.01944,-0.01675
29400,-0.00378,-0.00888,-0.00107
29401,-0.05121,0.00900,0.03394
29402,-0.06775,0.02899,0.07004
29403,-0.05740,0.04092,0.08237
29404,-0.04230,0.03705,0.05756
29405,-0.04407,0.01926,0.00461
29407,-0.06635,-0.00168,-0.04755
29408,-0.09195,-0.01511,-0.06738
29409,-0.09628,-0.01791,-0.04272
29410,-0.06689,-0.01288,0.00833
29411,-0.01382,-0.00214,0.04901
29413,0.03632,0.01477,0.05182
29414,0.05841,0.03427,0.01965
29415,0.04523,0.04492,-0.01831
29416,0.01099,0.03476,-0.03281
29417,-0.02023,0.00586,-0.01849
29419,-0.03156,-0.02194,0.00565
29420,-0.02368,-0.02667,0.01697
29421,-0.01083,-0.00668,0.00906
29422,-0.00662,0.01407,-0.00674
29423,-0.01276,0.00677,-0.01569
29425,-0.02045,-0.03372,-0.01187
29426,-0.02203,-0.08093,0.00235
29427,-0.02036,-0.09882,0.02460
29428,-0.02448,-0.07355,0.05505
29429,-0.03589,-0.02573,0.08954
29430,-0.04083,0.00842,0.11377
29432,-0.02045,0.00818,0.10962
29433,0.02856,-0.01624,0.07129
29434,0.08331,-0.03616,0.01547
29435,0.10822,-0.03149,-0.02734
29436,0.08386,-0.00659,-0.03580
29438,0.02527,0.01718,-0.01532
29439,-0.02905,0.02295,0.00674
29440,-0.04834,0.01230,0.00458
29441,-0.03372,0.00012,-0.02405
29442,-0.01328,-0.00226,-0.05713
29444,-0.01349,0.00296,-0.06854
29445,-0.03430,0.00568,-0.05042
29446,-0.05084,0.00128,-0.01770
29447,-0.03925,-0.00372,0.00665
29448,-0.00073,0.00012,0.01129
29450,0.03824,0.01358,0.00275
29451,0.04984,0.02655,-0.00385
29452,0.02942,0.02814,0.00098
29453,-0.00201,0.01724,0.01529
29454,-0.01862,0.00281,0.03043
29455,-0.01352,-0.00555,0.03928
29457,-0.00327,-0.00580,0.04007
29458,-0.00946,-0.00281,0.03540
29459,-0.03571,-0.00146,0.03003
29460,-0.06180,-0.00241,0.02945
29461,-0.06116,-0.00403,0.03717
29463,-0.02551,-0.00604,0.05078
29464,0.02527,-0.00998,0.05972
29465,0.05783,-0.01617,0.05048
29466,0.05197,-0.02249,0.01752
29467,0.01678,-0.02597,-0.02844
29469,-0.01788,-0.02505,-0.06458
29470,-0.02747,-0.01910,-0.07123
29471,-0.01355,-0.00735,-0.04697
29472,-0.00122,0.00955,-0.00955
29473,-0.01532,0.02612,0.01837
29475,-0.05634,0.03250,0.02621
29476,-0.09824,0.02197,0.02032
29477,-0.11044,-0.00058,0.01385
29478,-0.08459,-0.01953,0.01285
29479,-0.04221,-0.02090,0.01291
29480,-0.01630,-0.00562,0.00787
29482,-0.02371,0.01004,-0.00067
29483,-0.05182,0.00961,-0.00366
29484,-0.07028,-0.00696,0.00586
29485,-0.05630,-0.02185,0.02527
29486,-0.01227,-0.01599,0.04422
29488,0.03726,0.01175,0.05276
29489,0.06467,0.04132,0.04697
29490,0.05893,0.04770,0.02835
29491,0.03186,0.02179,0.00183
29492,0.00763,-0.02216,-0.02444
29494,0.00381,-0.05835,-0.03967
29495,0.01810,-0.06833,-0.03616
29496,0.03049,-0.05130,-0.01700
29497,0.02020,-0.02075,0.00320
29498,-0.01541,0.00659,0.00970
29500,-0.05542,0.01953,0.00214
29501,-0.06924,0.01614,-0.00244
29502,-0.03937,0.00360,0.01569
29503,0.02393,-0.00473,0.05899
29504,0.08847,0.00311,0.10590
29505,0.12137,0.02808,0.12482
29507,0.10965,0.05585,0.09821
29508,0.06558,0.06580,0.03766
29509,0.01523,0.04797,-0.02191
29510,-0.01959,0.01288,-0.04507
29511,-0.03232,-0.01657,-0.01999
29513,-0.02957,-0.02487,0.03308
29514,-0.02118,-0.01624,0.07559
29515,-0.01196,-0.00674,0.07791
29516,-0.00183,-0.00632,0.04013
29517,0.00867,-0.00983,-0.00998
29519,0.01511,-0.00693,-0.04065
29520,0.01245,0.00259,-0.04120
29521,0.00137,0.00723,-0.02643
29522,-0.01019,-0.00104,-0.01788
29523,-0.01315,-0.01364,-0.02164
29525,-0.00500,-0.01178,-0.02432
29526,0.00922,0.01175,-0.01035
29527,0.02328,0.03992,0.01965
29528,0.03549,0.04437,0.04816
29529,0.04675,0.01425,0.05783
29530,0.05386,-0.02924,0.04745
29532,0.04849,-0.04849,0.03049
29533,0.02637,-0.02328,0.01962
29534,-0.00363,0.02921,0.01440
29535,-0.02264,0.06741,0.00443
29536,-0.01880,0.05966,-0.01700
29538,-0.00058,0.00974,-0.04358
29539,0.00903,-0.04800,-0.06061
29540,-0.00476,-0.07773,-0.05795
29541,-0.03192,-0.06940,-0.03857
29542,-0.04544,-0.04202,-0.01553
29544,-0.02808,-0.02222,-0.00067
29545,0.00888,-0.01984,0.00412
29546,0.03528,-0.02231,0.00620
29547,0.03143,-0.01227,0.01337
29548,0.00809,0.01096,0.02560
29550,-0.00400,0.02728,0.03391
29551,0.01483,0.01532,0.02737
29552,0.05225,-0.02377,0.00266
29553,0.07431,-0.06198,-0.03220
29554,0.05725,-0.06635,-0.06168
29555,0.00983,-0.02805,-0.07199
29557,-0.03409,0.02829,-0.05820
29558,-0.04498,0.06406,-0.02563
29559,-0.02039,0.05811,0.01398
29560,0.01712,0.02213,0.04803
29561,0.04108,-0.01157,0.06714
29563,0.03943,-0.01855,0.06735
29564,0.01572,-0.00092,0.05057
29565,-0.02017,0.01791,0.02353
29566,-0.05872,0.01602,-0.00449
29567,-0.08948,-0.00778,-0.02496
29569,-0.09988,-0.03439,-0.03241
29570,-0.08127,-0.04282,-0.02570
29571,-0.03827,-0.02899,-0.00769
29572,0.01019,-0.00864,0.01501
29573,0.04266,-0.00165,0.03357
29575,0.04968,-0.01358,0.04004
29576,0.03827,-0.03067,0.03131
29577,0.02332,-0.03369,0.01172
29578,0.01608,-0.01605,-0.00864
29579,0.01974,0.01022,-0.01968
29580,0.03189,0.02661,-0.01801
29582,0.04666,0.02457,-0.00900
29583,0.05496,0.01047,-0.00189
29584,0.04742,-0.00406,-0.00095
29585,0.02304,-0.01407,-0.00021
29586,-0.00497,-0.02185,0.01175
29588,-0.01700,-0.02798,0.03925
29589,-0.00598,-0.02628,0.06961
29590,0.01126,-0.01080,0.07809
29591,0.00662,0.01233,0.04727
29592,-0.03009,0.02490,-0.01419
29594,-0.07416,0.01202,-0.07178
29595,-0.08246,-0.02124,-0.08771
29596,-0.03192,-0.05045,-0.04919
29597,0.05533,-0.05209,0.02136
29598,0.12604,-0.02435,0.08273
29600,0.13791,0.01160,0.10342
29601,0.09232,0.03140,0.07916
29602,0.02972,0.02896,0.02893
29603,-0.00555,0.01892,-0.02225
29604,0.00095,0.01962,-0.05725
29605,0.02866,0.03415,-0.06979
29607,0.04453,0.04828,-0.06152
29608,0.03091,0.04547,-0.03986
29609,-0.00296,0.02341,-0.01657
29610,-0.03177,-0.00421,-0.00357
29611,-0.03558,-0.02081,-0.00583
29613,-0.01508,-0.02103,-0.01834
29614,0.00943,-0.01297,-0.03146
29615,0.01498,-0.00864,-0.03961
29616,-0.00421,-0.01334,-0.04361
29617,-0.02972,-0.02362,-0.04425
29619,-0.03226,-0.03329,-0.03586
29620,0.00317,-0.03867,-0.01068
29621,0.06238,-0.03879,0.02853
29622,0.11127,-0.03268,0.06235
29623,0.12363,-0.01935,0.06662
29625,0.10165,-0.00150,0.03415
29626,0.07074,0.01276,-0.01450
29627,0.05362,0.01373,-0.04526
29628,0.04999,-0.00186,-0.03885
29629,0.04123,-0.02631,-0.00687
29630,0.01389,-0.04480,0.01981
29632,-0.02399,-0.04553,0.01901
29633,-0.05127,-0.02841,-0.00488
29634,-0.05661,-0.00531,-0.02905
29635,-0.04999,0.00858,-0.03577
29636,-0.04996,0.00629,-0.02753
29638,-0.06152,-0.00443,-0.01956
29639,-0.06931,-0.00668,-0.02069
29640,-0.05460,0.01184,-0.02280
29641,-0.01715,0.04654,-0.00995
29642,0.02182,0.07648,0.02347
29644,0.03940,0.07925,0.06384
29645,0.03244,0.04883,0.08777
29646,0.01871,0.00095,0.08084
29647,0.01740,-0.03918,0.04868
29648,0.03027,-0.05603,0.01218
29650,0.04208,-0.05316,-0.00809
29651,0.03781,-0.04507,-0.00491
29652,0.01837,-0.04141,0.01382
29653,-0.00098,-0.03860,0.03375
29654,-0.00546,-0.02631,0.04416
29655,0.00662,-0.00095,0.04260
29657,0.02438,0.02750,0.03226
29658,0.03491,0.04202,0.01660
29659,0.03226,0.03259,-0.00299
29660,0.01880,0.00534,-0.02533
29661,0.00104,-0.02042,-0.04602
29663,-0.01431,-0.02576,-0.05756
29664,-0.02173,-0.00644,-0.05383
29665,-0.01810,0.02319,-0.03577
29666,-0.00519,0.04071,-0.01205
29667,0.00964,0.03336,0.00604
29669,0.01657,0.00900,0.01196
29670,0.00946,-0.01031,0.00674
29671,-0.00970,-0.00742,-0.00348
29672,-0.03177,0.01440,-0.01279
29673,-0.04587,0.03421,-0.01797
29675,-0.04547,0.03271,-0.01813
29676,-0.03116,0.00970,-0.01306
29677,-0.00934,-0.01620,-0.00375
29678,0.01218,-0.02530,0.00677
29679,0.02832,-0.01410,0.01398
29680,0.03851,0.00327,0.01431
29682,0.04449,0.00894,0.00745
29683,0.04648,-0.00363,-0.00400
29684,0.04221,-0.02698,-0.01678
29685,0.03021,-0.04813,-0.02936
29686,0.01443,-0.05798,-0.04193
29688,0.00427,-0.05411,-0.05380
29689,0.00821,-0.03879,-0.06104
29690,0.02551,-0.01721,-0.05740
29691,0.04471,0.00247,-0.03973
29692,0.05145,0.01117,-0.01389
29694,0.03949,0.00458,0.00510
29695,0.01587,-0.01111,0.00256
29696,-0.00482,-0.02075,-0.02267
29697,-0.01190,-0.01038,-0.05313
29698,-0.00647,0.02069,-0.06345
29700,0.00159,0.05630,-0.04025
29701,0.00366,0.07297,0.00604
29702,0.00092,0.05670,0.04855
29703,0.00281,0.01450,0.06476
29704,0.01605,-0.02875,0.05255
29705,0.03476,-0.04761,0.02823
29707,0.04227,-0.03510,0.01031
29708,0.02554,-0.00797,0.00562
29709,-0.01007,0.00659,0.00827
29710,-0.04102,-0.00604,0.00961
29711,-0.04337,-0.03439,0.00714
29713,-0.01392,-0.04956,0.00537
29714,0.02484,-0.02969,0.01004
29715,0.04224,0.01996,0.02255
29716,0.02469,0.06931,0.03906
29717,-0.01328,0.08701,0.05280
29719,-0.04163,0.06503,0.05716
29720,-0.03928,0.02274,0.04843
29721,-0.00894,-0.01166,0.02768
29722,0.02771,-0.02435,0.00122
29723,0.04752,-0.02274,-0.02139
29725,0.03961,-0.02209,-0.03183
29726,0.00751,-0.02768,-0.02747
29727,-0.03690,-0.03131,-0.01233
29728,-0.07870,-0.02393,0.00623
29729,-0.10330,-0.00879,0.02161
29730,-0.10019,-0.00018,0.02975
29732,-0.06915,-0.00845,0.02777
29733,-0.02332,-0.02798,0.01300
29734,0.01706,-0.04065,-0.01358
29735,0.03824,-0.03217,-0.04282
29736,0.04276,-0.00494,-0.05838
29738,0.04578,0.02402,-0.04715
29739,0.06049,0.03711,-0.01184
29740,0.08530,0.02853,0.02695
29741,0.10510,0.00620,0.04486
29742,0.10449,-0.01624,0.03363
29744,0.08069,-0.02869,0.00797
29745,0.04535,-0.02921,-0.00739
29746,0.01517,-0.02261,0.00061
29747,0.00012,-0.01633,0.02405
29748,-0.00113,-0.01541,0.04462
29750,0.00165,-0.01999,0.05176
29751,-0.00272,-0.02567,0.05032
29752,-0.02023,-0.02768,0.05118
29753,-0.04788,-0.02560,0.05814
29754,-0.07376,-0.02390,0.06506
29755,-0.08237,-0.02759,0.06461
29757,-0.06378,-0.03592,0.05664
29758,-0.02127,-0.04138,0.04678
29759,0.02930,-0.03574,0.03802
29760,0.06845,-0.01883,0.02710
29761,0.08441,-0.00076,0.01013
29763,0.07764,0.00580,-0.00946
29764,0.05627,-0.00278,-0.02155
29765,0.02832,-0.01703,-0.01874
29766,-0.00220,-0.02267,-0.00464
29767,-0.03229,-0.01422,0.00851
29769,-0.05594,-0.00003,0.01117
29770,-0.06461,0.00690,0.00485
29771,-0.05304,0.00269,-0.00046
29772,-0.02524,-0.00357,0.00311
29773,0.00552,-0.00064,0.01328
29775,0.02332,0.01096,0.01962
29776,0.01849,0.01834,0.01294
29777,-0.00742,0.00995,-0.00696
29778,-0.04349,-0.01093,-0.03061
29779,-0.07538,-0.02826,-0.04510
29780,-0.09137,-0.02936,-0.04175
29782,-0.08569,-0.01746,-0.02100
29783,-0.05896,-0.00732,0.00739
29784,-0.01715,-0.00848,0.02899
29785,0.02957,-0.01547,0.03284
29786,0.06940,-0.01559,0.01843
29788,0.09296,-0.00516,-0.00308
29789,0.09763,0.00510,-0.01614
29790,0.08878,0.00244,-0.01151
29791,0.07535,-0.01175,0.00684
29792,0.06281,-0.02103,0.02484
29794,0.04990,-0.01135,0.02908
29795,0.03333,0.01169,0.01675
29796,0.01541,0.02509,-0.00302
29797,0.00558,0.01038,-0.01755
29798,0.01099,-0.02658,-0.02121
29800,0.02576,-0.05835,-0.01962
29801,0.03259,-0.05960,-0.02325
29802,0.01898,-0.02951,-0.03616
29803,-0.00674,0.00806,-0.05054
29804,-0.01904,0.02560,-0.05255
29805,0.00082,0.01495,-0.03500
29807,0.04251,-0.00763,-0.00485
29808,0.07117,-0.01642,0.02176
29809,0.05814,0.00305,0.03253
29810,0.00900,0.04343,0.02777
29811,-0.03943,0.08081,0.01752
29813,-0.05237,0.09067,0.01089
29814,-0.02869,0.06299,0.00919
29815,0.00027,0.00854,0.00815
29816,0.00317,-0.04691,0.00497
29817,-0.02036,-0.07733,0.00156
29819,-0.04016,-0.07147,0.00143
29820,-0.02701,-0.03925,0.00531
29821,0.01675,-0.00476,0.01089
29822,0.05722,0.00940,0.01584
29823,0.05945,-0.00424,0.01877
29825,0.01987,-0.03580,0.01721
29826,-0.02957,-0.06622,0.00687
29827,-0.04889,-0.07977,-0.01437
